_id,cultivo_nombre,anio,campania,provincia_nombre,provincia_id,departamento_nombre,departamento_id,superficie_sembrada_ha,superficie_cosechada_ha,produccion_tm,rendimiento_kgxha
1,soja 1ra,2000,2000/01,Buenos Aires,6,Adolfo Alsina,6007,19800,19800,32900,1662
2,soja 1ra,2000,2000/01,Buenos Aires,6,Adolfo Gonzales Chaves,6014,19500,19500,27300,1400
3,soja 1ra,2000,2000/01,Buenos Aires,6,Alberti,6021,9000,7200,20200,2806
4,soja 1ra,2000,2000/01,Buenos Aires,6,Ayacucho,6042,1500,1450,2200,1517
5,soja 1ra,2000,2000/01,Buenos Aires,6,Azul,6049,39000,38200,70700,1851
6,soja 1ra,2000,2000/01,Buenos Aires,6,Balcarce,6063,18000,17600,31700,1801
7,soja 1ra,2000,2000/01,Buenos Aires,6,Baradero,6070,39000,39000,124800,3200
8,soja 1ra,2000,2000/01,Buenos Aires,6,Arrecifes,6077,54000,54000,167400,3100
9,soja 1ra,2000,2000/01,Buenos Aires,6,Benito Juárez,6084,16000,15650,26600,1700
10,soja 1ra,2000,2000/01,Buenos Aires,6,Bolívar,6105,20000,17000,30600,1800
11,soja 1ra,2000,2000/01,Buenos Aires,6,Bragado,6112,20000,16490,46200,2802
12,soja 1ra,2000,2000/01,Buenos Aires,6,Campana,6126,3700,3700,11100,3000
13,soja 1ra,2000,2000/01,Buenos Aires,6,Cañuelas,6134,1080,1080,3500,3241
14,soja 1ra,2000,2000/01,Buenos Aires,6,Capitán Sarmiento,6140,25000,25000,80000,3200
15,soja 1ra,2000,2000/01,Buenos Aires,6,Carlos Casares,6147,42000,40000,108000,2700
16,soja 1ra,2000,2000/01,Buenos Aires,6,Carlos Tejedor,6154,25500,24000,60000,2500
17,soja 1ra,2000,2000/01,Buenos Aires,6,Carmen de Areco,6161,16000,16000,51200,3200
18,soja 1ra,2000,2000/01,Buenos Aires,6,Castelli,6168,500,480,700,1458
19,soja 1ra,2000,2000/01,Buenos Aires,6,Colón,6175,40000,40000,136000,3400
20,soja 1ra,2000,2000/01,Buenos Aires,6,Coronel Dorrego,6189,6500,6500,5900,908
21,soja 1ra,2000,2000/01,Buenos Aires,6,Coronel Pringles,6196,12000,12000,16800,1400
22,soja 1ra,2000,2000/01,Buenos Aires,6,Coronel Suárez,6203,35000,34600,86500,2500
23,soja 1ra,2000,2000/01,Buenos Aires,6,Chacabuco,6210,34000,33500,100500,3000
24,soja 1ra,2000,2000/01,Buenos Aires,6,Chascomús,6218,1440,1440,4600,3194
25,soja 1ra,2000,2000/01,Buenos Aires,6,Chivilcoy,6224,10000,8330,23300,2797
26,soja 1ra,2000,2000/01,Buenos Aires,6,Daireaux,6231,36250,36250,68900,1901
27,soja 1ra,2000,2000/01,Buenos Aires,6,Dolores,6238,500,480,700,1458
28,soja 1ra,2000,2000/01,Buenos Aires,6,Exaltación de la Cruz,6266,8800,8800,26400,3000
29,soja 1ra,2000,2000/01,Buenos Aires,6,Florentino Ameghino,6277,16000,15500,43400,2800
30,soja 1ra,2000,2000/01,Buenos Aires,6,General Alvarado,6280,4000,3900,6800,1744
31,soja 1ra,2000,2000/01,Buenos Aires,6,General Alvear,6287,10000,9000,17100,1900
32,soja 1ra,2000,2000/01,Buenos Aires,6,General Arenales,6294,27000,26500,84800,3200
33,soja 1ra,2000,2000/01,Buenos Aires,6,General Belgrano,6301,1620,1620,5000,3086
34,soja 1ra,2000,2000/01,Buenos Aires,6,General Juan Madariaga,6315,1200,1160,1900,1638
35,soja 1ra,2000,2000/01,Buenos Aires,6,General La Madrid,6322,7000,6650,13300,2000
36,soja 1ra,2000,2000/01,Buenos Aires,6,General Las Heras,6329,200,200,600,3000
37,soja 1ra,2000,2000/01,Buenos Aires,6,General Pinto,6351,25000,24500,68600,2800
38,soja 1ra,2000,2000/01,Buenos Aires,6,General Pueyrredón,6357,1700,1650,2900,1758
39,soja 1ra,2000,2000/01,Buenos Aires,6,General Rodríguez,6364,200,200,600,3000
40,soja 1ra,2000,2000/01,Buenos Aires,6,General Viamonte,6385,30000,29500,82600,2800
41,soja 1ra,2000,2000/01,Buenos Aires,6,General Villegas,6392,70000,69600,194900,2800
42,soja 1ra,2000,2000/01,Buenos Aires,6,Guaminí,6399,13000,12950,24100,1861
43,soja 1ra,2000,2000/01,Buenos Aires,6,Hipólito Yrigoyen,6406,10400,8900,16000,1798
44,soja 1ra,2000,2000/01,Buenos Aires,6,Junín,6413,30000,29600,88800,3000
45,soja 1ra,2000,2000/01,Buenos Aires,6,Laprida,6448,5800,5800,8700,1500
46,soja 1ra,2000,2000/01,Buenos Aires,6,Las Flores,6455,720,648,1200,1852
47,soja 1ra,2000,2000/01,Buenos Aires,6,Leandro N. Alem,6462,19000,18500,51800,2800
48,soja 1ra,2000,2000/01,Buenos Aires,6,Lincoln,6469,30000,29000,81200,2800
49,soja 1ra,2000,2000/01,Buenos Aires,6,Lobería,6476,13000,12700,21600,1701
50,soja 1ra,2000,2000/01,Buenos Aires,6,Lobos,6483,3600,3600,11200,3111
51,soja 1ra,2000,2000/01,Buenos Aires,6,Luján,6497,4500,4300,12900,3000
52,soja 1ra,2000,2000/01,Buenos Aires,6,Maipú,6511,2000,1930,3100,1606
53,soja 1ra,2000,2000/01,Buenos Aires,6,Mar Chiquita,6518,700,670,1100,1642
54,soja 1ra,2000,2000/01,Buenos Aires,6,Marcos Paz,6525,200,200,600,3000
55,soja 1ra,2000,2000/01,Buenos Aires,6,Mercedes,6532,4850,4700,12200,2596
56,soja 1ra,2000,2000/01,Buenos Aires,6,Monte,6547,1080,930,2900,3118
57,soja 1ra,2000,2000/01,Buenos Aires,6,Navarro,6574,3060,2910,9300,3196
58,soja 1ra,2000,2000/01,Buenos Aires,6,Necochea,6581,20500,20500,30800,1502
59,soja 1ra,2000,2000/01,Buenos Aires,6,9 de Julio,6588,55000,42240,109800,2599
60,soja 1ra,2000,2000/01,Buenos Aires,6,Olavarría,6595,31500,31500,63000,2000
61,soja 1ra,2000,2000/01,Buenos Aires,6,Pehuajó,6609,39500,38000,102600,2700
62,soja 1ra,2000,2000/01,Buenos Aires,6,Pellegrini,6616,4700,4700,9000,1915
63,soja 1ra,2000,2000/01,Buenos Aires,6,Pergamino,6623,135000,135000,432000,3200
64,soja 1ra,2000,2000/01,Buenos Aires,6,Pilar,6638,200,200,600,3000
65,soja 1ra,2000,2000/01,Buenos Aires,6,Puán,6651,5000,4850,8730,1800
66,soja 1ra,2000,2000/01,Buenos Aires,6,Ramallo,6665,48000,48000,144000,3000
67,soja 1ra,2000,2000/01,Buenos Aires,6,Rauch,6672,3200,3120,4800,1538
68,soja 1ra,2000,2000/01,Buenos Aires,6,Rivadavia,6679,44200,43000,120400,2800
69,soja 1ra,2000,2000/01,Buenos Aires,6,Rojas,6686,36000,35900,125700,3501
70,soja 1ra,2000,2000/01,Buenos Aires,6,Roque Pérez,6693,2520,2520,8100,3214
71,soja 1ra,2000,2000/01,Buenos Aires,6,Saavedra,6700,8000,7650,15300,2000
72,soja 1ra,2000,2000/01,Buenos Aires,6,Saladillo,6707,4680,4680,15000,3205
73,soja 1ra,2000,2000/01,Buenos Aires,6,Salto,6714,64000,64000,211200,3300
74,soja 1ra,2000,2000/01,Buenos Aires,6,Salliqueló,6721,5700,5620,9600,1708
75,soja 1ra,2000,2000/01,Buenos Aires,6,San Andrés de Giles,6728,10000,9900,29700,3000
76,soja 1ra,2000,2000/01,Buenos Aires,6,San Antonio de Areco,6735,35500,35500,117200,3301
77,soja 1ra,2000,2000/01,Buenos Aires,6,San Cayetano,6742,6500,6500,6500,1000
78,soja 1ra,2000,2000/01,Buenos Aires,6,San Nicolás,6763,32500,32500,97500,3000
79,soja 1ra,2000,2000/01,Buenos Aires,6,San Pedro,6770,41000,41000,118900,2900
80,soja 1ra,2000,2000/01,Buenos Aires,6,Suipacha,6784,3000,2850,8000,2807
81,soja 1ra,2000,2000/01,Buenos Aires,6,Tandil,6791,41000,40200,72400,1801
82,soja 1ra,2000,2000/01,Buenos Aires,6,Tapalqué,6798,900,900,1700,1889
83,soja 1ra,2000,2000/01,Buenos Aires,6,Tornquist,6819,3500,3250,5850,1800
84,soja 1ra,2000,2000/01,Buenos Aires,6,Trenque Lauquen,6826,46600,45000,117000,2600
85,soja 1ra,2000,2000/01,Buenos Aires,6,Tres Arroyos,6833,18500,18500,27800,1503
86,soja 1ra,2000,2000/01,Buenos Aires,6,Tres Lomas,6847,4600,4500,7700,1711
87,soja 1ra,2000,2000/01,Buenos Aires,6,25 de Mayo,6854,8280,6580,21100,3207
88,soja 1ra,2000,2000/01,Buenos Aires,6,Zárate,6882,20000,20000,58000,2900
89,soja 1ra,2000,2000/01,Chaco,22,Almirante Brown,22007,23290,23290,48909,2100
90,soja 1ra,2000,2000/01,Chaco,22,Bermejo,22014,1335,1335,2670,2000
91,soja 1ra,2000,2000/01,Chaco,22,Comandante Fernández,22021,22875,22418,44835,2000
92,soja 1ra,2000,2000/01,Chaco,22,Chacabuco,22028,26600,26600,55860,2100
93,soja 1ra,2000,2000/01,Chaco,22,12 de Octubre,22036,30500,30500,64050,2100
94,soja 1ra,2000,2000/01,Chaco,22,2 de Abril,22039,16675,16675,35018,2100
95,soja 1ra,2000,2000/01,Chaco,22,Fray Justo Santa María de Oro,22043,18575,18575,37150,2000
96,soja 1ra,2000,2000/01,Chaco,22,General Belgrano,22049,21450,21450,42900,2000
97,soja 1ra,2000,2000/01,Chaco,22,General Donovan,22056,5000,5000,10500,2100
98,soja 1ra,2000,2000/01,Chaco,22,General Güemes,22063,3525,3525,7050,2000
99,soja 1ra,2000,2000/01,Chaco,22,Independencia,22070,15350,15350,30700,2000
100,soja 1ra,2000,2000/01,Chaco,22,Libertad,22077,2525,2525,5303,2100
101,soja 1ra,2000,2000/01,Chaco,22,Libertador General San Martín,22084,16100,16100,32200,2000
102,soja 1ra,2000,2000/01,Chaco,22,Maipú,22091,17625,17625,35250,2000
103,soja 1ra,2000,2000/01,Chaco,22,Mayor Luis J. Fontana,22098,17150,17150,34300,2000
104,soja 1ra,2000,2000/01,Chaco,22,9 de Julio,22105,26450,26450,55545,2100
105,soja 1ra,2000,2000/01,Chaco,22,O'Higgins,22112,18825,17319,34638,2000
106,soja 1ra,2000,2000/01,Chaco,22,Presidencia de la Plaza,22119,3000,3000,5700,1900
107,soja 1ra,2000,2000/01,Chaco,22,Quitilipi,22133,18100,18100,36200,2000
108,soja 1ra,2000,2000/01,Chaco,22,San Fernando,22140,8100,8100,17010,2100
109,soja 1ra,2000,2000/01,Chaco,22,San Lorenzo,22147,8675,7952,15904,2000
110,soja 1ra,2000,2000/01,Chaco,22,Sargento Cabral,22154,4810,4810,10582,2200
111,soja 1ra,2000,2000/01,Chaco,22,25 de Mayo,22168,2715,2715,5159,1900
112,soja 1ra,2000,2000/01,Córdoba,14,Calamuchita,14007,39000,37050,92600,2499
113,soja 1ra,2000,2000/01,Córdoba,14,Capital,14014,3000,3000,8100,2700
114,soja 1ra,2000,2000/01,Córdoba,14,Colón,14021,60000,59500,178500,3000
115,soja 1ra,2000,2000/01,Córdoba,14,General Roca,14035,30000,28000,64100,2289
116,soja 1ra,2000,2000/01,Córdoba,14,General San Martín,14042,50000,50000,125000,2500
117,soja 1ra,2000,2000/01,Córdoba,14,Ischilín,14049,22000,21800,61000,2798
118,soja 1ra,2000,2000/01,Córdoba,14,Juárez Celman,14056,170000,153000,290700,1900
119,soja 1ra,2000,2000/01,Córdoba,14,Marcos Juárez,14063,395500,395500,1147000,2900
120,soja 1ra,2000,2000/01,Córdoba,14,Pocho,14077,260,229,322,1406
121,soja 1ra,2000,2000/01,Córdoba,14,Presidente Roque Sáenz Peña,14084,60000,57000,134000,2351
122,soja 1ra,2000,2000/01,Córdoba,14,Río Cuarto,14098,192000,172800,328300,1900
123,soja 1ra,2000,2000/01,Córdoba,14,Río Primero,14105,283000,282000,900983,3195
124,soja 1ra,2000,2000/01,Córdoba,14,Río Seco,14112,30000,30000,69000,2300
125,soja 1ra,2000,2000/01,Córdoba,14,Río Segundo,14119,204300,199300,597900,3000
126,soja 1ra,2000,2000/01,Córdoba,14,San Alberto,14126,333,301,415,1379
127,soja 1ra,2000,2000/01,Córdoba,14,San Javier,14133,1807,1630,2962,1817
128,soja 1ra,2000,2000/01,Córdoba,14,San Justo,14140,80000,79700,267000,3350
129,soja 1ra,2000,2000/01,Córdoba,14,Santa María,14147,98500,98500,275800,2800
130,soja 1ra,2000,2000/01,Córdoba,14,Sobremonte,14154,13000,12900,32300,2504
131,soja 1ra,2000,2000/01,Córdoba,14,Tercero Arriba,14161,234000,234000,655200,2800
132,soja 1ra,2000,2000/01,Córdoba,14,Totoral,14168,87000,86500,294100,3400
133,soja 1ra,2000,2000/01,Córdoba,14,Tulumba,14175,27000,26000,54600,2100
134,soja 1ra,2000,2000/01,Córdoba,14,Unión,14182,337900,337900,831200,2460
135,soja 1ra,2000,2000/01,Corrientes,18,Bella Vista,18007,600,400,1000,2500
136,soja 1ra,2000,2000/01,Corrientes,18,Curuzu Cuatia,18035,300,240,400,1667
137,soja 1ra,2000,2000/01,Corrientes,18,Esquina,18049,900,650,1000,1538
138,soja 1ra,2000,2000/01,Corrientes,18,Ituzaingó,18084,300,300,700,2333
139,soja 1ra,2000,2000/01,Corrientes,18,Lavalle,18091,40,25,40,1600
140,soja 1ra,2000,2000/01,Corrientes,18,Monte Caseros,18112,200,170,300,1765
141,soja 1ra,2000,2000/01,Corrientes,18,San Roque,18161,280,280,500,1786
142,soja 1ra,2000,2000/01,Corrientes,18,Santo Tomé,18168,150,150,300,2000
143,soja 1ra,2000,2000/01,Corrientes,18,Sauce,18175,800,800,1600,2000
144,soja 1ra,2000,2000/01,Entre Ríos,30,Colón,30008,9000,8900,26700,3000
145,soja 1ra,2000,2000/01,Entre Ríos,30,Concordia,30015,10000,10000,30000,3000
146,soja 1ra,2000,2000/01,Entre Ríos,30,Diamante,30021,23000,23000,80500,3500
147,soja 1ra,2000,2000/01,Entre Ríos,30,Federación,30028,4000,4000,11600,2900
148,soja 1ra,2000,2000/01,Entre Ríos,30,Federal,30035,10000,10000,30000,3000
149,soja 1ra,2000,2000/01,Entre Ríos,30,Feliciano,30042,5500,5500,15400,2800
150,soja 1ra,2000,2000/01,Entre Ríos,30,Gualeguay,30049,23000,22900,77900,3402
151,soja 1ra,2000,2000/01,Entre Ríos,30,Gualeguaychú,30056,20000,19800,63400,3202
152,soja 1ra,2000,2000/01,Entre Ríos,30,La Paz,30070,40000,40000,128000,3200
153,soja 1ra,2000,2000/01,Entre Ríos,30,Nogoyá,30077,23000,22950,73400,3198
154,soja 1ra,2000,2000/01,Entre Ríos,30,Paraná,30084,34000,34000,115600,3400
155,soja 1ra,2000,2000/01,Entre Ríos,30,Tala,30091,10000,9900,29700,3000
156,soja 1ra,2000,2000/01,Entre Ríos,30,Uruguay,30098,15000,14900,44700,3000
157,soja 1ra,2000,2000/01,Entre Ríos,30,Victoria,30105,27000,26950,99700,3699
158,soja 1ra,2000,2000/01,Entre Ríos,30,Villaguay,30113,20000,19800,59400,3000
159,soja 1ra,2000,2000/01,Formosa,34,otros departamentos,,1100,800,1200,1500
160,soja 1ra,2000,2000/01,La Pampa,42,Atreucó,42007,3500,3360,4800,1429
161,soja 1ra,2000,2000/01,La Pampa,42,Capital,42021,2000,1950,2600,1333
162,soja 1ra,2000,2000/01,La Pampa,42,Catriló,42028,2800,2750,3900,1418
163,soja 1ra,2000,2000/01,La Pampa,42,Conhelo,42035,14100,13900,25000,1799
164,soja 1ra,2000,2000/01,La Pampa,42,Chapaleufú,42056,34500,33700,80900,2401
165,soja 1ra,2000,2000/01,La Pampa,42,Guatraché,42070,1200,1150,1400,1217
166,soja 1ra,2000,2000/01,La Pampa,42,Hucal,42077,50,40,45,1125
167,soja 1ra,2000,2000/01,La Pampa,42,Maracó,42105,11000,10500,22100,2105
168,soja 1ra,2000,2000/01,La Pampa,42,Quemú Quemú,42119,15400,15100,28700,1901
169,soja 1ra,2000,2000/01,La Pampa,42,Rancul,42126,8000,7900,13400,1696
170,soja 1ra,2000,2000/01,La Pampa,42,Realicó,42133,15400,15100,25700,1702
171,soja 1ra,2000,2000/01,La Pampa,42,Toay,42140,800,700,900,1286
172,soja 1ra,2000,2000/01,La Pampa,42,Trenel,42147,2000,1900,2700,1421
173,soja 1ra,2000,2000/01,La Pampa,42,Utracán,42154,550,450,500,1111
174,soja 1ra,2000,2000/01,Misiones,54,otros departamentos,,4000,4000,8400,2100
175,soja 1ra,2000,2000/01,Salta,66,Anta,66007,147000,145411,327214,2250
176,soja 1ra,2000,2000/01,Salta,66,General José de San Martín,66056,35000,35000,78800,2251
177,soja 1ra,2000,2000/01,Salta,66,La Candelaria,66084,1000,1000,2400,2400
178,soja 1ra,2000,2000/01,Salta,66,Metán,66112,29550,29550,66488,2250
179,soja 1ra,2000,2000/01,Salta,66,Orán,66126,3000,3000,7200,2400
180,soja 1ra,2000,2000/01,Salta,66,Rosario de la Frontera,66140,28400,28400,63900,2250
181,soja 1ra,2000,2000/01,San Luis,74,otros departamentos,,10000,9000,10800,1200
182,soja 1ra,2000,2000/01,Santa Fe,82,Belgrano,82007,95000,95000,304000,3200
183,soja 1ra,2000,2000/01,Santa Fe,82,Caseros,82014,210750,210750,653300,3100
184,soja 1ra,2000,2000/01,Santa Fe,82,Castellanos,82021,90000,90000,270000,3000
185,soja 1ra,2000,2000/01,Santa Fe,82,Constitución,82028,172500,172500,526100,3050
186,soja 1ra,2000,2000/01,Santa Fe,82,Garay,82035,5000,5000,12500,2500
187,soja 1ra,2000,2000/01,Santa Fe,82,General López,82042,338100,338100,1078500,3190
188,soja 1ra,2000,2000/01,Santa Fe,82,General Obligado,82049,100000,96500,144800,1501
189,soja 1ra,2000,2000/01,Santa Fe,82,Iriondo,82056,210000,210000,693000,3300
190,soja 1ra,2000,2000/01,Santa Fe,82,La Capital,82063,24000,24000,62400,2600
191,soja 1ra,2000,2000/01,Santa Fe,82,Las Colonias,82070,58000,58000,174000,3000
192,soja 1ra,2000,2000/01,Santa Fe,82,9 de Julio,82077,57000,48500,92200,1901
193,soja 1ra,2000,2000/01,Santa Fe,82,Rosario,82084,130850,130850,411187,3142
194,soja 1ra,2000,2000/01,Santa Fe,82,San Cristóbal,82091,63000,63000,163800,2600
195,soja 1ra,2000,2000/01,Santa Fe,82,San Javier,82098,25000,22500,32600,1449
196,soja 1ra,2000,2000/01,Santa Fe,82,San Jerónimo,82105,150000,150000,510000,3400
197,soja 1ra,2000,2000/01,Santa Fe,82,San Justo,82112,90000,90000,225000,2500
198,soja 1ra,2000,2000/01,Santa Fe,82,San Lorenzo,82119,132550,132550,424200,3200
199,soja 1ra,2000,2000/01,Santa Fe,82,San Martín,82126,162300,162300,549966,3389
200,soja 1ra,2000,2000/01,Santa Fe,82,Vera,82133,60000,45000,60800,1351
201,soja 1ra,2000,2000/01,Santiago del Estero,86,Aguirre,86007,6000,3700,4600,1243
202,soja 1ra,2000,2000/01,Santiago del Estero,86,Belgrano,86042,50000,29000,40600,1400
203,soja 1ra,2000,2000/01,Santiago del Estero,86,Copo,86056,20000,20000,40000,2000
204,soja 1ra,2000,2000/01,Santiago del Estero,86,General Taboada,86077,60000,45000,76500,1700
205,soja 1ra,2000,2000/01,Santiago del Estero,86,Juan F. Ibarra,86098,40000,28000,30800,1100
206,soja 1ra,2000,2000/01,Santiago del Estero,86,Moreno,86119,60000,60000,120000,2000
207,soja 1ra,2000,2000/01,Santiago del Estero,86,Rivadavia,86154,27000,27000,72900,2700
208,soja 1ra,2000,2000/01,Santiago del Estero,86,otros departamentos,,222300,187682,350587,1868
209,soja 1ra,2000,2000/01,Tucumán,90,otros departamentos,,123000,123000,225090,1830
210,soja 1ra,2001,2001/02,Buenos Aires,6,Adolfo Alsina,6007,7500,7500,17000,2267
211,soja 1ra,2001,2001/02,Buenos Aires,6,Adolfo Gonzales Chaves,6014,5400,5400,7000,1296
212,soja 1ra,2001,2001/02,Buenos Aires,6,Alberti,6021,17500,17500,50000,2857
213,soja 1ra,2001,2001/02,Buenos Aires,6,Ayacucho,6042,1400,1200,2000,1667
214,soja 1ra,2001,2001/02,Buenos Aires,6,Azul,6049,34000,32500,75000,2308
215,soja 1ra,2001,2001/02,Buenos Aires,6,Balcarce,6063,16000,15300,36000,2353
216,soja 1ra,2001,2001/02,Buenos Aires,6,Baradero,6070,39200,39200,115000,2934
217,soja 1ra,2001,2001/02,Buenos Aires,6,Arrecifes,6077,53500,53500,160000,2991
218,soja 1ra,2001,2001/02,Buenos Aires,6,Benito Juárez,6084,13000,12300,25000,2033
219,soja 1ra,2001,2001/02,Buenos Aires,6,Bolívar,6105,9000,8750,20100,2297
220,soja 1ra,2001,2001/02,Buenos Aires,6,Bragado,6112,33000,31200,91271,2925
221,soja 1ra,2001,2001/02,Buenos Aires,6,Campana,6126,3700,3700,10500,2838
222,soja 1ra,2001,2001/02,Buenos Aires,6,Cañuelas,6134,800,800,2000,2500
223,soja 1ra,2001,2001/02,Buenos Aires,6,Capitán Sarmiento,6140,25500,25500,72000,2824
224,soja 1ra,2001,2001/02,Buenos Aires,6,Carlos Casares,6147,37800,37800,112000,2963
225,soja 1ra,2001,2001/02,Buenos Aires,6,Carlos Tejedor,6154,25200,25200,72000,2857
226,soja 1ra,2001,2001/02,Buenos Aires,6,Carmen de Areco,6161,18500,18500,56000,3027
227,soja 1ra,2001,2001/02,Buenos Aires,6,Castelli,6168,400,360,600,1667
228,soja 1ra,2001,2001/02,Buenos Aires,6,Colón,6175,39000,39000,133000,3410
229,soja 1ra,2001,2001/02,Buenos Aires,6,Coronel Dorrego,6189,1800,1800,1800,1000
230,soja 1ra,2001,2001/02,Buenos Aires,6,Coronel Pringles,6196,6100,6100,6100,1000
231,soja 1ra,2001,2001/02,Buenos Aires,6,Coronel Suárez,6203,23500,23000,46000,2000
232,soja 1ra,2001,2001/02,Buenos Aires,6,Chacabuco,6210,38000,38000,122000,3211
233,soja 1ra,2001,2001/02,Buenos Aires,6,Chascomús,6218,1200,1100,2800,2545
234,soja 1ra,2001,2001/02,Buenos Aires,6,Chivilcoy,6224,15000,15000,46000,3067
235,soja 1ra,2001,2001/02,Buenos Aires,6,Daireaux,6231,33250,32750,85500,2611
236,soja 1ra,2001,2001/02,Buenos Aires,6,Dolores,6238,300,270,400,1481
237,soja 1ra,2001,2001/02,Buenos Aires,6,Exaltación de la Cruz,6266,9000,9000,25000,2778
238,soja 1ra,2001,2001/02,Buenos Aires,6,Florentino Ameghino,6277,15000,14470,48000,3317
239,soja 1ra,2001,2001/02,Buenos Aires,6,General Alvarado,6280,3500,3300,7000,2121
240,soja 1ra,2001,2001/02,Buenos Aires,6,General Alvear,6287,4000,3900,9500,2436
241,soja 1ra,2001,2001/02,Buenos Aires,6,General Arenales,6294,30000,30000,111000,3700
242,soja 1ra,2001,2001/02,Buenos Aires,6,General Belgrano,6301,1300,1150,2900,2522
243,soja 1ra,2001,2001/02,Buenos Aires,6,General Juan Madariaga,6315,1100,1000,2000,2000
244,soja 1ra,2001,2001/02,Buenos Aires,6,General La Madrid,6322,6000,5800,12000,2069
245,soja 1ra,2001,2001/02,Buenos Aires,6,General Las Heras,6329,400,400,1200,3000
246,soja 1ra,2001,2001/02,Buenos Aires,6,General Pinto,6351,22000,19200,66000,3438
247,soja 1ra,2001,2001/02,Buenos Aires,6,General Pueyrredón,6357,1600,1520,3200,2105
248,soja 1ra,2001,2001/02,Buenos Aires,6,General Rodríguez,6364,200,200,600,3000
249,soja 1ra,2001,2001/02,Buenos Aires,6,General Viamonte,6385,22000,20900,68000,3254
250,soja 1ra,2001,2001/02,Buenos Aires,6,General Villegas,6392,60000,58800,195000,3316
251,soja 1ra,2001,2001/02,Buenos Aires,6,Guaminí,6399,5000,5000,12000,2400
252,soja 1ra,2001,2001/02,Buenos Aires,6,Hipólito Yrigoyen,6406,4000,3860,10000,2591
253,soja 1ra,2001,2001/02,Buenos Aires,6,Junín,6413,32000,32000,102500,3203
254,soja 1ra,2001,2001/02,Buenos Aires,6,Laprida,6448,2700,2700,3800,1407
255,soja 1ra,2001,2001/02,Buenos Aires,6,Las Flores,6455,840,840,1800,2143
256,soja 1ra,2001,2001/02,Buenos Aires,6,Leandro N. Alem,6462,17000,16280,54000,3317
257,soja 1ra,2001,2001/02,Buenos Aires,6,Lincoln,6469,24000,23150,75000,3240
258,soja 1ra,2001,2001/02,Buenos Aires,6,Lobería,6476,11000,10100,22000,2178
259,soja 1ra,2001,2001/02,Buenos Aires,6,Lobos,6483,7940,7940,18180,2290
260,soja 1ra,2001,2001/02,Buenos Aires,6,Luján,6497,5000,5000,14000,2800
261,soja 1ra,2001,2001/02,Buenos Aires,6,Maipú,6511,1700,1550,3000,1935
262,soja 1ra,2001,2001/02,Buenos Aires,6,Mar Chiquita,6518,800,730,1300,1781
263,soja 1ra,2001,2001/02,Buenos Aires,6,Marcos Paz,6525,500,500,1500,3000
264,soja 1ra,2001,2001/02,Buenos Aires,6,Mercedes,6532,3600,3600,8000,2222
265,soja 1ra,2001,2001/02,Buenos Aires,6,Monte,6547,1000,1000,2500,2500
266,soja 1ra,2001,2001/02,Buenos Aires,6,Navarro,6574,2500,2500,6500,2600
267,soja 1ra,2001,2001/02,Buenos Aires,6,Necochea,6581,3600,3600,6100,1694
268,soja 1ra,2001,2001/02,Buenos Aires,6,9 de Julio,6588,30000,29700,95000,3199
269,soja 1ra,2001,2001/02,Buenos Aires,6,Olavarría,6595,18000,17820,43900,2464
270,soja 1ra,2001,2001/02,Buenos Aires,6,Pehuajó,6609,39900,39900,112000,2807
271,soja 1ra,2001,2001/02,Buenos Aires,6,Pellegrini,6616,2500,2500,6000,2400
272,soja 1ra,2001,2001/02,Buenos Aires,6,Pergamino,6623,134000,133850,430000,3213
273,soja 1ra,2001,2001/02,Buenos Aires,6,Pilar,6638,300,300,900,3000
274,soja 1ra,2001,2001/02,Buenos Aires,6,Puán,6651,2000,1900,3500,1842
275,soja 1ra,2001,2001/02,Buenos Aires,6,Ramallo,6665,48500,48350,135000,2792
276,soja 1ra,2001,2001/02,Buenos Aires,6,Rauch,6672,3000,2800,5000,1786
277,soja 1ra,2001,2001/02,Buenos Aires,6,Rivadavia,6679,44650,44650,135000,3024
278,soja 1ra,2001,2001/02,Buenos Aires,6,Rojas,6686,42400,42400,161100,3800
279,soja 1ra,2001,2001/02,Buenos Aires,6,Roque Pérez,6693,1500,1400,3500,2500
280,soja 1ra,2001,2001/02,Buenos Aires,6,Saavedra,6700,5500,5350,11000,2056
281,soja 1ra,2001,2001/02,Buenos Aires,6,Saladillo,6707,3500,3370,8800,2611
282,soja 1ra,2001,2001/02,Buenos Aires,6,Salto,6714,64500,64500,210000,3256
283,soja 1ra,2001,2001/02,Buenos Aires,6,Salliqueló,6721,1000,1000,2500,2500
284,soja 1ra,2001,2001/02,Buenos Aires,6,San Andrés de Giles,6728,13000,13000,34000,2615
285,soja 1ra,2001,2001/02,Buenos Aires,6,San Antonio de Areco,6735,35500,35500,105000,2958
286,soja 1ra,2001,2001/02,Buenos Aires,6,San Cayetano,6742,2200,2200,2600,1182
287,soja 1ra,2001,2001/02,Buenos Aires,6,San Nicolás,6763,33000,33000,98000,2970
288,soja 1ra,2001,2001/02,Buenos Aires,6,San Pedro,6770,40000,38700,115000,2972
289,soja 1ra,2001,2001/02,Buenos Aires,6,Suipacha,6784,10000,10000,25000,2500
290,soja 1ra,2001,2001/02,Buenos Aires,6,Tandil,6791,35000,33400,77000,2305
291,soja 1ra,2001,2001/02,Buenos Aires,6,Tapalqué,6798,450,430,1000,2326
292,soja 1ra,2001,2001/02,Buenos Aires,6,Tornquist,6819,3100,2950,5500,1864
293,soja 1ra,2001,2001/02,Buenos Aires,6,Trenque Lauquen,6826,42300,42300,130000,3073
294,soja 1ra,2001,2001/02,Buenos Aires,6,Tres Arroyos,6833,4500,4500,7700,1711
295,soja 1ra,2001,2001/02,Buenos Aires,6,Tres Lomas,6847,1000,1000,2500,2500
296,soja 1ra,2001,2001/02,Buenos Aires,6,25 de Mayo,6854,4500,4300,12000,2791
297,soja 1ra,2001,2001/02,Buenos Aires,6,Zárate,6882,19500,19500,58000,2974
298,soja 1ra,2001,2001/02,Catamarca,10,El Alto,10056,15000,15000,42000,2800
299,soja 1ra,2001,2001/02,Catamarca,10,Santa Rosa,10098,20000,20000,56000,2800
300,soja 1ra,2001,2001/02,Chaco,22,Almirante Brown,22007,37625,37625,83716,2225
301,soja 1ra,2001,2001/02,Chaco,22,Bermejo,22014,1145,1145,2519,2200
302,soja 1ra,2001,2001/02,Chaco,22,Comandante Fernández,22021,30500,22875,45750,2000
303,soja 1ra,2001,2001/02,Chaco,22,Chacabuco,22028,40850,40850,90300,2211
304,soja 1ra,2001,2001/02,Chaco,22,12 de Octubre,22036,44900,44900,103560,2306
305,soja 1ra,2001,2001/02,Chaco,22,2 de Abril,22039,33725,33725,74550,2211
306,soja 1ra,2001,2001/02,Chaco,22,Fray Justo Santa María de Oro,22043,26290,21595,38496,1783
307,soja 1ra,2001,2001/02,Chaco,22,General Belgrano,22049,34500,34500,76057,2205
308,soja 1ra,2001,2001/02,Chaco,22,General Donovan,22056,5000,5000,11500,2300
309,soja 1ra,2001,2001/02,Chaco,22,General Güemes,22063,9525,9525,20003,2100
310,soja 1ra,2001,2001/02,Chaco,22,Independencia,22070,25500,25500,56100,2200
311,soja 1ra,2001,2001/02,Chaco,22,Libertad,22077,2430,2430,4860,2000
312,soja 1ra,2001,2001/02,Chaco,22,Libertador General San Martín,22084,6945,6945,15432,2222
313,soja 1ra,2001,2001/02,Chaco,22,Maipú,22091,26675,21340,34678,1625
314,soja 1ra,2001,2001/02,Chaco,22,Mayor Luis J. Fontana,22098,32250,27892,52297,1875
315,soja 1ra,2001,2001/02,Chaco,22,9 de Julio,22105,35750,35750,78650,2200
316,soja 1ra,2001,2001/02,Chaco,22,O'Higgins,22112,25750,21244,42488,2000
317,soja 1ra,2001,2001/02,Chaco,22,Presidencia de la Plaza,22119,3000,3000,6000,2000
318,soja 1ra,2001,2001/02,Chaco,22,Quitilipi,22133,20250,17820,34830,1955
319,soja 1ra,2001,2001/02,Chaco,22,San Fernando,22140,7625,7625,16013,2100
320,soja 1ra,2001,2001/02,Chaco,22,San Lorenzo,22147,10250,8200,14350,1750
321,soja 1ra,2001,2001/02,Chaco,22,Sargento Cabral,22154,4715,4715,9902,2100
322,soja 1ra,2001,2001/02,Chaco,22,25 de Mayo,22168,262,262,699,2668
323,soja 1ra,2001,2001/02,Córdoba,14,Calamuchita,14007,48750,48750,146000,2995
324,soja 1ra,2001,2001/02,Córdoba,14,Capital,14014,3000,3000,8000,2667
325,soja 1ra,2001,2001/02,Córdoba,14,Colón,14021,64000,63500,219000,3449
326,soja 1ra,2001,2001/02,Córdoba,14,General Roca,14035,35000,34600,93000,2688
327,soja 1ra,2001,2001/02,Córdoba,14,General San Martín,14042,50000,50000,110000,2200
328,soja 1ra,2001,2001/02,Córdoba,14,Ischilín,14049,24000,24000,72000,3000
329,soja 1ra,2001,2001/02,Córdoba,14,Juárez Celman,14056,221000,221000,670000,3032
330,soja 1ra,2001,2001/02,Córdoba,14,Marcos Juárez,14063,382480,380180,1300000,3419
331,soja 1ra,2001,2001/02,Córdoba,14,Pocho,14077,3000,3000,4500,1500
332,soja 1ra,2001,2001/02,Córdoba,14,Presidente Roque Sáenz Peña,14084,48000,47400,130000,2743
333,soja 1ra,2001,2001/02,Córdoba,14,Río Cuarto,14098,225000,225000,680000,3022
334,soja 1ra,2001,2001/02,Córdoba,14,Río Primero,14105,291500,291200,910000,3125
335,soja 1ra,2001,2001/02,Córdoba,14,Río Seco,14112,33000,33000,105000,3182
336,soja 1ra,2001,2001/02,Córdoba,14,Río Segundo,14119,204000,204000,560000,2745
337,soja 1ra,2001,2001/02,Córdoba,14,San Alberto,14126,834,834,1000,1199
338,soja 1ra,2001,2001/02,Córdoba,14,San Javier,14133,2167,2167,3500,1615
339,soja 1ra,2001,2001/02,Córdoba,14,San Justo,14140,90000,89700,250000,2787
340,soja 1ra,2001,2001/02,Córdoba,14,Santa María,14147,94000,94000,217000,2309
341,soja 1ra,2001,2001/02,Córdoba,14,Sobremonte,14154,14000,14000,44000,3143
342,soja 1ra,2001,2001/02,Córdoba,14,Tercero Arriba,14161,222700,222700,600000,2694
343,soja 1ra,2001,2001/02,Córdoba,14,Totoral,14168,93500,93500,310000,3316
344,soja 1ra,2001,2001/02,Córdoba,14,Tulumba,14175,30000,30000,96000,3200
345,soja 1ra,2001,2001/02,Córdoba,14,Unión,14182,361150,360300,1180000,3275
346,soja 1ra,2001,2001/02,Corrientes,18,Bella Vista,18007,900,500,1200,2400
347,soja 1ra,2001,2001/02,Corrientes,18,Curuzu Cuatia,18035,500,300,200,667
348,soja 1ra,2001,2001/02,Corrientes,18,Esquina,18049,2065,1500,1300,867
349,soja 1ra,2001,2001/02,Corrientes,18,Ituzaingó,18084,270,270,500,1852
350,soja 1ra,2001,2001/02,Corrientes,18,Lavalle,18091,50,25,SD,SD
351,soja 1ra,2001,2001/02,Corrientes,18,Monte Caseros,18112,150,135,200,1481
352,soja 1ra,2001,2001/02,Corrientes,18,San Martín,18147,80,80,100,1250
353,soja 1ra,2001,2001/02,Corrientes,18,San Roque,18161,120,85,100,1176
354,soja 1ra,2001,2001/02,Corrientes,18,Santo Tomé,18168,200,190,400,2105
355,soja 1ra,2001,2001/02,Corrientes,18,Sauce,18175,963,680,800,1176
356,soja 1ra,2001,2001/02,Entre Ríos,30,Colón,30008,20000,19800,48000,2424
357,soja 1ra,2001,2001/02,Entre Ríos,30,Concordia,30015,15000,12500,30000,2400
358,soja 1ra,2001,2001/02,Entre Ríos,30,Diamante,30021,40000,40000,115000,2875
359,soja 1ra,2001,2001/02,Entre Ríos,30,Federación,30028,6000,4500,10000,2222
360,soja 1ra,2001,2001/02,Entre Ríos,30,Federal,30035,15000,12500,30000,2400
361,soja 1ra,2001,2001/02,Entre Ríos,30,Feliciano,30042,7000,6200,14000,2258
362,soja 1ra,2001,2001/02,Entre Ríos,30,Gualeguay,30049,30000,29350,80000,2726
363,soja 1ra,2001,2001/02,Entre Ríos,30,Gualeguaychú,30056,35000,31900,74000,2320
364,soja 1ra,2001,2001/02,Entre Ríos,30,La Paz,30070,50000,40000,75000,1875
365,soja 1ra,2001,2001/02,Entre Ríos,30,Nogoyá,30077,27000,26900,62000,2305
366,soja 1ra,2001,2001/02,Entre Ríos,30,Paraná,30084,50000,47500,130000,2737
367,soja 1ra,2001,2001/02,Entre Ríos,30,Tala,30091,15000,14800,34000,2297
368,soja 1ra,2001,2001/02,Entre Ríos,30,Uruguay,30098,43000,42150,106000,2515
369,soja 1ra,2001,2001/02,Entre Ríos,30,Victoria,30105,38000,38000,103000,2711
370,soja 1ra,2001,2001/02,Entre Ríos,30,Villaguay,30113,37000,36600,85000,2322
371,soja 1ra,2001,2001/02,Formosa,34,otros departamentos,,7331,7331,18400,2510
372,soja 1ra,2001,2001/02,Jujuy,38,otros departamentos,,773,773,1800,2329
373,soja 1ra,2001,2001/02,La Pampa,42,Atreucó,42007,4000,4000,5700,1425
374,soja 1ra,2001,2001/02,La Pampa,42,Capital,42021,2500,2500,3300,1320
375,soja 1ra,2001,2001/02,La Pampa,42,Catriló,42028,3180,3180,4300,1352
376,soja 1ra,2001,2001/02,La Pampa,42,Conhelo,42035,1000,1000,2200,2200
377,soja 1ra,2001,2001/02,La Pampa,42,Chapaleufú,42056,23200,22500,51700,2298
378,soja 1ra,2001,2001/02,La Pampa,42,Guatraché,42070,1500,1500,1700,1133
379,soja 1ra,2001,2001/02,La Pampa,42,Hucal,42077,10,10,SD,SD
380,soja 1ra,2001,2001/02,La Pampa,42,Maracó,42105,9800,9500,21800,2295
381,soja 1ra,2001,2001/02,La Pampa,42,Quemú Quemú,42119,7700,7500,15700,2093
382,soja 1ra,2001,2001/02,La Pampa,42,Rancul,42126,7500,7300,15000,2055
383,soja 1ra,2001,2001/02,La Pampa,42,Realicó,42133,6400,6200,13000,2097
384,soja 1ra,2001,2001/02,La Pampa,42,Toay,42140,800,800,1000,1250
385,soja 1ra,2001,2001/02,La Pampa,42,Trenel,42147,500,500,1100,2200
386,soja 1ra,2001,2001/02,La Pampa,42,Utracán,42154,10,10,SD,SD
387,soja 1ra,2001,2001/02,Misiones,54,Cainguás,54014,350,330,627,1900
388,soja 1ra,2001,2001/02,Misiones,54,General Manuel Belgrano,54049,300,275,523,1902
389,soja 1ra,2001,2001/02,Misiones,54,Guaraní,54056,800,765,1454,1901
390,soja 1ra,2001,2001/02,Misiones,54,Leandro N. Alem,54070,300,290,551,1900
391,soja 1ra,2001,2001/02,Misiones,54,Montecarlo,54084,10,9,17,1889
392,soja 1ra,2001,2001/02,Misiones,54,Oberá,54091,50,45,86,1911
393,soja 1ra,2001,2001/02,Misiones,54,San Ignacio,54098,10,9,17,1889
394,soja 1ra,2001,2001/02,Misiones,54,San Javier,54105,200,190,361,1900
395,soja 1ra,2001,2001/02,Misiones,54,San Pedro,54112,100,92,175,1902
396,soja 1ra,2001,2001/02,Misiones,54,25 de Mayo,54119,1000,950,1805,1900
397,soja 1ra,2001,2001/02,Salta,66,Anta,66007,140020,139337,321022,2304
398,soja 1ra,2001,2001/02,Salta,66,General José de San Martín,66056,45000,42000,100000,2381
399,soja 1ra,2001,2001/02,Salta,66,La Candelaria,66084,180,180,400,2222
400,soja 1ra,2001,2001/02,Salta,66,Metán,66112,28600,28600,64350,2250
401,soja 1ra,2001,2001/02,Salta,66,Orán,66126,3000,3000,6600,2200
402,soja 1ra,2001,2001/02,Salta,66,Rosario de la Frontera,66140,26350,26350,59431,2255
403,soja 1ra,2001,2001/02,San Luis,74,otros departamentos,,14000,14000,40600,2900
404,soja 1ra,2001,2001/02,Santa Fe,82,Belgrano,82007,100000,100000,310000,3100
405,soja 1ra,2001,2001/02,Santa Fe,82,Caseros,82014,199700,184700,550000,2978
406,soja 1ra,2001,2001/02,Santa Fe,82,Castellanos,82021,84000,84000,196000,2333
407,soja 1ra,2001,2001/02,Santa Fe,82,Constitución,82028,156200,156200,490000,3137
408,soja 1ra,2001,2001/02,Santa Fe,82,Garay,82035,5000,5000,10000,2000
409,soja 1ra,2001,2001/02,Santa Fe,82,General López,82042,380000,376500,1300000,3453
410,soja 1ra,2001,2001/02,Santa Fe,82,General Obligado,82049,110000,98000,175000,1786
411,soja 1ra,2001,2001/02,Santa Fe,82,Iriondo,82056,220000,220000,670000,3045
412,soja 1ra,2001,2001/02,Santa Fe,82,La Capital,82063,24000,24000,50000,2083
413,soja 1ra,2001,2001/02,Santa Fe,82,Las Colonias,82070,73000,72500,180000,2483
414,soja 1ra,2001,2001/02,Santa Fe,82,9 de Julio,82077,60000,54000,102000,1889
415,soja 1ra,2001,2001/02,Santa Fe,82,Rosario,82084,126000,126000,390000,3095
416,soja 1ra,2001,2001/02,Santa Fe,82,San Cristóbal,82091,62000,61500,142000,2309
417,soja 1ra,2001,2001/02,Santa Fe,82,San Javier,82098,25000,22000,32000,1455
418,soja 1ra,2001,2001/02,Santa Fe,82,San Jerónimo,82105,160000,160000,490000,3063
419,soja 1ra,2001,2001/02,Santa Fe,82,San Justo,82112,85000,83000,162000,1952
420,soja 1ra,2001,2001/02,Santa Fe,82,San Lorenzo,82119,133000,133000,400000,3008
421,soja 1ra,2001,2001/02,Santa Fe,82,San Martín,82126,169500,169500,488299,2881
422,soja 1ra,2001,2001/02,Santa Fe,82,Vera,82133,60000,54000,75000,1389
423,soja 1ra,2001,2001/02,Santiago del Estero,86,Aguirre,86007,10800,9300,19000,2043
424,soja 1ra,2001,2001/02,Santiago del Estero,86,Alberdi,86014,34239,31239,74000,2369
425,soja 1ra,2001,2001/02,Santiago del Estero,86,Belgrano,86042,80000,72000,166000,2306
426,soja 1ra,2001,2001/02,Santiago del Estero,86,Copo,86056,10000,10000,23000,2300
427,soja 1ra,2001,2001/02,Santiago del Estero,86,Choya,86063,685,685,1200,1752
428,soja 1ra,2001,2001/02,Santiago del Estero,86,General Taboada,86077,149243,139243,307400,2208
429,soja 1ra,2001,2001/02,Santiago del Estero,86,Guasayán,86084,10161,10161,19400,1909
430,soja 1ra,2001,2001/02,Santiago del Estero,86,Jiménez,86091,66738,66738,151000,2263
431,soja 1ra,2001,2001/02,Santiago del Estero,86,Juan F. Ibarra,86098,58869,49869,90000,1805
432,soja 1ra,2001,2001/02,Santiago del Estero,86,Moreno,86119,155072,145072,341000,2351
433,soja 1ra,2001,2001/02,Santiago del Estero,86,Pellegrini,86133,46177,46177,104000,2252
434,soja 1ra,2001,2001/02,Santiago del Estero,86,Río Hondo,86147,8245,8245,18000,2183
435,soja 1ra,2001,2001/02,Santiago del Estero,86,Rivadavia,86154,29000,29000,66000,2276
436,soja 1ra,2001,2001/02,Tucumán,90,otros departamentos,,153639,147214,424028,2880
437,soja 1ra,2002,2002/03,Buenos Aires,6,Adolfo Alsina,6007,11000,11000,19000,1727
438,soja 1ra,2002,2002/03,Buenos Aires,6,Adolfo Gonzales Chaves,6014,10000,10000,11000,1100
439,soja 1ra,2002,2002/03,Buenos Aires,6,Alberti,6021,14000,13600,48000,3529
440,soja 1ra,2002,2002/03,Buenos Aires,6,Ayacucho,6042,1800,1730,3200,1850
441,soja 1ra,2002,2002/03,Buenos Aires,6,Azul,6049,43000,41900,95000,2267
442,soja 1ra,2002,2002/03,Buenos Aires,6,Balcarce,6063,22000,21500,48000,2233
443,soja 1ra,2002,2002/03,Buenos Aires,6,Baradero,6070,44750,44750,155000,3464
444,soja 1ra,2002,2002/03,Buenos Aires,6,Arrecifes,6077,57650,57650,197000,3417
445,soja 1ra,2002,2002/03,Buenos Aires,6,Benito Juárez,6084,17000,16600,33000,1988
446,soja 1ra,2002,2002/03,Buenos Aires,6,Bolívar,6105,13000,13000,34000,2615
447,soja 1ra,2002,2002/03,Buenos Aires,6,Bragado,6112,40000,36000,120000,3333
448,soja 1ra,2002,2002/03,Buenos Aires,6,Campana,6126,3750,3750,12000,3200
449,soja 1ra,2002,2002/03,Buenos Aires,6,Cañuelas,6134,1000,1000,3000,3000
450,soja 1ra,2002,2002/03,Buenos Aires,6,Capitán Sarmiento,6140,27650,27650,92000,3327
451,soja 1ra,2002,2002/03,Buenos Aires,6,Carlos Casares,6147,42336,42336,128000,3023
452,soja 1ra,2002,2002/03,Buenos Aires,6,Carlos Tejedor,6154,27468,27468,77000,2803
453,soja 1ra,2002,2002/03,Buenos Aires,6,Carmen de Areco,6161,21500,21500,70000,3256
454,soja 1ra,2002,2002/03,Buenos Aires,6,Castelli,6168,600,590,950,1610
455,soja 1ra,2002,2002/03,Buenos Aires,6,Colón,6175,45200,45200,170000,3761
456,soja 1ra,2002,2002/03,Buenos Aires,6,Coronel Dorrego,6189,1600,1600,1600,1000
457,soja 1ra,2002,2002/03,Buenos Aires,6,Coronel Pringles,6196,10000,10000,9000,900
458,soja 1ra,2002,2002/03,Buenos Aires,6,Coronel Suárez,6203,35000,34800,50000,1437
459,soja 1ra,2002,2002/03,Buenos Aires,6,Chacabuco,6210,54500,54500,191000,3505
460,soja 1ra,2002,2002/03,Buenos Aires,6,Chascomús,6218,1200,1200,3710,3092
461,soja 1ra,2002,2002/03,Buenos Aires,6,Chivilcoy,6224,18000,17500,53000,3029
462,soja 1ra,2002,2002/03,Buenos Aires,6,Daireaux,6231,43000,43000,121000,2814
463,soja 1ra,2002,2002/03,Buenos Aires,6,Dolores,6238,500,490,800,1633
464,soja 1ra,2002,2002/03,Buenos Aires,6,Exaltación de la Cruz,6266,9800,9800,33000,3367
465,soja 1ra,2002,2002/03,Buenos Aires,6,Florentino Ameghino,6277,17000,16200,56000,3457
466,soja 1ra,2002,2002/03,Buenos Aires,6,General Alvarado,6280,5000,4880,9500,1947
467,soja 1ra,2002,2002/03,Buenos Aires,6,General Alvear,6287,5000,5000,13600,2720
468,soja 1ra,2002,2002/03,Buenos Aires,6,General Arenales,6294,41500,41000,144000,3512
469,soja 1ra,2002,2002/03,Buenos Aires,6,General Belgrano,6301,1300,1300,4000,3077
470,soja 1ra,2002,2002/03,Buenos Aires,6,General Juan Madariaga,6315,2000,1940,3700,1907
471,soja 1ra,2002,2002/03,Buenos Aires,6,General La Madrid,6322,10000,10000,16000,1600
472,soja 1ra,2002,2002/03,Buenos Aires,6,General Las Heras,6329,1400,1400,4500,3214
473,soja 1ra,2002,2002/03,Buenos Aires,6,General Pinto,6351,23000,22300,76000,3408
474,soja 1ra,2002,2002/03,Buenos Aires,6,General Pueyrredón,6357,3000,2920,5600,1918
475,soja 1ra,2002,2002/03,Buenos Aires,6,General Rodríguez,6364,400,400,1300,3250
476,soja 1ra,2002,2002/03,Buenos Aires,6,General Viamonte,6385,24000,23200,79000,3405
477,soja 1ra,2002,2002/03,Buenos Aires,6,General Villegas,6392,66000,65350,223000,3412
478,soja 1ra,2002,2002/03,Buenos Aires,6,Guaminí,6399,11538,11538,26383,2287
479,soja 1ra,2002,2002/03,Buenos Aires,6,Hipólito Yrigoyen,6406,5000,5000,14000,2800
480,soja 1ra,2002,2002/03,Buenos Aires,6,Junín,6413,48000,47900,163000,3403
481,soja 1ra,2002,2002/03,Buenos Aires,6,Laprida,6448,4000,4000,6000,1500
482,soja 1ra,2002,2002/03,Buenos Aires,6,Las Flores,6455,3500,3500,11500,3286
483,soja 1ra,2002,2002/03,Buenos Aires,6,Leandro N. Alem,6462,48300,45400,151820,3344
484,soja 1ra,2002,2002/03,Buenos Aires,6,Lincoln,6469,27000,26400,88000,3333
485,soja 1ra,2002,2002/03,Buenos Aires,6,Lobería,6476,14000,13500,25000,1852
486,soja 1ra,2002,2002/03,Buenos Aires,6,Lobos,6483,5070,5070,16058,3167
487,soja 1ra,2002,2002/03,Buenos Aires,6,Luján,6497,6000,6000,18000,3000
488,soja 1ra,2002,2002/03,Buenos Aires,6,Maipú,6511,2200,2150,3800,1767
489,soja 1ra,2002,2002/03,Buenos Aires,6,Mar Chiquita,6518,1100,1070,1900,1776
490,soja 1ra,2002,2002/03,Buenos Aires,6,Marcos Paz,6525,1500,1500,4500,3000
491,soja 1ra,2002,2002/03,Buenos Aires,6,Mercedes,6532,4500,4400,13500,3068
492,soja 1ra,2002,2002/03,Buenos Aires,6,Monte,6547,1000,1000,3100,3100
493,soja 1ra,2002,2002/03,Buenos Aires,6,Navarro,6574,2700,2700,9500,3519
494,soja 1ra,2002,2002/03,Buenos Aires,6,Necochea,6581,14000,14000,24000,1714
495,soja 1ra,2002,2002/03,Buenos Aires,6,9 de Julio,6588,50000,47500,150000,3158
496,soja 1ra,2002,2002/03,Buenos Aires,6,Olavarría,6595,25000,25000,63000,2520
497,soja 1ra,2002,2002/03,Buenos Aires,6,Pehuajó,6609,44289,44289,130000,2935
498,soja 1ra,2002,2002/03,Buenos Aires,6,Pellegrini,6616,6641,6641,13714,2065
499,soja 1ra,2002,2002/03,Buenos Aires,6,Pergamino,6623,151650,151650,531000,3501
500,soja 1ra,2002,2002/03,Buenos Aires,6,Pilar,6638,500,500,1500,3000
501,soja 1ra,2002,2002/03,Buenos Aires,6,Puán,6651,3000,2800,2800,1000
502,soja 1ra,2002,2002/03,Buenos Aires,6,Ramallo,6665,53300,53300,176000,3302
503,soja 1ra,2002,2002/03,Buenos Aires,6,Rauch,6672,3800,3700,6700,1811
504,soja 1ra,2002,2002/03,Buenos Aires,6,Rivadavia,6679,50008,50008,150000,3000
505,soja 1ra,2002,2002/03,Buenos Aires,6,Rojas,6686,57400,57300,218000,3805
506,soja 1ra,2002,2002/03,Buenos Aires,6,Roque Pérez,6693,3220,3220,10020,3112
507,soja 1ra,2002,2002/03,Buenos Aires,6,Saavedra,6700,10000,9800,10000,1020
508,soja 1ra,2002,2002/03,Buenos Aires,6,Saladillo,6707,6135,6135,19656,3204
509,soja 1ra,2002,2002/03,Buenos Aires,6,Salto,6714,73400,73400,257000,3501
510,soja 1ra,2002,2002/03,Buenos Aires,6,Salliqueló,6721,4909,4909,9945,2026
511,soja 1ra,2002,2002/03,Buenos Aires,6,San Andrés de Giles,6728,17000,17000,55000,3235
512,soja 1ra,2002,2002/03,Buenos Aires,6,San Antonio de Areco,6735,38850,38850,133000,3423
513,soja 1ra,2002,2002/03,Buenos Aires,6,San Cayetano,6742,5000,5000,6000,1200
514,soja 1ra,2002,2002/03,Buenos Aires,6,San Nicolás,6763,35750,35750,121784,3407
515,soja 1ra,2002,2002/03,Buenos Aires,6,San Pedro,6770,44750,44750,150000,3352
516,soja 1ra,2002,2002/03,Buenos Aires,6,Suipacha,6784,8000,7500,23500,3133
517,soja 1ra,2002,2002/03,Buenos Aires,6,Tandil,6791,43000,42000,95000,2262
518,soja 1ra,2002,2002/03,Buenos Aires,6,Tapalqué,6798,600,600,1500,2500
519,soja 1ra,2002,2002/03,Buenos Aires,6,Tornquist,6819,4000,3700,4000,1081
520,soja 1ra,2002,2002/03,Buenos Aires,6,Trenque Lauquen,6826,46953,46953,132000,2811
521,soja 1ra,2002,2002/03,Buenos Aires,6,Tres Arroyos,6833,8000,8000,9600,1200
522,soja 1ra,2002,2002/03,Buenos Aires,6,Tres Lomas,6847,6087,6087,11290,1855
523,soja 1ra,2002,2002/03,Buenos Aires,6,25 de Mayo,6854,9492,9492,35000,3687
524,soja 1ra,2002,2002/03,Buenos Aires,6,Zárate,6882,21350,21350,67000,3138
525,soja 1ra,2002,2002/03,Catamarca,10,El Alto,10056,16000,16000,44800,2800
526,soja 1ra,2002,2002/03,Catamarca,10,Santa Rosa,10098,16000,16000,44800,2800
527,soja 1ra,2002,2002/03,Chaco,22,Almirante Brown,22007,59400,59400,130769,2202
528,soja 1ra,2002,2002/03,Chaco,22,Bermejo,22014,2145,2145,4719,2200
529,soja 1ra,2002,2002/03,Chaco,22,Comandante Fernández,22021,46500,38363,78884,2056
530,soja 1ra,2002,2002/03,Chaco,22,Chacabuco,22028,67900,67900,159765,2353
531,soja 1ra,2002,2002/03,Chaco,22,12 de Octubre,22036,58000,58000,128052,2208
532,soja 1ra,2002,2002/03,Chaco,22,2 de Abril,22039,42300,40978,90769,2215
533,soja 1ra,2002,2002/03,Chaco,22,Fray Justo Santa María de Oro,22043,32625,28430,58725,2066
534,soja 1ra,2002,2002/03,Chaco,22,General Belgrano,22049,43600,43600,96713,2218
535,soja 1ra,2002,2002/03,Chaco,22,General Donovan,22056,5000,5000,11000,2200
536,soja 1ra,2002,2002/03,Chaco,22,General Güemes,22063,6335,6335,13304,2100
537,soja 1ra,2002,2002/03,Chaco,22,Independencia,22070,34500,32540,70568,2169
538,soja 1ra,2002,2002/03,Chaco,22,Libertad,22077,3050,3050,6100,2000
539,soja 1ra,2002,2002/03,Chaco,22,Libertador General San Martín,22084,7834,7834,16025,2046
540,soja 1ra,2002,2002/03,Chaco,22,Maipú,22091,10250,10250,20500,2000
541,soja 1ra,2002,2002/03,Chaco,22,Mayor Luis J. Fontana,22098,40350,36916,75549,2047
542,soja 1ra,2002,2002/03,Chaco,22,9 de Julio,22105,46800,46800,94355,2016
543,soja 1ra,2002,2002/03,Chaco,22,O'Higgins,22112,45750,45750,95313,2083
544,soja 1ra,2002,2002/03,Chaco,22,Presidencia de la Plaza,22119,4000,4000,7600,1900
545,soja 1ra,2002,2002/03,Chaco,22,Quitilipi,22133,24350,24350,53413,2194
546,soja 1ra,2002,2002/03,Chaco,22,San Fernando,22140,8675,8675,17350,2000
547,soja 1ra,2002,2002/03,Chaco,22,San Lorenzo,22147,14675,14675,29350,2000
548,soja 1ra,2002,2002/03,Chaco,22,Sargento Cabral,22154,6620,6620,17969,2714
549,soja 1ra,2002,2002/03,Chaco,22,25 de Mayo,22168,353,353,670,1898
550,soja 1ra,2002,2002/03,Córdoba,14,Calamuchita,14007,56100,56100,120000,2139
551,soja 1ra,2002,2002/03,Córdoba,14,Capital,14014,3150,3150,6500,2063
552,soja 1ra,2002,2002/03,Córdoba,14,Colón,14021,64000,64000,227000,3547
553,soja 1ra,2002,2002/03,Córdoba,14,General Roca,14035,43000,42800,116000,2710
554,soja 1ra,2002,2002/03,Córdoba,14,General San Martín,14042,65000,65000,120000,1846
555,soja 1ra,2002,2002/03,Córdoba,14,Ischilín,14049,25000,25000,84000,3360
556,soja 1ra,2002,2002/03,Córdoba,14,Juárez Celman,14056,255000,255000,525000,2059
557,soja 1ra,2002,2002/03,Córdoba,14,Marcos Juárez,14063,398512,391312,1470000,3757
558,soja 1ra,2002,2002/03,Córdoba,14,Pocho,14077,378,378,462,1222
559,soja 1ra,2002,2002/03,Córdoba,14,Presidente Roque Sáenz Peña,14084,52000,51700,140000,2708
560,soja 1ra,2002,2002/03,Córdoba,14,Río Cuarto,14098,258750,258750,535000,2068
561,soja 1ra,2002,2002/03,Córdoba,14,Río Primero,14105,236000,236000,820000,3475
562,soja 1ra,2002,2002/03,Córdoba,14,Río Seco,14112,35000,35000,117000,3343
563,soja 1ra,2002,2002/03,Córdoba,14,Río Segundo,14119,225000,222000,437000,1968
564,soja 1ra,2002,2002/03,Córdoba,14,San Alberto,14126,486,486,595,1224
565,soja 1ra,2002,2002/03,Córdoba,14,San Javier,14133,2635,2635,4244,1611
566,soja 1ra,2002,2002/03,Córdoba,14,San Justo,14140,140000,137000,465000,3394
567,soja 1ra,2002,2002/03,Córdoba,14,Santa María,14147,100000,100000,205000,2050
568,soja 1ra,2002,2002/03,Córdoba,14,Sobremonte,14154,15000,15000,44000,2933
569,soja 1ra,2002,2002/03,Córdoba,14,Tercero Arriba,14161,250000,250000,450000,1800
570,soja 1ra,2002,2002/03,Córdoba,14,Totoral,14168,88000,88000,320000,3636
571,soja 1ra,2002,2002/03,Córdoba,14,Tulumba,14175,45000,45000,145000,3222
572,soja 1ra,2002,2002/03,Córdoba,14,Unión,14182,368910,367160,1355000,3690
573,soja 1ra,2002,2002/03,Corrientes,18,Bella Vista,18007,1500,1500,3800,2533
574,soja 1ra,2002,2002/03,Corrientes,18,Concepción,18028,200,200,700,3500
575,soja 1ra,2002,2002/03,Corrientes,18,Curuzu Cuatia,18035,2260,2200,3300,1500
576,soja 1ra,2002,2002/03,Corrientes,18,Esquina,18049,1750,1700,3400,2000
577,soja 1ra,2002,2002/03,Corrientes,18,Goya,18070,500,450,860,1911
578,soja 1ra,2002,2002/03,Corrientes,18,Ituzaingó,18084,410,325,670,2062
579,soja 1ra,2002,2002/03,Corrientes,18,Mercedes,18105,140,110,270,2455
580,soja 1ra,2002,2002/03,Corrientes,18,Monte Caseros,18112,920,895,1900,2123
581,soja 1ra,2002,2002/03,Corrientes,18,San Martín,18147,130,105,120,1143
582,soja 1ra,2002,2002/03,Corrientes,18,San Roque,18161,800,660,1100,1667
583,soja 1ra,2002,2002/03,Corrientes,18,Santo Tomé,18168,550,490,1300,2653
584,soja 1ra,2002,2002/03,Corrientes,18,Sauce,18175,600,600,1200,2000
585,soja 1ra,2002,2002/03,Entre Ríos,30,Colón,30008,30000,29650,75000,2530
586,soja 1ra,2002,2002/03,Entre Ríos,30,Concordia,30015,26000,26000,62500,2404
587,soja 1ra,2002,2002/03,Entre Ríos,30,Diamante,30021,67000,67000,201000,3000
588,soja 1ra,2002,2002/03,Entre Ríos,30,Federación,30028,9000,9000,21000,2333
589,soja 1ra,2002,2002/03,Entre Ríos,30,Federal,30035,25000,25000,62500,2500
590,soja 1ra,2002,2002/03,Entre Ríos,30,Feliciano,30042,10000,10000,24000,2400
591,soja 1ra,2002,2002/03,Entre Ríos,30,Gualeguay,30049,65000,64650,194000,3001
592,soja 1ra,2002,2002/03,Entre Ríos,30,Gualeguaychú,30056,73000,72650,204000,2808
593,soja 1ra,2002,2002/03,Entre Ríos,30,La Paz,30070,80000,80000,224000,2800
594,soja 1ra,2002,2002/03,Entre Ríos,30,Nogoyá,30077,55000,54900,149000,2714
595,soja 1ra,2002,2002/03,Entre Ríos,30,Paraná,30084,87000,87000,244000,2805
596,soja 1ra,2002,2002/03,Entre Ríos,30,Tala,30091,30000,29750,78000,2622
597,soja 1ra,2002,2002/03,Entre Ríos,30,Uruguay,30098,68000,67650,183000,2705
598,soja 1ra,2002,2002/03,Entre Ríos,30,Victoria,30105,67000,66850,214000,3201
599,soja 1ra,2002,2002/03,Entre Ríos,30,Villaguay,30113,72000,71800,187000,2604
600,soja 1ra,2002,2002/03,Formosa,34,otros departamentos,,8530,7810,15100,1933
601,soja 1ra,2002,2002/03,Jujuy,38,otros departamentos,,1000,1000,1950,1950
602,soja 1ra,2002,2002/03,La Pampa,42,Atreucó,42007,8000,6200,10500,1694
603,soja 1ra,2002,2002/03,La Pampa,42,Capital,42021,5000,3750,6500,1733
604,soja 1ra,2002,2002/03,La Pampa,42,Catriló,42028,7000,5000,8500,1700
605,soja 1ra,2002,2002/03,La Pampa,42,Conhelo,42035,7500,7300,10200,1397
606,soja 1ra,2002,2002/03,La Pampa,42,Chapaleufú,42056,31500,30800,80000,2597
607,soja 1ra,2002,2002/03,La Pampa,42,Guatraché,42070,1380,1050,1500,1429
608,soja 1ra,2002,2002/03,La Pampa,42,Hucal,42077,10,0,0,0
609,soja 1ra,2002,2002/03,La Pampa,42,Maracó,42105,11600,11300,30000,2655
610,soja 1ra,2002,2002/03,La Pampa,42,Quemú Quemú,42119,9100,8900,23500,2640
611,soja 1ra,2002,2002/03,La Pampa,42,Rancul,42126,3400,3300,5500,1667
612,soja 1ra,2002,2002/03,La Pampa,42,Realicó,42133,7600,7400,15000,2027
613,soja 1ra,2002,2002/03,La Pampa,42,Toay,42140,700,600,900,1500
614,soja 1ra,2002,2002/03,La Pampa,42,Trenel,42147,1000,1000,1900,1900
615,soja 1ra,2002,2002/03,La Pampa,42,Utracán,42154,10,0,0,0
616,soja 1ra,2002,2002/03,Misiones,54,otros departamentos,,2200,625,1420,2272
617,soja 1ra,2002,2002/03,Salta,66,Anta,66007,93050,91408,246309,2695
618,soja 1ra,2002,2002/03,Salta,66,General José de San Martín,66056,50000,46000,118000,2565
619,soja 1ra,2002,2002/03,Salta,66,La Candelaria,66084,500,0,0,0
620,soja 1ra,2002,2002/03,Salta,66,Metán,66112,32650,25394,58044,2286
621,soja 1ra,2002,2002/03,Salta,66,Orán,66126,15000,12000,30000,2500
622,soja 1ra,2002,2002/03,Salta,66,Rosario de la Frontera,66140,29550,21793,48019,2203
623,soja 1ra,2002,2002/03,San Luis,74,otros departamentos,,25000,25000,45000,1800
624,soja 1ra,2002,2002/03,Santa Fe,82,Belgrano,82007,125000,125000,440000,3520
625,soja 1ra,2002,2002/03,Santa Fe,82,Caseros,82014,220000,219000,720000,3288
626,soja 1ra,2002,2002/03,Santa Fe,82,Castellanos,82021,113000,111000,356000,3207
627,soja 1ra,2002,2002/03,Santa Fe,82,Constitución,82028,170000,170000,560000,3294
628,soja 1ra,2002,2002/03,Santa Fe,82,Garay,82035,4000,3500,6500,1857
629,soja 1ra,2002,2002/03,Santa Fe,82,General López,82042,459000,447000,1631550,3650
630,soja 1ra,2002,2002/03,Santa Fe,82,General Obligado,82049,110000,110000,220000,2000
631,soja 1ra,2002,2002/03,Santa Fe,82,Iriondo,82056,275000,275000,940000,3418
632,soja 1ra,2002,2002/03,Santa Fe,82,La Capital,82063,32000,30500,80000,2623
633,soja 1ra,2002,2002/03,Santa Fe,82,Las Colonias,82070,114000,111000,333000,3000
634,soja 1ra,2002,2002/03,Santa Fe,82,9 de Julio,82077,60000,37600,91000,2420
635,soja 1ra,2002,2002/03,Santa Fe,82,Rosario,82084,130000,130000,440000,3385
636,soja 1ra,2002,2002/03,Santa Fe,82,San Cristóbal,82091,70000,65000,169000,2600
637,soja 1ra,2002,2002/03,Santa Fe,82,San Javier,82098,25000,23200,46000,1983
638,soja 1ra,2002,2002/03,Santa Fe,82,San Jerónimo,82105,205000,205000,680000,3317
639,soja 1ra,2002,2002/03,Santa Fe,82,San Justo,82112,77000,75000,203000,2707
640,soja 1ra,2002,2002/03,Santa Fe,82,San Lorenzo,82119,140000,140000,470000,3357
641,soja 1ra,2002,2002/03,Santa Fe,82,San Martín,82126,200000,200000,710000,3550
642,soja 1ra,2002,2002/03,Santa Fe,82,Vera,82133,48000,47200,85000,1801
643,soja 1ra,2002,2002/03,Santiago del Estero,86,Aguirre,86007,16000,16000,35500,2219
644,soja 1ra,2002,2002/03,Santiago del Estero,86,Alberdi,86014,62000,62000,137000,2210
645,soja 1ra,2002,2002/03,Santiago del Estero,86,Belgrano,86042,80000,75000,205000,2733
646,soja 1ra,2002,2002/03,Santiago del Estero,86,Copo,86056,15000,15000,33000,2200
647,soja 1ra,2002,2002/03,Santiago del Estero,86,Choya,86063,500,500,1000,2000
648,soja 1ra,2002,2002/03,Santiago del Estero,86,General Taboada,86077,150000,148500,375000,2525
649,soja 1ra,2002,2002/03,Santiago del Estero,86,Guasayán,86084,5000,5000,10000,2000
650,soja 1ra,2002,2002/03,Santiago del Estero,86,Jiménez,86091,35000,35000,72000,2057
651,soja 1ra,2002,2002/03,Santiago del Estero,86,Juan F. Ibarra,86098,45000,45000,100000,2222
652,soja 1ra,2002,2002/03,Santiago del Estero,86,Moreno,86119,185000,185000,370000,2000
653,soja 1ra,2002,2002/03,Santiago del Estero,86,Pellegrini,86133,30000,30000,60000,2000
654,soja 1ra,2002,2002/03,Santiago del Estero,86,Río Hondo,86147,1000,1000,2100,2100
655,soja 1ra,2002,2002/03,Santiago del Estero,86,Rivadavia,86154,30000,29000,73000,2517
656,soja 1ra,2002,2002/03,Tucumán,90,otros departamentos,,160250,158401,351317,2218
657,soja 1ra,2003,2003/04,Buenos Aires,6,Adolfo Alsina,6007,41000,37500,57000,1520
658,soja 1ra,2003,2003/04,Buenos Aires,6,Adolfo Gonzales Chaves,6014,22000,22000,39400,1791
659,soja 1ra,2003,2003/04,Buenos Aires,6,Alberti,6021,15000,15000,43200,2880
660,soja 1ra,2003,2003/04,Buenos Aires,6,Ayacucho,6042,1500,1440,2900,2014
661,soja 1ra,2003,2003/04,Buenos Aires,6,Azul,6049,35000,34000,95200,2800
662,soja 1ra,2003,2003/04,Buenos Aires,6,Balcarce,6063,19000,18500,50900,2751
663,soja 1ra,2003,2003/04,Buenos Aires,6,Baradero,6070,47000,47000,150400,3200
664,soja 1ra,2003,2003/04,Buenos Aires,6,Arrecifes,6077,62000,62000,204600,3300
665,soja 1ra,2003,2003/04,Buenos Aires,6,Benito Juárez,6084,23000,22300,49100,2202
666,soja 1ra,2003,2003/04,Buenos Aires,6,Bolívar,6105,30000,30000,59400,1980
667,soja 1ra,2003,2003/04,Buenos Aires,6,Bragado,6112,48000,48000,162700,3390
668,soja 1ra,2003,2003/04,Buenos Aires,6,Campana,6126,4300,4300,13500,3140
669,soja 1ra,2003,2003/04,Buenos Aires,6,Cañuelas,6134,2990,2990,8100,2709
670,soja 1ra,2003,2003/04,Buenos Aires,6,Capitán Sarmiento,6140,29000,29000,98600,3400
671,soja 1ra,2003,2003/04,Buenos Aires,6,Carlos Casares,6147,52000,52000,145600,2800
672,soja 1ra,2003,2003/04,Buenos Aires,6,Carlos Tejedor,6154,49545,49545,130800,2640
673,soja 1ra,2003,2003/04,Buenos Aires,6,Carmen de Areco,6161,23000,23000,82800,3600
674,soja 1ra,2003,2003/04,Buenos Aires,6,Castelli,6168,700,670,1300,1940
675,soja 1ra,2003,2003/04,Buenos Aires,6,Colón,6175,47000,47000,164500,3500
676,soja 1ra,2003,2003/04,Buenos Aires,6,Coronel Dorrego,6189,4000,4000,6600,1650
677,soja 1ra,2003,2003/04,Buenos Aires,6,Coronel Pringles,6196,10000,10000,14000,1400
678,soja 1ra,2003,2003/04,Buenos Aires,6,Coronel Suárez,6203,55000,53500,82900,1550
679,soja 1ra,2003,2003/04,Buenos Aires,6,Chacabuco,6210,62000,62000,198400,3200
680,soja 1ra,2003,2003/04,Buenos Aires,6,Chascomús,6218,3400,3400,9500,2794
681,soja 1ra,2003,2003/04,Buenos Aires,6,Chivilcoy,6224,20000,20000,67800,3390
682,soja 1ra,2003,2003/04,Buenos Aires,6,Daireaux,6231,60000,60000,136800,2280
683,soja 1ra,2003,2003/04,Buenos Aires,6,Dolores,6238,600,580,1200,2069
684,soja 1ra,2003,2003/04,Buenos Aires,6,Exaltación de la Cruz,6266,10500,10500,35700,3400
685,soja 1ra,2003,2003/04,Buenos Aires,6,Florentino Ameghino,6277,18000,17950,57400,3198
686,soja 1ra,2003,2003/04,Buenos Aires,6,General Alvarado,6280,8000,7750,20900,2697
687,soja 1ra,2003,2003/04,Buenos Aires,6,General Alvear,6287,9000,9000,19600,2178
688,soja 1ra,2003,2003/04,Buenos Aires,6,General Arenales,6294,45000,45000,142700,3171
689,soja 1ra,2003,2003/04,Buenos Aires,6,General Belgrano,6301,3750,3750,10900,2907
690,soja 1ra,2003,2003/04,Buenos Aires,6,General Juan Madariaga,6315,3000,2880,7900,2743
691,soja 1ra,2003,2003/04,Buenos Aires,6,General La Madrid,6322,17000,16700,25900,1551
692,soja 1ra,2003,2003/04,Buenos Aires,6,General Las Heras,6329,1900,1900,6000,3158
693,soja 1ra,2003,2003/04,Buenos Aires,6,General Pinto,6351,25000,24850,82000,3300
694,soja 1ra,2003,2003/04,Buenos Aires,6,General Pueyrredón,6357,8000,7760,20600,2655
695,soja 1ra,2003,2003/04,Buenos Aires,6,General Rodríguez,6364,700,700,2200,3143
696,soja 1ra,2003,2003/04,Buenos Aires,6,General Viamonte,6385,31050,30900,102000,3301
697,soja 1ra,2003,2003/04,Buenos Aires,6,General Villegas,6392,85100,84950,263300,3099
698,soja 1ra,2003,2003/04,Buenos Aires,6,Guaminí,6399,39781,37521,73979,1972
699,soja 1ra,2003,2003/04,Buenos Aires,6,Hipólito Yrigoyen,6406,20000,20000,43600,2180
700,soja 1ra,2003,2003/04,Buenos Aires,6,Junín,6413,58000,58000,168200,2900
701,soja 1ra,2003,2003/04,Buenos Aires,6,Laprida,6448,7000,7000,11800,1686
702,soja 1ra,2003,2003/04,Buenos Aires,6,Las Flores,6455,8920,8920,24200,2713
703,soja 1ra,2003,2003/04,Buenos Aires,6,Leandro N. Alem,6462,46000,46000,144900,3150
704,soja 1ra,2003,2003/04,Buenos Aires,6,Lincoln,6469,34500,34400,113200,3291
705,soja 1ra,2003,2003/04,Buenos Aires,6,Lobería,6476,19000,18500,44400,2400
706,soja 1ra,2003,2003/04,Buenos Aires,6,Lobos,6483,9840,9840,26058,2648
707,soja 1ra,2003,2003/04,Buenos Aires,6,Luján,6497,7000,7000,22400,3200
708,soja 1ra,2003,2003/04,Buenos Aires,6,Maipú,6511,2000,1900,4200,2211
709,soja 1ra,2003,2003/04,Buenos Aires,6,Mar Chiquita,6518,2000,1920,4000,2083
710,soja 1ra,2003,2003/04,Buenos Aires,6,Marcos Paz,6525,2900,2900,9100,3138
711,soja 1ra,2003,2003/04,Buenos Aires,6,Mercedes,6532,6000,6000,17900,2983
712,soja 1ra,2003,2003/04,Buenos Aires,6,Monte,6547,3300,3300,8900,2697
713,soja 1ra,2003,2003/04,Buenos Aires,6,Navarro,6574,6590,6590,19100,2898
714,soja 1ra,2003,2003/04,Buenos Aires,6,Necochea,6581,30000,30000,66000,2200
715,soja 1ra,2003,2003/04,Buenos Aires,6,9 de Julio,6588,60000,59400,183000,3081
716,soja 1ra,2003,2003/04,Buenos Aires,6,Olavarría,6595,40000,40000,79600,1990
717,soja 1ra,2003,2003/04,Buenos Aires,6,Pehuajó,6609,62447,62447,170500,2730
718,soja 1ra,2003,2003/04,Buenos Aires,6,Pellegrini,6616,14222,12444,23423,1882
719,soja 1ra,2003,2003/04,Buenos Aires,6,Pergamino,6623,155000,155000,542500,3500
720,soja 1ra,2003,2003/04,Buenos Aires,6,Pilar,6638,600,600,1900,3167
721,soja 1ra,2003,2003/04,Buenos Aires,6,Puán,6651,5000,4800,5300,1104
722,soja 1ra,2003,2003/04,Buenos Aires,6,Ramallo,6665,56480,56480,179549,3179
723,soja 1ra,2003,2003/04,Buenos Aires,6,Rauch,6672,4000,3850,8100,2104
724,soja 1ra,2003,2003/04,Buenos Aires,6,Rivadavia,6679,68511,68511,169900,2480
725,soja 1ra,2003,2003/04,Buenos Aires,6,Rojas,6686,65000,65000,174900,2691
726,soja 1ra,2003,2003/04,Buenos Aires,6,Roque Pérez,6693,5000,5000,14300,2860
727,soja 1ra,2003,2003/04,Buenos Aires,6,Saavedra,6700,16000,15700,21000,1338
728,soja 1ra,2003,2003/04,Buenos Aires,6,Saladillo,6707,9840,9840,29039,2951
729,soja 1ra,2003,2003/04,Buenos Aires,6,Salto,6714,78000,78000,265200,3400
730,soja 1ra,2003,2003/04,Buenos Aires,6,Salliqueló,6721,10636,9409,18333,1948
731,soja 1ra,2003,2003/04,Buenos Aires,6,San Andrés de Giles,6728,20000,20000,56800,2840
732,soja 1ra,2003,2003/04,Buenos Aires,6,San Antonio de Areco,6735,40000,40000,127600,3190
733,soja 1ra,2003,2003/04,Buenos Aires,6,San Cayetano,6742,15000,15000,30000,2000
734,soja 1ra,2003,2003/04,Buenos Aires,6,San Nicolás,6763,36870,36870,117862,3197
735,soja 1ra,2003,2003/04,Buenos Aires,6,San Pedro,6770,46000,46000,142600,3100
736,soja 1ra,2003,2003/04,Buenos Aires,6,Suipacha,6784,9000,9000,32400,3600
737,soja 1ra,2003,2003/04,Buenos Aires,6,Tandil,6791,42000,40800,113400,2779
738,soja 1ra,2003,2003/04,Buenos Aires,6,Tapalqué,6798,1000,1000,2000,2000
739,soja 1ra,2003,2003/04,Buenos Aires,6,Tornquist,6819,6000,5800,6400,1103
740,soja 1ra,2003,2003/04,Buenos Aires,6,Trenque Lauquen,6826,65734,65734,144600,2200
741,soja 1ra,2003,2003/04,Buenos Aires,6,Tres Arroyos,6833,25000,25000,47500,1900
742,soja 1ra,2003,2003/04,Buenos Aires,6,Tres Lomas,6847,12174,10869,22039,2028
743,soja 1ra,2003,2003/04,Buenos Aires,6,25 de Mayo,6854,14478,14478,40000,2763
744,soja 1ra,2003,2003/04,Buenos Aires,6,Zárate,6882,23000,23000,69000,3000
745,soja 1ra,2003,2003/04,Catamarca,10,El Alto,10056,15000,15000,43500,2900
746,soja 1ra,2003,2003/04,Catamarca,10,Santa Rosa,10098,16000,16000,46400,2900
747,soja 1ra,2003,2003/04,Chaco,22,Almirante Brown,22007,92334,87717,110523,1260
748,soja 1ra,2003,2003/04,Chaco,22,Bermejo,22014,4145,4145,5803,1400
749,soja 1ra,2003,2003/04,Chaco,22,Comandante Fernández,22021,41462,39430,45771,1161
750,soja 1ra,2003,2003/04,Chaco,22,Chacabuco,22028,62900,58969,62507,1060
751,soja 1ra,2003,2003/04,Chaco,22,12 de Octubre,22036,59000,56050,50453,900
752,soja 1ra,2003,2003/04,Chaco,22,2 de Abril,22039,42300,42300,54990,1300
753,soja 1ra,2003,2003/04,Chaco,22,Fray Justo Santa María de Oro,22043,33625,31944,70239,2199
754,soja 1ra,2003,2003/04,Chaco,22,General Belgrano,22049,41600,39520,39559,1001
755,soja 1ra,2003,2003/04,Chaco,22,General Donovan,22056,5000,5000,6500,1300
756,soja 1ra,2003,2003/04,Chaco,22,General Güemes,22063,8335,7409,8520,1150
757,soja 1ra,2003,2003/04,Chaco,22,Independencia,22070,28310,26820,29502,1100
758,soja 1ra,2003,2003/04,Chaco,22,Libertad,22077,3050,3050,3889,1275
759,soja 1ra,2003,2003/04,Chaco,22,Libertador General San Martín,22084,9433,8961,11649,1300
760,soja 1ra,2003,2003/04,Chaco,22,Maipú,22091,10250,9738,8747,898
761,soja 1ra,2003,2003/04,Chaco,22,Mayor Luis J. Fontana,22098,40160,38152,30505,800
762,soja 1ra,2003,2003/04,Chaco,22,9 de Julio,22105,44762,42524,45508,1070
763,soja 1ra,2003,2003/04,Chaco,22,O'Higgins,22112,46750,44413,41768,940
764,soja 1ra,2003,2003/04,Chaco,22,Presidencia de la Plaza,22119,4000,4000,5200,1300
765,soja 1ra,2003,2003/04,Chaco,22,Quitilipi,22133,8350,8044,9630,1197
766,soja 1ra,2003,2003/04,Chaco,22,San Fernando,22140,8675,8675,10265,1183
767,soja 1ra,2003,2003/04,Chaco,22,San Lorenzo,22147,15675,14891,14933,1003
768,soja 1ra,2003,2003/04,Chaco,22,Sargento Cabral,22154,6506,6506,13012,2000
769,soja 1ra,2003,2003/04,Chaco,22,25 de Mayo,22168,453,430,553,1286
770,soja 1ra,2003,2003/04,Córdoba,14,Calamuchita,14007,68650,68650,144200,2101
771,soja 1ra,2003,2003/04,Córdoba,14,Capital,14014,3000,3000,5700,1900
772,soja 1ra,2003,2003/04,Córdoba,14,Colón,14021,73000,73000,116800,1600
773,soja 1ra,2003,2003/04,Córdoba,14,General Roca,14035,65000,64800,155500,2400
774,soja 1ra,2003,2003/04,Córdoba,14,General San Martín,14042,76000,76000,159600,2100
775,soja 1ra,2003,2003/04,Córdoba,14,Ischilín,14049,29000,28000,33600,1200
776,soja 1ra,2003,2003/04,Córdoba,14,Juárez Celman,14056,350000,350000,770000,2200
777,soja 1ra,2003,2003/04,Córdoba,14,Marcos Juárez,14063,433480,433230,1299700,3000
778,soja 1ra,2003,2003/04,Córdoba,14,Pocho,14077,443,443,750,1693
779,soja 1ra,2003,2003/04,Córdoba,14,Presidente Roque Sáenz Peña,14084,70000,68100,163400,2399
780,soja 1ra,2003,2003/04,Córdoba,14,Río Cuarto,14098,400000,398000,875600,2200
781,soja 1ra,2003,2003/04,Córdoba,14,Río Primero,14105,250000,250000,550000,2200
782,soja 1ra,2003,2003/04,Córdoba,14,Río Seco,14112,40000,40000,48000,1200
783,soja 1ra,2003,2003/04,Córdoba,14,Río Segundo,14119,232000,232000,371200,1600
784,soja 1ra,2003,2003/04,Córdoba,14,San Alberto,14126,570,570,965,1693
785,soja 1ra,2003,2003/04,Córdoba,14,San Javier,14133,3087,3087,6886,2231
786,soja 1ra,2003,2003/04,Córdoba,14,San Justo,14140,175000,170000,280500,1650
787,soja 1ra,2003,2003/04,Córdoba,14,Santa María,14147,150000,149500,246700,1650
788,soja 1ra,2003,2003/04,Córdoba,14,Sobremonte,14154,18000,18000,23000,1278
789,soja 1ra,2003,2003/04,Córdoba,14,Tercero Arriba,14161,260000,260000,483600,1860
790,soja 1ra,2003,2003/04,Córdoba,14,Totoral,14168,94000,94000,141000,1500
791,soja 1ra,2003,2003/04,Córdoba,14,Tulumba,14175,79500,79000,108738,1376
792,soja 1ra,2003,2003/04,Córdoba,14,Unión,14182,400000,399000,1117200,2800
793,soja 1ra,2003,2003/04,Corrientes,18,Bella Vista,18007,2000,2000,2800,1400
794,soja 1ra,2003,2003/04,Corrientes,18,Concepción,18028,400,400,480,1200
795,soja 1ra,2003,2003/04,Corrientes,18,Curuzu Cuatia,18035,2600,2200,2926,1330
796,soja 1ra,2003,2003/04,Corrientes,18,Esquina,18049,1360,1300,2600,2000
797,soja 1ra,2003,2003/04,Corrientes,18,General Alvear,18056,100,100,90,900
798,soja 1ra,2003,2003/04,Corrientes,18,Goya,18070,600,480,768,1600
799,soja 1ra,2003,2003/04,Corrientes,18,Ituzaingó,18084,695,695,621,894
800,soja 1ra,2003,2003/04,Corrientes,18,Mercedes,18105,2500,2000,3400,1700
801,soja 1ra,2003,2003/04,Corrientes,18,Monte Caseros,18112,3040,2360,1965,833
802,soja 1ra,2003,2003/04,Corrientes,18,Saladas,18126,600,550,660,1200
803,soja 1ra,2003,2003/04,Corrientes,18,San Martín,18147,150,130,104,800
804,soja 1ra,2003,2003/04,Corrientes,18,San Roque,18161,950,750,1500,2000
805,soja 1ra,2003,2003/04,Corrientes,18,Santo Tomé,18168,3960,2500,1500,600
806,soja 1ra,2003,2003/04,Corrientes,18,Sauce,18175,1100,1000,1900,1900
807,soja 1ra,2003,2003/04,Entre Ríos,30,Colón,30008,30000,29900,50830,1700
808,soja 1ra,2003,2003/04,Entre Ríos,30,Concordia,30015,27000,27000,45900,1700
809,soja 1ra,2003,2003/04,Entre Ríos,30,Diamante,30021,74200,74200,148400,2000
810,soja 1ra,2003,2003/04,Entre Ríos,30,Federación,30028,10000,10000,15000,1500
811,soja 1ra,2003,2003/04,Entre Ríos,30,Federal,30035,25000,25000,35250,1410
812,soja 1ra,2003,2003/04,Entre Ríos,30,Feliciano,30042,9000,9000,12600,1400
813,soja 1ra,2003,2003/04,Entre Ríos,30,Gualeguay,30049,90000,90000,207000,2300
814,soja 1ra,2003,2003/04,Entre Ríos,30,Gualeguaychú,30056,97000,96550,173790,1800
815,soja 1ra,2003,2003/04,Entre Ríos,30,La Paz,30070,83500,83500,133600,1600
816,soja 1ra,2003,2003/04,Entre Ríos,30,Nogoyá,30077,80000,79900,175780,2200
817,soja 1ra,2003,2003/04,Entre Ríos,30,Paraná,30084,93000,91500,183000,2000
818,soja 1ra,2003,2003/04,Entre Ríos,30,San Salvador,30088,21000,20900,42700,2043
819,soja 1ra,2003,2003/04,Entre Ríos,30,Tala,30091,37000,36900,70110,1900
820,soja 1ra,2003,2003/04,Entre Ríos,30,Uruguay,30098,98000,97750,156400,1600
821,soja 1ra,2003,2003/04,Entre Ríos,30,Victoria,30105,85000,85000,204000,2400
822,soja 1ra,2003,2003/04,Entre Ríos,30,Villaguay,30113,85000,84700,194810,2300
823,soja 1ra,2003,2003/04,Formosa,34,Bermejo,34007,344,344,903,2625
824,soja 1ra,2003,2003/04,Formosa,34,Laishí,34021,270,270,590,2185
825,soja 1ra,2003,2003/04,Formosa,34,Patiño,34035,407,407,855,2101
826,soja 1ra,2003,2003/04,Formosa,34,Pilagás,34042,300,300,620,2067
827,soja 1ra,2003,2003/04,Formosa,34,Pilcomayo,34049,535,535,1101,2058
828,soja 1ra,2003,2003/04,Formosa,34,Pirané,34056,9431,9431,16103,1707
829,soja 1ra,2003,2003/04,Jujuy,38,El Carmen,38014,400,400,800,2000
830,soja 1ra,2003,2003/04,Jujuy,38,San Pedro,38063,6000,6000,12600,2100
831,soja 1ra,2003,2003/04,Jujuy,38,Santa Bárbara,38070,2000,2000,4400,2200
832,soja 1ra,2003,2003/04,La Pampa,42,Atreucó,42007,9000,8200,11900,1451
833,soja 1ra,2003,2003/04,La Pampa,42,Capital,42021,8000,7300,10700,1466
834,soja 1ra,2003,2003/04,La Pampa,42,Catriló,42028,11000,9900,14900,1505
835,soja 1ra,2003,2003/04,La Pampa,42,Conhelo,42035,9600,9450,15100,1598
836,soja 1ra,2003,2003/04,La Pampa,42,Chapaleufú,42056,35600,33800,81100,2399
837,soja 1ra,2003,2003/04,La Pampa,42,Guatraché,42070,1400,1100,1100,1000
838,soja 1ra,2003,2003/04,La Pampa,42,Maracó,42105,25000,24200,53200,2198
839,soja 1ra,2003,2003/04,La Pampa,42,Quemú Quemú,42119,21300,20900,46000,2201
840,soja 1ra,2003,2003/04,La Pampa,42,Rancul,42126,4200,4000,6000,1500
841,soja 1ra,2003,2003/04,La Pampa,42,Realicó,42133,10200,9850,16800,1706
842,soja 1ra,2003,2003/04,La Pampa,42,Toay,42140,600,500,600,1200
843,soja 1ra,2003,2003/04,La Pampa,42,Trenel,42147,3200,3100,5000,1613
844,soja 1ra,2003,2003/04,Misiones,54,Cainguás,54014,400,400,850,2125
845,soja 1ra,2003,2003/04,Misiones,54,General Manuel Belgrano,54049,400,400,850,2125
846,soja 1ra,2003,2003/04,Misiones,54,Guaraní,54056,500,500,1200,2400
847,soja 1ra,2003,2003/04,Misiones,54,Leandro N. Alem,54070,200,200,450,2250
848,soja 1ra,2003,2003/04,Misiones,54,Oberá,54091,50,50,110,2200
849,soja 1ra,2003,2003/04,Misiones,54,San Javier,54105,100,100,220,2200
850,soja 1ra,2003,2003/04,Misiones,54,San Pedro,54112,100,100,220,2200
851,soja 1ra,2003,2003/04,Misiones,54,25 de Mayo,54119,500,500,1100,2200
852,soja 1ra,2003,2003/04,Salta,66,Anta,66007,158750,158060,284508,1800
853,soja 1ra,2003,2003/04,Salta,66,General José de San Martín,66056,80000,80000,240000,3000
854,soja 1ra,2003,2003/04,Salta,66,La Candelaria,66084,1000,200,300,1500
855,soja 1ra,2003,2003/04,Salta,66,Metán,66112,39550,35595,42714,1200
856,soja 1ra,2003,2003/04,Salta,66,Orán,66126,21100,21100,52750,2500
857,soja 1ra,2003,2003/04,Salta,66,Rosario de la Frontera,66140,44450,36902,47972,1300
858,soja 1ra,2003,2003/04,San Luis,74,otros departamentos,,35000,35000,57750,1650
859,soja 1ra,2003,2003/04,Santa Fe,82,Belgrano,82007,139000,139000,369700,2660
860,soja 1ra,2003,2003/04,Santa Fe,82,Caseros,82014,230000,230000,667000,2900
861,soja 1ra,2003,2003/04,Santa Fe,82,Castellanos,82021,150000,150000,337500,2250
862,soja 1ra,2003,2003/04,Santa Fe,82,Constitución,82028,180000,180000,493200,2740
863,soja 1ra,2003,2003/04,Santa Fe,82,Garay,82035,5000,5000,10750,2150
864,soja 1ra,2003,2003/04,Santa Fe,82,General López,82042,541800,541800,1757104,3243
865,soja 1ra,2003,2003/04,Santa Fe,82,General Obligado,82049,115000,107500,145100,1350
866,soja 1ra,2003,2003/04,Santa Fe,82,Iriondo,82056,305000,305000,884500,2900
867,soja 1ra,2003,2003/04,Santa Fe,82,La Capital,82063,41500,41500,91300,2200
868,soja 1ra,2003,2003/04,Santa Fe,82,Las Colonias,82070,142000,142000,369200,2600
869,soja 1ra,2003,2003/04,Santa Fe,82,9 de Julio,82077,60000,60000,168000,2800
870,soja 1ra,2003,2003/04,Santa Fe,82,Rosario,82084,135000,135000,391500,2900
871,soja 1ra,2003,2003/04,Santa Fe,82,San Cristóbal,82091,82000,82000,211600,2580
872,soja 1ra,2003,2003/04,Santa Fe,82,San Javier,82098,23000,23000,41400,1800
873,soja 1ra,2003,2003/04,Santa Fe,82,San Jerónimo,82105,239500,239500,641900,2680
874,soja 1ra,2003,2003/04,Santa Fe,82,San Justo,82112,108000,108000,259015,2398
875,soja 1ra,2003,2003/04,Santa Fe,82,San Lorenzo,82119,146000,146000,442400,3030
876,soja 1ra,2003,2003/04,Santa Fe,82,San Martín,82126,241400,241400,626512,2595
877,soja 1ra,2003,2003/04,Santa Fe,82,Vera,82133,48000,48000,100800,2100
878,soja 1ra,2003,2003/04,Santiago del Estero,86,Aguirre,86007,15300,15300,29070,1900
879,soja 1ra,2003,2003/04,Santiago del Estero,86,Alberdi,86014,50500,50500,70700,1400
880,soja 1ra,2003,2003/04,Santiago del Estero,86,Belgrano,86042,34400,34400,72240,2100
881,soja 1ra,2003,2003/04,Santiago del Estero,86,Copo,86056,12250,12250,15925,1300
882,soja 1ra,2003,2003/04,Santiago del Estero,86,Choya,86063,50000,50000,80000,1600
883,soja 1ra,2003,2003/04,Santiago del Estero,86,General Taboada,86077,85400,85400,204960,2400
884,soja 1ra,2003,2003/04,Santiago del Estero,86,Guasayán,86084,10350,10350,19665,1900
885,soja 1ra,2003,2003/04,Santiago del Estero,86,Jiménez,86091,1100,1100,2200,2000
886,soja 1ra,2003,2003/04,Santiago del Estero,86,Juan F. Ibarra,86098,49525,49525,84193,1700
887,soja 1ra,2003,2003/04,Santiago del Estero,86,Moreno,86119,164405,160146,216197,1350
888,soja 1ra,2003,2003/04,Santiago del Estero,86,Pellegrini,86133,1100,1100,2200,2000
889,soja 1ra,2003,2003/04,Santiago del Estero,86,Río Hondo,86147,3000,3000,6000,2000
890,soja 1ra,2003,2003/04,Santiago del Estero,86,Rivadavia,86154,27250,27250,65400,2400
891,soja 1ra,2003,2003/04,Tucumán,90,Burruyacú,90007,102200,101670,222500,2188
892,soja 1ra,2003,2003/04,Tucumán,90,Cruz Alta,90014,36500,36150,74000,2047
893,soja 1ra,2003,2003/04,Tucumán,90,Chicligasta,90021,170,165,400,2424
894,soja 1ra,2003,2003/04,Tucumán,90,Famaillá,90028,70,65,180,2769
895,soja 1ra,2003,2003/04,Tucumán,90,Graneros,90035,20500,18950,41000,2164
896,soja 1ra,2003,2003/04,Tucumán,90,Juan Bautista Alberdi,90042,870,860,2340,2721
897,soja 1ra,2003,2003/04,Tucumán,90,La Cocha,90049,30000,29650,73180,2468
898,soja 1ra,2003,2003/04,Tucumán,90,Leales,90056,36450,33950,70000,2062
899,soja 1ra,2003,2003/04,Tucumán,90,Lules,90063,90,88,220,2500
900,soja 1ra,2003,2003/04,Tucumán,90,Simoca,90091,2900,2580,4800,1860
901,soja 1ra,2003,2003/04,Tucumán,90,Tafí Viejo,90105,100,100,260,2600
902,soja 1ra,2003,2003/04,Tucumán,90,Trancas,90112,150,125,220,1760
903,soja 1ra,2004,2004/05,Buenos Aires,6,Adolfo Alsina,6007,32315,32315,82064,2540
904,soja 1ra,2004,2004/05,Buenos Aires,6,Adolfo Gonzales Chaves,6014,20197,20197,45135,2235
905,soja 1ra,2004,2004/05,Buenos Aires,6,Alberti,6021,13734,13633,48520,3559
906,soja 1ra,2004,2004/05,Buenos Aires,6,Ayacucho,6042,1308,1152,2805,2435
907,soja 1ra,2004,2004/05,Buenos Aires,6,Azul,6049,34335,28882,83000,2874
908,soja 1ra,2004,2004/05,Buenos Aires,6,Bahía Blanca,6056,1919,1919,3283,1711
909,soja 1ra,2004,2004/05,Buenos Aires,6,Balcarce,6063,24139,19252,46645,2423
910,soja 1ra,2004,2004/05,Buenos Aires,6,Baradero,6070,45291,45291,138071,3049
911,soja 1ra,2004,2004/05,Buenos Aires,6,Arrecifes,6077,59076,59076,204030,3454
912,soja 1ra,2004,2004/05,Buenos Aires,6,Benito Juárez,6084,24307,21637,58603,2708
913,soja 1ra,2004,2004/05,Buenos Aires,6,Bolívar,6105,40394,37869,126993,3353
914,soja 1ra,2004,2004/05,Buenos Aires,6,Bragado,6112,55669,55366,193660,3498
915,soja 1ra,2004,2004/05,Buenos Aires,6,Campana,6126,4039,4039,12720,3149
916,soja 1ra,2004,2004/05,Buenos Aires,6,Cañuelas,6134,4343,4343,16310,3755
917,soja 1ra,2004,2004/05,Buenos Aires,6,Capitán Sarmiento,6140,28780,28780,102374,3557
918,soja 1ra,2004,2004/05,Buenos Aires,6,Carlos Casares,6147,48106,48106,185668,3860
919,soja 1ra,2004,2004/05,Buenos Aires,6,Carlos Tejedor,6154,48532,48532,177462,3657
920,soja 1ra,2004,2004/05,Buenos Aires,6,Carmen de Areco,6161,24843,24843,88320,3555
921,soja 1ra,2004,2004/05,Buenos Aires,6,Castelli,6168,2209,2102,4477,2130
922,soja 1ra,2004,2004/05,Buenos Aires,6,Colón,6175,46554,46554,170282,3658
923,soja 1ra,2004,2004/05,Buenos Aires,6,Coronel Dorrego,6189,5655,5655,12617,2231
924,soja 1ra,2004,2004/05,Buenos Aires,6,Coronel Pringles,6196,5655,5655,8617,1524
925,soja 1ra,2004,2004/05,Buenos Aires,6,Coronel Suárez,6203,41403,41403,105144,2540
926,soja 1ra,2004,2004/05,Buenos Aires,6,Chacabuco,6210,70689,70689,272860,3860
927,soja 1ra,2004,2004/05,Buenos Aires,6,Chascomús,6218,5150,5150,18875,3665
928,soja 1ra,2004,2004/05,Buenos Aires,6,Chivilcoy,6224,20500,20197,71805,3555
929,soja 1ra,2004,2004/05,Buenos Aires,6,Daireaux,6231,50490,47865,155613,3251
930,soja 1ra,2004,2004/05,Buenos Aires,6,Dolores,6238,3029,2938,6912,2353
931,soja 1ra,2004,2004/05,Buenos Aires,6,Exaltación de la Cruz,6266,9997,9997,32517,3253
932,soja 1ra,2004,2004/05,Buenos Aires,6,Florentino Ameghino,6277,22217,22217,81243,3657
933,soja 1ra,2004,2004/05,Buenos Aires,6,General Alvarado,6280,13128,11391,29911,2626
934,soja 1ra,2004,2004/05,Buenos Aires,6,General Alvear,6287,7069,6716,21849,3253
935,soja 1ra,2004,2004/05,Buenos Aires,6,General Arenales,6294,52512,52512,202697,3860
936,soja 1ra,2004,2004/05,Buenos Aires,6,General Belgrano,6301,6564,6564,25337,3860
937,soja 1ra,2004,2004/05,Buenos Aires,6,General Juan Madariaga,6315,4973,4438,11622,2619
938,soja 1ra,2004,2004/05,Buenos Aires,6,General La Madrid,6322,13128,13128,33338,2539
939,soja 1ra,2004,2004/05,Buenos Aires,6,General Las Heras,6329,1918,1918,5847,3048
940,soja 1ra,2004,2004/05,Buenos Aires,6,General Pinto,6351,28275,26256,93347,3555
941,soja 1ra,2004,2004/05,Buenos Aires,6,General Pueyrredón,6357,12118,10987,28927,2633
942,soja 1ra,2004,2004/05,Buenos Aires,6,General Rodríguez,6364,707,707,2154,3047
943,soja 1ra,2004,2004/05,Buenos Aires,6,General Viamonte,6385,65640,65640,226700,3454
944,soja 1ra,2004,2004/05,Buenos Aires,6,General Villegas,6392,100984,100984,359027,3555
945,soja 1ra,2004,2004/05,Buenos Aires,6,Guaminí,6399,33325,33325,98168,2946
946,soja 1ra,2004,2004/05,Buenos Aires,6,Hipólito Yrigoyen,6406,25246,24236,81243,3352
947,soja 1ra,2004,2004/05,Buenos Aires,6,Junín,6413,70689,70689,251319,3555
948,soja 1ra,2004,2004/05,Buenos Aires,6,Laprida,6448,5655,5655,12617,2231
949,soja 1ra,2004,2004/05,Buenos Aires,6,Las Flores,6455,9392,9331,35082,3760
950,soja 1ra,2004,2004/05,Buenos Aires,6,Leandro N. Alem,6462,46452,46452,174590,3759
951,soja 1ra,2004,2004/05,Buenos Aires,6,Lincoln,6469,60590,60590,209261,3454
952,soja 1ra,2004,2004/05,Buenos Aires,6,Lobería,6476,24991,20349,56111,2757
953,soja 1ra,2004,2004/05,Buenos Aires,6,Lobos,6483,10947,10947,40979,3743
954,soja 1ra,2004,2004/05,Buenos Aires,6,Luján,6497,7573,7573,23080,3048
955,soja 1ra,2004,2004/05,Buenos Aires,6,Maipú,6511,1731,1553,4308,2774
956,soja 1ra,2004,2004/05,Buenos Aires,6,Mar Chiquita,6518,1616,1545,3824,2475
957,soja 1ra,2004,2004/05,Buenos Aires,6,Marcos Paz,6525,2928,2928,8925,3048
958,soja 1ra,2004,2004/05,Buenos Aires,6,Mercedes,6532,6362,6059,19695,3251
959,soja 1ra,2004,2004/05,Buenos Aires,6,Monte,6547,4949,4949,18567,3752
960,soja 1ra,2004,2004/05,Buenos Aires,6,Navarro,6574,8897,8897,33441,3759
961,soja 1ra,2004,2004/05,Buenos Aires,6,Necochea,6581,24236,24236,54162,2235
962,soja 1ra,2004,2004/05,Buenos Aires,6,9 de Julio,6588,67659,60590,233881,3860
963,soja 1ra,2004,2004/05,Buenos Aires,6,Olavarría,6595,35344,33829,103092,3047
964,soja 1ra,2004,2004/05,Buenos Aires,6,Patagones,6602,808,808,1436,1777
965,soja 1ra,2004,2004/05,Buenos Aires,6,Pehuajó,6609,61800,61800,238599,3861
966,soja 1ra,2004,2004/05,Buenos Aires,6,Pellegrini,6616,12118,12118,32004,2641
967,soja 1ra,2004,2004/05,Buenos Aires,6,Pergamino,6623,155314,155314,552183,3555
968,soja 1ra,2004,2004/05,Buenos Aires,6,Pilar,6638,606,606,1846,3046
969,soja 1ra,2004,2004/05,Buenos Aires,6,Puán,6651,3030,3030,5539,1828
970,soja 1ra,2004,2004/05,Buenos Aires,6,Ramallo,6665,54582,54582,183001,3353
971,soja 1ra,2004,2004/05,Buenos Aires,6,Rauch,6672,3635,3303,8807,2666
972,soja 1ra,2004,2004/05,Buenos Aires,6,Rivadavia,6679,67801,67801,268552,3961
973,soja 1ra,2004,2004/05,Buenos Aires,6,Rojas,6686,66649,66649,250498,3758
974,soja 1ra,2004,2004/05,Buenos Aires,6,Roque Pérez,6693,9088,9088,35082,3860
975,soja 1ra,2004,2004/05,Buenos Aires,6,Saavedra,6700,12118,12118,22157,1828
976,soja 1ra,2004,2004/05,Buenos Aires,6,Saladillo,6707,10603,10603,40929,3860
977,soja 1ra,2004,2004/05,Buenos Aires,6,Salto,6714,76647,76647,264757,3454
978,soja 1ra,2004,2004/05,Buenos Aires,6,Salliqueló,6721,9088,9088,24927,2743
979,soja 1ra,2004,2004/05,Buenos Aires,6,San Andrés de Giles,6728,25751,25751,83705,3251
980,soja 1ra,2004,2004/05,Buenos Aires,6,San Antonio de Areco,6735,39889,39889,137763,3454
981,soja 1ra,2004,2004/05,Buenos Aires,6,San Cayetano,6742,12118,12118,27081,2235
982,soja 1ra,2004,2004/05,Buenos Aires,6,San Nicolás,6763,36557,36557,122582,3353
983,soja 1ra,2004,2004/05,Buenos Aires,6,San Pedro,6770,46250,46250,150381,3251
984,soja 1ra,2004,2004/05,Buenos Aires,6,Suipacha,6784,7877,7574,24619,3250
985,soja 1ra,2004,2004/05,Buenos Aires,6,Tandil,6791,47614,40150,112692,2807
986,soja 1ra,2004,2004/05,Buenos Aires,6,Tapalqué,6798,1010,959,2975,3102
987,soja 1ra,2004,2004/05,Buenos Aires,6,Tornquist,6819,4039,4039,7386,1829
988,soja 1ra,2004,2004/05,Buenos Aires,6,Trenque Lauquen,6826,65053,65053,224648,3453
989,soja 1ra,2004,2004/05,Buenos Aires,6,Tres Arroyos,6833,20197,20197,47187,2336
990,soja 1ra,2004,2004/05,Buenos Aires,6,Tres Lomas,6847,10098,10098,28723,2844
991,soja 1ra,2004,2004/05,Buenos Aires,6,25 de Mayo,6854,20505,20505,70000,3414
992,soja 1ra,2004,2004/05,Buenos Aires,6,Villarino,6875,1111,1111,1846,1662
993,soja 1ra,2004,2004/05,Buenos Aires,6,Zárate,6882,22065,22065,67292,3050
994,soja 1ra,2004,2004/05,Catamarca,10,El Alto,10056,9197,9197,20553,2235
995,soja 1ra,2004,2004/05,Catamarca,10,Santa Rosa,10098,11197,11197,25022,2235
996,soja 1ra,2004,2004/05,Chaco,22,Almirante Brown,22007,49368,49368,57823,1171
997,soja 1ra,2004,2004/05,Chaco,22,Bermejo,22014,1515,1515,2052,1354
998,soja 1ra,2004,2004/05,Chaco,22,Comandante Fernández,22021,41843,35865,48374,1349
999,soja 1ra,2004,2004/05,Chaco,22,Chacabuco,22028,76678,73728,103352,1402
1000,soja 1ra,2004,2004/05,Chaco,22,12 de Octubre,22036,72603,70667,100792,1426
1001,soja 1ra,2004,2004/05,Chaco,22,2 de Abril,22039,43388,43388,63005,1452
1002,soja 1ra,2004,2004/05,Chaco,22,Fray Justo Santa María de Oro,22043,27801,27801,40645,1462
1003,soja 1ra,2004,2004/05,Chaco,22,General Belgrano,22049,46513,46513,65341,1405
1004,soja 1ra,2004,2004/05,Chaco,22,General Donovan,22056,4241,4241,6462,1524
1005,soja 1ra,2004,2004/05,Chaco,22,General Güemes,22063,5364,5364,6241,1164
1006,soja 1ra,2004,2004/05,Chaco,22,Independencia,22070,36117,32104,38114,1187
1007,soja 1ra,2004,2004/05,Chaco,22,Libertad,22077,3332,3332,4821,1447
1008,soja 1ra,2004,2004/05,Chaco,22,Libertador General San Martín,22084,6951,6951,10503,1511
1009,soja 1ra,2004,2004/05,Chaco,22,Maipú,22091,13188,10833,13683,1263
1010,soja 1ra,2004,2004/05,Chaco,22,Mayor Luis J. Fontana,22098,38969,38969,55220,1417
1011,soja 1ra,2004,2004/05,Chaco,22,9 de Julio,22105,60020,60020,81901,1365
1012,soja 1ra,2004,2004/05,Chaco,22,O'Higgins,22112,48882,41827,60917,1456
1013,soja 1ra,2004,2004/05,Chaco,22,Presidencia de la Plaza,22119,3030,3030,3795,1252
1014,soja 1ra,2004,2004/05,Chaco,22,Quitilipi,22133,27171,27171,34449,1268
1015,soja 1ra,2004,2004/05,Chaco,22,San Fernando,22140,10252,10252,15769,1538
1016,soja 1ra,2004,2004/05,Chaco,22,San Lorenzo,22147,14138,13633,16926,1242
1017,soja 1ra,2004,2004/05,Chaco,22,Sargento Cabral,22154,7574,7574,12617,1666
1018,soja 1ra,2004,2004/05,Chaco,22,25 de Mayo,22168,400,400,508,1270
1019,soja 1ra,2004,2004/05,Córdoba,14,Calamuchita,14007,69326,69326,197157,2844
1020,soja 1ra,2004,2004/05,Córdoba,14,Capital,14014,2019,2019,6155,3049
1021,soja 1ra,2004,2004/05,Córdoba,14,Colón,14021,70688,70688,179513,2540
1022,soja 1ra,2004,2004/05,Córdoba,14,General Roca,14035,80787,77758,276451,3555
1023,soja 1ra,2004,2004/05,Córdoba,14,General San Martín,14042,88361,88058,268347,3047
1024,soja 1ra,2004,2004/05,Córdoba,14,Ischilín,14049,29285,26256,40006,1524
1025,soja 1ra,2004,2004/05,Córdoba,14,Juárez Celman,14056,257509,257509,732415,2844
1026,soja 1ra,2004,2004/05,Córdoba,14,Marcos Juárez,14063,409389,406814,1599209,3931
1027,soja 1ra,2004,2004/05,Córdoba,14,Pocho,14077,546,546,716,1311
1028,soja 1ra,2004,2004/05,Córdoba,14,Presidente Roque Sáenz Peña,14084,95935,94420,364463,3860
1029,soja 1ra,2004,2004/05,Córdoba,14,Río Cuarto,14098,343346,343346,976553,2844
1030,soja 1ra,2004,2004/05,Córdoba,14,Río Primero,14105,242362,242362,615475,2539
1031,soja 1ra,2004,2004/05,Córdoba,14,Río Seco,14112,40394,34335,52315,1524
1032,soja 1ra,2004,2004/05,Córdoba,14,Río Segundo,14119,223175,223175,634761,2844
1033,soja 1ra,2004,2004/05,Córdoba,14,San Alberto,14126,702,702,920,1311
1034,soja 1ra,2004,2004/05,Córdoba,14,San Javier,14133,3802,3802,6570,1728
1035,soja 1ra,2004,2004/05,Córdoba,14,San Justo,14140,166624,165109,335434,2032
1036,soja 1ra,2004,2004/05,Córdoba,14,Santa María,14147,90886,90886,276964,3047
1037,soja 1ra,2004,2004/05,Córdoba,14,Sobremonte,14154,18177,13128,20003,1524
1038,soja 1ra,2004,2004/05,Córdoba,14,Tercero Arriba,14161,245593,245593,748417,3047
1039,soja 1ra,2004,2004/05,Córdoba,14,Totoral,14168,94925,93915,238497,2540
1040,soja 1ra,2004,2004/05,Córdoba,14,Tulumba,14175,67154,61096,117966,1931
1041,soja 1ra,2004,2004/05,Córdoba,14,Unión,14182,373742,369703,1366969,3697
1042,soja 1ra,2004,2004/05,Corrientes,18,otros departamentos,,24468,19374,32107,1657
1043,soja 1ra,2004,2004/05,Entre Ríos,30,Colón,30008,25246,25196,58865,2336
1044,soja 1ra,2004,2004/05,Entre Ríos,30,Concordia,30015,30295,30295,61547,2032
1045,soja 1ra,2004,2004/05,Entre Ríos,30,Diamante,30021,75738,75738,200029,2641
1046,soja 1ra,2004,2004/05,Entre Ríos,30,Federación,30028,12118,12118,24619,2032
1047,soja 1ra,2004,2004/05,Entre Ríos,30,Federal,30035,22216,22216,40621,1828
1048,soja 1ra,2004,2004/05,Entre Ríos,30,Feliciano,30042,11108,11108,20311,1829
1049,soja 1ra,2004,2004/05,Entre Ríos,30,Gualeguay,30049,73719,73668,202045,2743
1050,soja 1ra,2004,2004/05,Entre Ríos,30,Gualeguaychú,30056,97955,97753,218452,2235
1051,soja 1ra,2004,2004/05,Entre Ríos,30,La Paz,30070,85836,85836,200542,2336
1052,soja 1ra,2004,2004/05,Entre Ríos,30,Nogoyá,30077,87856,87755,231767,2641
1053,soja 1ra,2004,2004/05,Entre Ríos,30,Paraná,30084,98965,98965,251319,2539
1054,soja 1ra,2004,2004/05,Entre Ríos,30,San Salvador,30088,24236,24135,51484,2133
1055,soja 1ra,2004,2004/05,Entre Ríos,30,Tala,30091,35345,35294,89629,2540
1056,soja 1ra,2004,2004/05,Entre Ríos,30,Uruguay,30098,92905,92652,235291,2540
1057,soja 1ra,2004,2004/05,Entre Ríos,30,Victoria,30105,76748,76698,233819,3049
1058,soja 1ra,2004,2004/05,Entre Ríos,30,Villaguay,30113,94925,94773,221422,2336
1059,soja 1ra,2004,2004/05,Formosa,34,Bermejo,34007,159,159,359,2258
1060,soja 1ra,2004,2004/05,Formosa,34,Laishí,34021,485,485,2052,4231
1061,soja 1ra,2004,2004/05,Formosa,34,Patiño,34035,2777,2323,5950,2561
1062,soja 1ra,2004,2004/05,Formosa,34,Pilagás,34042,626,626,1846,2949
1063,soja 1ra,2004,2004/05,Formosa,34,Pilcomayo,34049,555,555,1744,3142
1064,soja 1ra,2004,2004/05,Formosa,34,Pirané,34056,8836,8836,28722,3251
1065,soja 1ra,2004,2004/05,Jujuy,38,San Pedro,38063,2525,2525,5129,2031
1066,soja 1ra,2004,2004/05,Jujuy,38,Santa Bárbara,38070,2020,2020,4103,2031
1067,soja 1ra,2004,2004/05,La Pampa,42,Atreucó,42007,10603,10603,20516,1935
1068,soja 1ra,2004,2004/05,La Pampa,42,Capital,42021,7069,7069,11797,1669
1069,soja 1ra,2004,2004/05,La Pampa,42,Catriló,42028,13128,13128,26158,1993
1070,soja 1ra,2004,2004/05,La Pampa,42,Conhelo,42035,8583,8179,16618,2032
1071,soja 1ra,2004,2004/05,La Pampa,42,Chapaleufú,42056,35344,34436,125967,3658
1072,soja 1ra,2004,2004/05,La Pampa,42,Guatraché,42070,1515,1515,1539,1016
1073,soja 1ra,2004,2004/05,La Pampa,42,Maracó,42105,23530,22822,76524,3353
1074,soja 1ra,2004,2004/05,La Pampa,42,Quemú Quemú,42119,12825,12522,38160,3047
1075,soja 1ra,2004,2004/05,La Pampa,42,Rancul,42126,12623,11916,30260,2539
1076,soja 1ra,2004,2004/05,La Pampa,42,Realicó,42133,11816,11210,30671,2736
1077,soja 1ra,2004,2004/05,La Pampa,42,Toay,42140,909,909,1026,1129
1078,soja 1ra,2004,2004/05,La Pampa,42,Trenel,42147,4039,3939,8514,2161
1079,soja 1ra,2004,2004/05,La Pampa,42,Utracán,42154,101,101,103,1020
1080,soja 1ra,2004,2004/05,Misiones,54,otros departamentos,,2929,545,287,527
1081,soja 1ra,2004,2004/05,Salta,66,Anta,66007,154962,151734,262022,1727
1082,soja 1ra,2004,2004/05,Salta,66,General José de San Martín,66056,90886,85836,156946,1828
1083,soja 1ra,2004,2004/05,Salta,66,La Candelaria,66084,1010,202,308,1525
1084,soja 1ra,2004,2004/05,Salta,66,Metán,66112,36242,32618,43073,1321
1085,soja 1ra,2004,2004/05,Salta,66,Orán,66126,25901,23126,46982,2032
1086,soja 1ra,2004,2004/05,Salta,66,Rosario de la Frontera,66140,41172,34957,42611,1219
1087,soja 1ra,2004,2004/05,San Luis,74,otros departamentos,,25246,25246,51290,2032
1088,soja 1ra,2004,2004/05,Santa Fe,82,Belgrano,82007,143902,143902,526231,3657
1089,soja 1ra,2004,2004/05,Santa Fe,82,Caseros,82014,230951,230951,821146,3556
1090,soja 1ra,2004,2004/05,Santa Fe,82,Castellanos,82021,161575,159555,397084,2489
1091,soja 1ra,2004,2004/05,Santa Fe,82,Constitución,82028,179348,179348,637632,3555
1092,soja 1ra,2004,2004/05,Santa Fe,82,Garay,82035,4039,4039,6975,1727
1093,soja 1ra,2004,2004/05,Santa Fe,82,General López,82042,515173,513052,1959859,3820
1094,soja 1ra,2004,2004/05,Santa Fe,82,General Obligado,82049,75833,72804,85508,1175
1095,soja 1ra,2004,2004/05,Santa Fe,82,Iriondo,82056,310526,310526,1040973,3352
1096,soja 1ra,2004,2004/05,Santa Fe,82,La Capital,82063,36355,36355,96014,2641
1097,soja 1ra,2004,2004/05,Santa Fe,82,Las Colonias,82070,155516,153496,436577,2844
1098,soja 1ra,2004,2004/05,Santa Fe,82,9 de Julio,82077,38879,29790,45443,1525
1099,soja 1ra,2004,2004/05,Santa Fe,82,Rosario,82084,136430,136429,457298,3352
1100,soja 1ra,2004,2004/05,Santa Fe,82,San Cristóbal,82091,71699,67660,137456,2032
1101,soja 1ra,2004,2004/05,Santa Fe,82,San Javier,82098,16187,14571,17175,1179
1102,soja 1ra,2004,2004/05,Santa Fe,82,San Jerónimo,82105,245896,245896,649428,2641
1103,soja 1ra,2004,2004/05,Santa Fe,82,San Justo,82112,111082,111082,259525,2336
1104,soja 1ra,2004,2004/05,Santa Fe,82,San Lorenzo,82119,147134,147134,478224,3250
1105,soja 1ra,2004,2004/05,Santa Fe,82,San Martín,82126,236303,236303,792116,3352
1106,soja 1ra,2004,2004/05,Santa Fe,82,Vera,82133,39472,38462,57404,1492
1107,soja 1ra,2004,2004/05,Santiago del Estero,86,Aguirre,86007,7860,1572,1570,999
1108,soja 1ra,2004,2004/05,Santiago del Estero,86,Alberdi,86014,38000,36889,48725,1321
1109,soja 1ra,2004,2004/05,Santiago del Estero,86,Banda,86035,101,101,174,1723
1110,soja 1ra,2004,2004/05,Santiago del Estero,86,Belgrano,86042,41370,28954,41166,1422
1111,soja 1ra,2004,2004/05,Santiago del Estero,86,Copo,86056,6059,4241,5642,1330
1112,soja 1ra,2004,2004/05,Santiago del Estero,86,Choya,86063,2525,505,410,812
1113,soja 1ra,2004,2004/05,Santiago del Estero,86,Figueroa,86070,2020,2020,1846,914
1114,soja 1ra,2004,2004/05,Santiago del Estero,86,General Taboada,86077,55608,44602,58910,1321
1115,soja 1ra,2004,2004/05,Santiago del Estero,86,Guasayán,86084,1414,707,513,726
1116,soja 1ra,2004,2004/05,Santiago del Estero,86,Jiménez,86091,64476,64476,91706,1422
1117,soja 1ra,2004,2004/05,Santiago del Estero,86,Juan F. Ibarra,86098,53638,49325,75202,1525
1118,soja 1ra,2004,2004/05,Santiago del Estero,86,Mitre,86112,2020,2020,2052,1016
1119,soja 1ra,2004,2004/05,Santiago del Estero,86,Moreno,86119,153068,128299,156399,1219
1120,soja 1ra,2004,2004/05,Santiago del Estero,86,Pellegrini,86133,35993,35993,51187,1422
1121,soja 1ra,2004,2004/05,Santiago del Estero,86,Rivadavia,86154,28451,20482,31249,1526
1122,soja 1ra,2004,2004/05,Santiago del Estero,86,Robles,86161,10871,10871,12104,1113
1123,soja 1ra,2004,2004/05,Santiago del Estero,86,San Martín,86175,2626,2626,4821,1836
1124,soja 1ra,2004,2004/05,Santiago del Estero,86,Sarmiento,86182,879,879,1026,1167
1125,soja 1ra,2004,2004/05,Santiago del Estero,86,Silípica,86189,141,141,205,1454
1126,soja 1ra,2004,2004/05,Tucumán,90,otros departamentos,,98130,92439,218551,2364
1127,soja 1ra,2005,2005/06,Buenos Aires,6,Adolfo Alsina,6007,41000,41000,69264,1689
1128,soja 1ra,2005,2005/06,Buenos Aires,6,Adolfo Gonzales Chaves,6014,40500,40500,51315,1267
1129,soja 1ra,2005,2005/06,Buenos Aires,6,Alberti,6021,15000,15000,63352,4223
1130,soja 1ra,2005,2005/06,Buenos Aires,6,Ayacucho,6042,1450,1440,3379,2347
1131,soja 1ra,2005,2005/06,Buenos Aires,6,Azul,6049,33000,32700,86369,2641
1132,soja 1ra,2005,2005/06,Buenos Aires,6,Balcarce,6063,14500,14400,38011,2640
1133,soja 1ra,2005,2005/06,Buenos Aires,6,Baradero,6070,45000,45000,152044,3379
1134,soja 1ra,2005,2005/06,Buenos Aires,6,Arrecifes,6077,59150,58800,223525,3801
1135,soja 1ra,2005,2005/06,Buenos Aires,6,Benito Juárez,6084,31000,30800,76445,2482
1136,soja 1ra,2005,2005/06,Buenos Aires,6,Bolívar,6105,63000,61000,180341,2956
1137,soja 1ra,2005,2005/06,Buenos Aires,6,Bragado,6112,70000,69800,257946,3696
1138,soja 1ra,2005,2005/06,Buenos Aires,6,Campana,6126,4200,4200,13304,3168
1139,soja 1ra,2005,2005/06,Buenos Aires,6,Cañuelas,6134,7200,7000,25129,3590
1140,soja 1ra,2005,2005/06,Buenos Aires,6,Capitán Sarmiento,6140,28850,28850,106642,3696
1141,soja 1ra,2005,2005/06,Buenos Aires,6,Carlos Casares,6147,51500,51500,163130,3168
1142,soja 1ra,2005,2005/06,Buenos Aires,6,Carlos Tejedor,6154,51400,51400,146554,2851
1143,soja 1ra,2005,2005/06,Buenos Aires,6,Carmen de Areco,6161,25700,25700,86790,3377
1144,soja 1ra,2005,2005/06,Buenos Aires,6,Castelli,6168,2300,2280,5490,2408
1145,soja 1ra,2005,2005/06,Buenos Aires,6,Colón,6175,47050,47050,183825,3907
1146,soja 1ra,2005,2005/06,Buenos Aires,6,Coronel Dorrego,6189,25000,25000,26396,1056
1147,soja 1ra,2005,2005/06,Buenos Aires,6,Coronel Pringles,6196,12000,12000,19005,1584
1148,soja 1ra,2005,2005/06,Buenos Aires,6,Coronel Suárez,6203,37000,37000,78134,2112
1149,soja 1ra,2005,2005/06,Buenos Aires,6,Chacabuco,6210,78000,78000,312957,4012
1150,soja 1ra,2005,2005/06,Buenos Aires,6,Chascomús,6218,7300,7100,26291,3703
1151,soja 1ra,2005,2005/06,Buenos Aires,6,Chivilcoy,6224,26500,25700,103158,4014
1152,soja 1ra,2005,2005/06,Buenos Aires,6,Daireaux,6231,61000,61000,180341,2956
1153,soja 1ra,2005,2005/06,Buenos Aires,6,Dolores,6238,3400,3370,7497,2225
1154,soja 1ra,2005,2005/06,Buenos Aires,6,Exaltación de la Cruz,6266,10250,10250,34632,3379
1155,soja 1ra,2005,2005/06,Buenos Aires,6,Florentino Ameghino,6277,25000,25000,87108,3484
1156,soja 1ra,2005,2005/06,Buenos Aires,6,General Alvarado,6280,13000,12900,34104,2644
1157,soja 1ra,2005,2005/06,Buenos Aires,6,General Alvear,6287,10000,10000,30620,3062
1158,soja 1ra,2005,2005/06,Buenos Aires,6,General Arenales,6294,57000,57000,204626,3590
1159,soja 1ra,2005,2005/06,Buenos Aires,6,General Belgrano,6301,11000,10500,38856,3701
1160,soja 1ra,2005,2005/06,Buenos Aires,6,General Juan Madariaga,6315,5000,4960,13092,2640
1161,soja 1ra,2005,2005/06,Buenos Aires,6,General La Madrid,6322,12000,12000,27875,2323
1162,soja 1ra,2005,2005/06,Buenos Aires,6,General Las Heras,6329,2100,2100,7496,3570
1163,soja 1ra,2005,2005/06,Buenos Aires,6,General Pinto,6351,40000,40000,147821,3696
1164,soja 1ra,2005,2005/06,Buenos Aires,6,General Pueyrredón,6357,12000,11900,31465,2644
1165,soja 1ra,2005,2005/06,Buenos Aires,6,General Rodríguez,6364,800,800,2745,3431
1166,soja 1ra,2005,2005/06,Buenos Aires,6,General Viamonte,6385,50000,50000,200613,4012
1167,soja 1ra,2005,2005/06,Buenos Aires,6,General Villegas,6392,120000,120000,380110,3168
1168,soja 1ra,2005,2005/06,Buenos Aires,6,Guaminí,6399,42000,42000,84258,2006
1169,soja 1ra,2005,2005/06,Buenos Aires,6,Hipólito Yrigoyen,6406,35000,35000,107170,3062
1170,soja 1ra,2005,2005/06,Buenos Aires,6,Junín,6413,77000,77000,260164,3379
1171,soja 1ra,2005,2005/06,Buenos Aires,6,Laprida,6448,8000,8000,14360,1795
1172,soja 1ra,2005,2005/06,Buenos Aires,6,Las Flores,6455,12500,11900,36427,3061
1173,soja 1ra,2005,2005/06,Buenos Aires,6,Leandro N. Alem,6462,72820,72820,245725,3374
1174,soja 1ra,2005,2005/06,Buenos Aires,6,Lincoln,6469,75000,75000,237568,3168
1175,soja 1ra,2005,2005/06,Buenos Aires,6,Lobería,6476,24500,24300,57756,2377
1176,soja 1ra,2005,2005/06,Buenos Aires,6,Lobos,6483,14500,14200,50998,3591
1177,soja 1ra,2005,2005/06,Buenos Aires,6,Luján,6497,7800,7800,26396,3384
1178,soja 1ra,2005,2005/06,Buenos Aires,6,Maipú,6511,2200,2180,5279,2422
1179,soja 1ra,2005,2005/06,Buenos Aires,6,Mar Chiquita,6518,2000,1980,4540,2293
1180,soja 1ra,2005,2005/06,Buenos Aires,6,Marcos Paz,6525,3200,3200,11509,3597
1181,soja 1ra,2005,2005/06,Buenos Aires,6,Mercedes,6532,7500,7250,21434,2956
1182,soja 1ra,2005,2005/06,Buenos Aires,6,Monte,6547,11000,10600,38011,3586
1183,soja 1ra,2005,2005/06,Buenos Aires,6,Navarro,6574,14500,14200,53955,3800
1184,soja 1ra,2005,2005/06,Buenos Aires,6,Necochea,6581,40000,40000,71798,1795
1185,soja 1ra,2005,2005/06,Buenos Aires,6,9 de Julio,6588,72000,69000,276847,4012
1186,soja 1ra,2005,2005/06,Buenos Aires,6,Olavarría,6595,43000,43000,127126,2956
1187,soja 1ra,2005,2005/06,Buenos Aires,6,Patagones,6602,500,500,845,1690
1188,soja 1ra,2005,2005/06,Buenos Aires,6,Pehuajó,6609,65200,65200,199663,3062
1189,soja 1ra,2005,2005/06,Buenos Aires,6,Pellegrini,6616,14000,14000,29564,2112
1190,soja 1ra,2005,2005/06,Buenos Aires,6,Pergamino,6623,156250,156250,593921,3801
1191,soja 1ra,2005,2005/06,Buenos Aires,6,Pilar,6638,800,800,2745,3431
1192,soja 1ra,2005,2005/06,Buenos Aires,6,Puán,6651,2500,2500,4012,1605
1193,soja 1ra,2005,2005/06,Buenos Aires,6,Ramallo,6665,54500,54500,189949,3485
1194,soja 1ra,2005,2005/06,Buenos Aires,6,Rauch,6672,4400,4360,11087,2543
1195,soja 1ra,2005,2005/06,Buenos Aires,6,Rivadavia,6679,71100,71100,217718,3062
1196,soja 1ra,2005,2005/06,Buenos Aires,6,Rojas,6686,70000,70000,243904,3484
1197,soja 1ra,2005,2005/06,Buenos Aires,6,Roque Pérez,6693,16000,15800,61768,3909
1198,soja 1ra,2005,2005/06,Buenos Aires,6,Saavedra,6700,13000,13000,23335,1795
1199,soja 1ra,2005,2005/06,Buenos Aires,6,Saladillo,6707,18000,17750,61873,3486
1200,soja 1ra,2005,2005/06,Buenos Aires,6,Salto,6714,76800,76800,300075,3907
1201,soja 1ra,2005,2005/06,Buenos Aires,6,Salliqueló,6721,14500,14500,26080,1799
1202,soja 1ra,2005,2005/06,Buenos Aires,6,San Andrés de Giles,6728,27400,27400,92599,3380
1203,soja 1ra,2005,2005/06,Buenos Aires,6,San Antonio de Areco,6735,40450,40450,145181,3589
1204,soja 1ra,2005,2005/06,Buenos Aires,6,San Cayetano,6742,28000,28000,41390,1478
1205,soja 1ra,2005,2005/06,Buenos Aires,6,San Nicolás,6763,37350,37350,126023,3374
1206,soja 1ra,2005,2005/06,Buenos Aires,6,San Pedro,6770,46300,44500,155105,3486
1207,soja 1ra,2005,2005/06,Buenos Aires,6,Suipacha,6784,8000,7500,27769,3703
1208,soja 1ra,2005,2005/06,Buenos Aires,6,Tandil,6791,46000,45650,125331,2745
1209,soja 1ra,2005,2005/06,Buenos Aires,6,Tapalqué,6798,1000,1000,2956,2956
1210,soja 1ra,2005,2005/06,Buenos Aires,6,Tornquist,6819,4500,4500,7603,1690
1211,soja 1ra,2005,2005/06,Buenos Aires,6,Trenque Lauquen,6826,69500,69500,205470,2956
1212,soja 1ra,2005,2005/06,Buenos Aires,6,Tres Arroyos,6833,60000,60000,101363,1689
1213,soja 1ra,2005,2005/06,Buenos Aires,6,Tres Lomas,6847,17000,17000,35899,2112
1214,soja 1ra,2005,2005/06,Buenos Aires,6,25 de Mayo,6854,28000,27400,101257,3696
1215,soja 1ra,2005,2005/06,Buenos Aires,6,Villarino,6875,700,700,1161,1659
1216,soja 1ra,2005,2005/06,Buenos Aires,6,Zárate,6882,22250,22250,72854,3274
1217,soja 1ra,2005,2005/06,Catamarca,10,El Alto,10056,15000,15000,41178,2745
1218,soja 1ra,2005,2005/06,Catamarca,10,Santa Rosa,10098,15000,15000,41178,2745
1219,soja 1ra,2005,2005/06,Chaco,22,Almirante Brown,22007,49275,42042,105010,2498
1220,soja 1ra,2005,2005/06,Chaco,22,Bermejo,22014,2325,2242,5173,2307
1221,soja 1ra,2005,2005/06,Chaco,22,Comandante Fernández,22021,40775,34127,66264,1942
1222,soja 1ra,2005,2005/06,Chaco,22,Chacabuco,22028,67345,63136,152485,2415
1223,soja 1ra,2005,2005/06,Chaco,22,12 de Octubre,22036,58781,58336,160143,2745
1224,soja 1ra,2005,2005/06,Chaco,22,2 de Abril,22039,37135,33861,88196,2605
1225,soja 1ra,2005,2005/06,Chaco,22,Fray Justo Santa María de Oro,22043,42575,37737,86024,2280
1226,soja 1ra,2005,2005/06,Chaco,22,General Belgrano,22049,41725,38097,98838,2594
1227,soja 1ra,2005,2005/06,Chaco,22,General Donovan,22056,5501,5401,12565,2326
1228,soja 1ra,2005,2005/06,Chaco,22,General Güemes,22063,5001,3801,7602,2000
1229,soja 1ra,2005,2005/06,Chaco,22,Independencia,22070,30700,26874,63890,2377
1230,soja 1ra,2005,2005/06,Chaco,22,Libertad,22077,4001,3501,9292,2654
1231,soja 1ra,2005,2005/06,Chaco,22,Libertador General San Martín,22084,6343,5578,11895,2132
1232,soja 1ra,2005,2005/06,Chaco,22,Maipú,22091,10175,6783,14165,2088
1233,soja 1ra,2005,2005/06,Chaco,22,Mayor Luis J. Fontana,22098,37435,31352,71839,2291
1234,soja 1ra,2005,2005/06,Chaco,22,9 de Julio,22105,50821,50821,134147,2640
1235,soja 1ra,2005,2005/06,Chaco,22,O'Higgins,22112,31800,27984,63840,2281
1236,soja 1ra,2005,2005/06,Chaco,22,Presidencia de la Plaza,22119,4100,4000,8447,2112
1237,soja 1ra,2005,2005/06,Chaco,22,Quitilipi,22133,4475,3328,7390,2221
1238,soja 1ra,2005,2005/06,Chaco,22,San Fernando,22140,10051,9594,23345,2433
1239,soja 1ra,2005,2005/06,Chaco,22,San Lorenzo,22147,11241,7963,17703,2223
1240,soja 1ra,2005,2005/06,Chaco,22,Sargento Cabral,22154,7826,7260,17620,2427
1241,soja 1ra,2005,2005/06,Chaco,22,25 de Mayo,22168,363,301,729,2422
1242,soja 1ra,2005,2005/06,Córdoba,14,Calamuchita,14007,88918,88918,202337,2276
1243,soja 1ra,2005,2005/06,Córdoba,14,Capital,14014,2600,2600,6335,2437
1244,soja 1ra,2005,2005/06,Córdoba,14,Colón,14021,94000,93500,256680,2745
1245,soja 1ra,2005,2005/06,Córdoba,14,General Roca,14035,110000,88000,227644,2587
1246,soja 1ra,2005,2005/06,Córdoba,14,General San Martín,14042,148000,148000,343788,2323
1247,soja 1ra,2005,2005/06,Córdoba,14,Ischilín,14049,35000,35000,81301,2323
1248,soja 1ra,2005,2005/06,Córdoba,14,Juárez Celman,14056,302880,302880,703590,2323
1249,soja 1ra,2005,2005/06,Córdoba,14,Marcos Juárez,14063,462600,462600,1685152,3643
1250,soja 1ra,2005,2005/06,Córdoba,14,Pocho,14077,540,0,0,0
1251,soja 1ra,2005,2005/06,Córdoba,14,Presidente Roque Sáenz Peña,14084,115000,102700,271145,2640
1252,soja 1ra,2005,2005/06,Córdoba,14,Río Cuarto,14098,382400,372400,864047,2320
1253,soja 1ra,2005,2005/06,Córdoba,14,Río Primero,14105,327000,324500,685253,2112
1254,soja 1ra,2005,2005/06,Córdoba,14,Río Seco,14112,41000,41000,108226,2640
1255,soja 1ra,2005,2005/06,Córdoba,14,Río Segundo,14119,194000,194000,655478,3379
1256,soja 1ra,2005,2005/06,Córdoba,14,San Alberto,14126,695,0,0,0
1257,soja 1ra,2005,2005/06,Córdoba,14,San Javier,14133,3765,0,0,0
1258,soja 1ra,2005,2005/06,Córdoba,14,San Justo,14140,218000,215500,455075,2112
1259,soja 1ra,2005,2005/06,Córdoba,14,Santa María,14147,104800,104800,232395,2218
1260,soja 1ra,2005,2005/06,Córdoba,14,Sobremonte,14154,18000,18000,45613,2534
1261,soja 1ra,2005,2005/06,Córdoba,14,Tercero Arriba,14161,248000,248000,628447,2534
1262,soja 1ra,2005,2005/06,Córdoba,14,Totoral,14168,123000,123000,337663,2745
1263,soja 1ra,2005,2005/06,Córdoba,14,Tulumba,14175,102500,102500,270617,2640
1264,soja 1ra,2005,2005/06,Córdoba,14,Unión,14182,425200,424600,1246337,2935
1265,soja 1ra,2005,2005/06,Corrientes,18,otros departamentos,,25135,18595,34210,1840
1266,soja 1ra,2005,2005/06,Entre Ríos,30,Colón,30008,27000,26000,41178,1584
1267,soja 1ra,2005,2005/06,Entre Ríos,30,Concordia,30015,32000,32000,67575,2112
1268,soja 1ra,2005,2005/06,Entre Ríos,30,Diamante,30021,88000,87200,202514,2322
1269,soja 1ra,2005,2005/06,Entre Ríos,30,Federación,30028,10000,10000,21117,2112
1270,soja 1ra,2005,2005/06,Entre Ríos,30,Federal,30035,18000,18000,38011,2112
1271,soja 1ra,2005,2005/06,Entre Ríos,30,Feliciano,30042,10000,10000,21117,2112
1272,soja 1ra,2005,2005/06,Entre Ríos,30,Gualeguay,30049,79000,79000,216873,2745
1273,soja 1ra,2005,2005/06,Entre Ríos,30,Gualeguaychú,30056,102000,101500,251822,2481
1274,soja 1ra,2005,2005/06,Entre Ríos,30,La Paz,30070,90000,90000,209061,2323
1275,soja 1ra,2005,2005/06,Entre Ríos,30,Nogoyá,30077,105000,104000,241581,2323
1276,soja 1ra,2005,2005/06,Entre Ríos,30,Paraná,30084,115000,115000,242847,2112
1277,soja 1ra,2005,2005/06,Entre Ríos,30,San Salvador,30088,28500,28500,33154,1163
1278,soja 1ra,2005,2005/06,Entre Ríos,30,Tala,30091,49000,49000,108648,2217
1279,soja 1ra,2005,2005/06,Entre Ríos,30,Uruguay,30098,108000,108000,262276,2428
1280,soja 1ra,2005,2005/06,Entre Ríos,30,Victoria,30105,82000,81500,240947,2956
1281,soja 1ra,2005,2005/06,Entre Ríos,30,Villaguay,30113,114500,114500,157218,1373
1282,soja 1ra,2005,2005/06,Formosa,34,Bermejo,34007,138,138,219,1587
1283,soja 1ra,2005,2005/06,Formosa,34,Laishí,34021,422,422,1250,2962
1284,soja 1ra,2005,2005/06,Formosa,34,Patiño,34035,2414,2414,3626,1502
1285,soja 1ra,2005,2005/06,Formosa,34,Pilagás,34042,544,544,1125,2068
1286,soja 1ra,2005,2005/06,Formosa,34,Pilcomayo,34049,483,483,1063,2201
1287,soja 1ra,2005,2005/06,Formosa,34,Pirané,34056,7682,7682,17503,2278
1288,soja 1ra,2005,2005/06,Jujuy,38,San Pedro,38063,2000,2000,5279,2640
1289,soja 1ra,2005,2005/06,Jujuy,38,Santa Bárbara,38070,1500,1500,3801,2534
1290,soja 1ra,2005,2005/06,La Pampa,42,Atreucó,42007,5000,5000,6124,1225
1291,soja 1ra,2005,2005/06,La Pampa,42,Capital,42021,1000,1000,1161,1161
1292,soja 1ra,2005,2005/06,La Pampa,42,Catriló,42028,6000,6000,9186,1531
1293,soja 1ra,2005,2005/06,La Pampa,42,Conhelo,42035,8000,7200,7100,986
1294,soja 1ra,2005,2005/06,La Pampa,42,Chapaleufú,42056,38200,37400,93000,2487
1295,soja 1ra,2005,2005/06,La Pampa,42,Guatraché,42070,100,100,106,1060
1296,soja 1ra,2005,2005/06,La Pampa,42,Maracó,42105,30600,30000,69000,2300
1297,soja 1ra,2005,2005/06,La Pampa,42,Quemú Quemú,42119,24000,23700,52300,2207
1298,soja 1ra,2005,2005/06,La Pampa,42,Rancul,42126,14500,14300,17200,1203
1299,soja 1ra,2005,2005/06,La Pampa,42,Realicó,42133,20700,19700,41000,2081
1300,soja 1ra,2005,2005/06,La Pampa,42,Toay,42140,800,800,845,1056
1301,soja 1ra,2005,2005/06,La Pampa,42,Trenel,42147,6000,5800,5800,1000
1302,soja 1ra,2005,2005/06,La Pampa,42,Utracán,42154,200,200,211,1055
1303,soja 1ra,2005,2005/06,Misiones,54,otros departamentos,,1384,1300,1235,950
1304,soja 1ra,2005,2005/06,Salta,66,Anta,66007,187300,187300,553735,2956
1305,soja 1ra,2005,2005/06,Salta,66,General José de San Martín,66056,95000,93500,256679,2745
1306,soja 1ra,2005,2005/06,Salta,66,La Candelaria,66084,1000,1000,2956,2956
1307,soja 1ra,2005,2005/06,Salta,66,Metán,66112,40500,40500,111182,2745
1308,soja 1ra,2005,2005/06,Salta,66,Orán,66126,25625,24893,68317,2744
1309,soja 1ra,2005,2005/06,Salta,66,Rosario de la Frontera,66140,43500,43500,128604,2956
1310,soja 1ra,2005,2005/06,San Luis,74,otros departamentos,,50000,42000,48781,1161
1311,soja 1ra,2005,2005/06,Santa Fe,82,Belgrano,82007,150150,150150,507340,3379
1312,soja 1ra,2005,2005/06,Santa Fe,82,Caseros,82014,244790,244790,801187,3273
1313,soja 1ra,2005,2005/06,Santa Fe,82,Castellanos,82021,174000,174000,496043,2851
1314,soja 1ra,2005,2005/06,Santa Fe,82,Constitución,82028,188500,188500,557283,2956
1315,soja 1ra,2005,2005/06,Santa Fe,82,Garay,82035,4000,4000,8447,2112
1316,soja 1ra,2005,2005/06,Santa Fe,82,General López,82042,525800,518492,1976442,3812
1317,soja 1ra,2005,2005/06,Santa Fe,82,General Obligado,82049,74000,69200,69200,1000
1318,soja 1ra,2005,2005/06,Santa Fe,82,Iriondo,82056,307500,307500,1038966,3379
1319,soja 1ra,2005,2005/06,Santa Fe,82,La Capital,82063,38000,38000,88269,2323
1320,soja 1ra,2005,2005/06,Santa Fe,82,Las Colonias,82070,158000,158000,433747,2745
1321,soja 1ra,2005,2005/06,Santa Fe,82,9 de Julio,82077,40500,36500,98978,2712
1322,soja 1ra,2005,2005/06,Santa Fe,82,Rosario,82084,146180,146180,385917,2640
1323,soja 1ra,2005,2005/06,Santa Fe,82,San Cristóbal,82091,73000,70000,125647,1795
1324,soja 1ra,2005,2005/06,Santa Fe,82,San Javier,82098,13800,12900,17660,1369
1325,soja 1ra,2005,2005/06,Santa Fe,82,San Jerónimo,82105,252010,252010,665192,2640
1326,soja 1ra,2005,2005/06,Santa Fe,82,San Justo,82112,123000,123000,259742,2112
1327,soja 1ra,2005,2005/06,Santa Fe,82,San Lorenzo,82119,157420,157420,498683,3168
1328,soja 1ra,2005,2005/06,Santa Fe,82,San Martín,82126,253950,253950,777640,3062
1329,soja 1ra,2005,2005/06,Santa Fe,82,Vera,82133,46000,45900,84997,1852
1330,soja 1ra,2005,2005/06,Santiago del Estero,86,Aguirre,86007,3450,3364,6405,1904
1331,soja 1ra,2005,2005/06,Santiago del Estero,86,Alberdi,86014,46100,45140,104854,2323
1332,soja 1ra,2005,2005/06,Santiago del Estero,86,Banda,86035,500,500,1267,2534
1333,soja 1ra,2005,2005/06,Santiago del Estero,86,Belgrano,86042,70500,68577,162335,2367
1334,soja 1ra,2005,2005/06,Santiago del Estero,86,Capital,86049,380,380,1056,2779
1335,soja 1ra,2005,2005/06,Santiago del Estero,86,Copo,86056,4075,4075,8214,2016
1336,soja 1ra,2005,2005/06,Santiago del Estero,86,Choya,86063,2810,2810,5934,2112
1337,soja 1ra,2005,2005/06,Santiago del Estero,86,Figueroa,86070,1905,0,0,0
1338,soja 1ra,2005,2005/06,Santiago del Estero,86,General Taboada,86077,95100,93339,206998,2218
1339,soja 1ra,2005,2005/06,Santiago del Estero,86,Guasayán,86084,1525,0,0,0
1340,soja 1ra,2005,2005/06,Santiago del Estero,86,Jiménez,86091,48900,48900,123916,2534
1341,soja 1ra,2005,2005/06,Santiago del Estero,86,Juan F. Ibarra,86098,57400,56075,112541,2007
1342,soja 1ra,2005,2005/06,Santiago del Estero,86,Mitre,86112,1550,1426,2684,1882
1343,soja 1ra,2005,2005/06,Santiago del Estero,86,Moreno,86119,175600,172032,379741,2207
1344,soja 1ra,2005,2005/06,Santiago del Estero,86,Pellegrini,86133,25200,25200,58537,2323
1345,soja 1ra,2005,2005/06,Santiago del Estero,86,Río Hondo,86147,8225,8225,16468,2002
1346,soja 1ra,2005,2005/06,Santiago del Estero,86,Rivadavia,86154,25600,24562,49312,2008
1347,soja 1ra,2005,2005/06,Santiago del Estero,86,Robles,86161,1560,1560,3867,2479
1348,soja 1ra,2005,2005/06,Santiago del Estero,86,San Martín,86175,610,610,1610,2639
1349,soja 1ra,2005,2005/06,Santiago del Estero,86,Silípica,86189,200,200,422,2110
1350,soja 1ra,2005,2005/06,Tucumán,90,Burruyacú,90007,43625,43394,130317,3003
1351,soja 1ra,2005,2005/06,Tucumán,90,Cruz Alta,90014,13136,13004,39052,3003
1352,soja 1ra,2005,2005/06,Tucumán,90,Chicligasta,90021,1648,1638,4921,3004
1353,soja 1ra,2005,2005/06,Tucumán,90,Famaillá,90028,245,239,718,3004
1354,soja 1ra,2005,2005/06,Tucumán,90,Graneros,90035,5308,5027,15089,3002
1355,soja 1ra,2005,2005/06,Tucumán,90,Juan Bautista Alberdi,90042,1792,1771,5317,3002
1356,soja 1ra,2005,2005/06,Tucumán,90,La Cocha,90049,6362,6278,18854,3003
1357,soja 1ra,2005,2005/06,Tucumán,90,Leales,90056,10783,10270,30830,3002
1358,soja 1ra,2005,2005/06,Tucumán,90,Lules,90063,265,265,795,3000
1359,soja 1ra,2005,2005/06,Tucumán,90,Monteros,90070,141,141,423,3000
1360,soja 1ra,2005,2005/06,Tucumán,90,Río Chico,90077,1439,1439,4321,3003
1361,soja 1ra,2005,2005/06,Tucumán,90,Simoca,90091,1301,1269,3811,3003
1362,soja 1ra,2005,2005/06,Tucumán,90,Tafí Viejo,90105,487,487,1462,3002
1363,soja 1ra,2005,2005/06,Tucumán,90,Trancas,90112,111,111,333,3000
1364,soja 1ra,2006,2006/07,Buenos Aires,6,Adolfo Alsina,6007,50000,50000,70000,1400
1365,soja 1ra,2006,2006/07,Buenos Aires,6,Adolfo Gonzales Chaves,6014,44500,40000,68000,1700
1366,soja 1ra,2006,2006/07,Buenos Aires,6,Alberti,6021,16600,16600,56440,3400
1367,soja 1ra,2006,2006/07,Buenos Aires,6,Ayacucho,6042,1500,1460,3358,2300
1368,soja 1ra,2006,2006/07,Buenos Aires,6,Azul,6049,35000,34350,89310,2600
1369,soja 1ra,2006,2006/07,Buenos Aires,6,Balcarce,6063,15000,14400,36000,2500
1370,soja 1ra,2006,2006/07,Buenos Aires,6,Baradero,6070,40150,40150,140525,3500
1371,soja 1ra,2006,2006/07,Buenos Aires,6,Arrecifes,6077,49800,49800,179280,3600
1372,soja 1ra,2006,2006/07,Buenos Aires,6,Benito Juárez,6084,31000,30350,75875,2500
1373,soja 1ra,2006,2006/07,Buenos Aires,6,Bolívar,6105,65000,65000,175500,2700
1374,soja 1ra,2006,2006/07,Buenos Aires,6,Bragado,6112,70600,70400,239360,3400
1375,soja 1ra,2006,2006/07,Buenos Aires,6,Campana,6126,4200,4200,14280,3400
1376,soja 1ra,2006,2006/07,Buenos Aires,6,Cañuelas,6134,8500,8500,34000,4000
1377,soja 1ra,2006,2006/07,Buenos Aires,6,Capitán Sarmiento,6140,26150,26150,96755,3700
1378,soja 1ra,2006,2006/07,Buenos Aires,6,Carlos Casares,6147,63511,63511,215937,3400
1379,soja 1ra,2006,2006/07,Buenos Aires,6,Carlos Tejedor,6154,75300,75300,218370,2900
1380,soja 1ra,2006,2006/07,Buenos Aires,6,Carmen de Areco,6161,25700,25700,97660,3800
1381,soja 1ra,2006,2006/07,Buenos Aires,6,Castelli,6168,2500,2450,6615,2700
1382,soja 1ra,2006,2006/07,Buenos Aires,6,Colón,6175,47000,47000,183300,3900
1383,soja 1ra,2006,2006/07,Buenos Aires,6,Coronel Dorrego,6189,32500,30900,40170,1300
1384,soja 1ra,2006,2006/07,Buenos Aires,6,Coronel Pringles,6196,14000,13200,21120,1600
1385,soja 1ra,2006,2006/07,Buenos Aires,6,Coronel Suárez,6203,70000,70000,189000,2700
1386,soja 1ra,2006,2006/07,Buenos Aires,6,Chacabuco,6210,78000,78000,312000,4000
1387,soja 1ra,2006,2006/07,Buenos Aires,6,Chascomús,6218,8300,8300,33200,4000
1388,soja 1ra,2006,2006/07,Buenos Aires,6,Chivilcoy,6224,26000,25200,85680,3400
1389,soja 1ra,2006,2006/07,Buenos Aires,6,Daireaux,6231,63000,62500,143750,2300
1390,soja 1ra,2006,2006/07,Buenos Aires,6,Dolores,6238,3500,3430,8918,2600
1391,soja 1ra,2006,2006/07,Buenos Aires,6,Exaltación de la Cruz,6266,10200,10200,36720,3600
1392,soja 1ra,2006,2006/07,Buenos Aires,6,Florentino Ameghino,6277,25000,25000,86625,3465
1393,soja 1ra,2006,2006/07,Buenos Aires,6,General Alvarado,6280,14000,13500,35100,2600
1394,soja 1ra,2006,2006/07,Buenos Aires,6,General Alvear,6287,10500,10500,30450,2900
1395,soja 1ra,2006,2006/07,Buenos Aires,6,General Arenales,6294,57000,57000,228000,4000
1396,soja 1ra,2006,2006/07,Buenos Aires,6,General Belgrano,6301,11000,11000,44000,4000
1397,soja 1ra,2006,2006/07,Buenos Aires,6,General Juan Madariaga,6315,5000,4900,14210,2900
1398,soja 1ra,2006,2006/07,Buenos Aires,6,General La Madrid,6322,15000,15000,40500,2700
1399,soja 1ra,2006,2006/07,Buenos Aires,6,General Las Heras,6329,2100,2100,7980,3800
1400,soja 1ra,2006,2006/07,Buenos Aires,6,General Pinto,6351,40000,40000,150480,3762
1401,soja 1ra,2006,2006/07,Buenos Aires,6,General Pueyrredón,6357,12500,12100,30250,2500
1402,soja 1ra,2006,2006/07,Buenos Aires,6,General Rodríguez,6364,800,800,3040,3800
1403,soja 1ra,2006,2006/07,Buenos Aires,6,General Viamonte,6385,50000,50000,193050,3861
1404,soja 1ra,2006,2006/07,Buenos Aires,6,General Villegas,6392,89950,89950,330560,3675
1405,soja 1ra,2006,2006/07,Buenos Aires,6,Guaminí,6399,55000,55000,104500,1900
1406,soja 1ra,2006,2006/07,Buenos Aires,6,Hipólito Yrigoyen,6406,35000,35000,94500,2700
1407,soja 1ra,2006,2006/07,Buenos Aires,6,Junín,6413,75000,75000,285000,3800
1408,soja 1ra,2006,2006/07,Buenos Aires,6,Laprida,6448,10000,8500,15300,1800
1409,soja 1ra,2006,2006/07,Buenos Aires,6,Las Flores,6455,13000,13000,54600,4200
1410,soja 1ra,2006,2006/07,Buenos Aires,6,Leandro N. Alem,6462,70000,70000,272270,3890
1411,soja 1ra,2006,2006/07,Buenos Aires,6,Lincoln,6469,75000,75000,267300,3564
1412,soja 1ra,2006,2006/07,Buenos Aires,6,Lobería,6476,26000,24700,56810,2300
1413,soja 1ra,2006,2006/07,Buenos Aires,6,Lobos,6483,15000,15000,61500,4100
1414,soja 1ra,2006,2006/07,Buenos Aires,6,Luján,6497,7800,7800,29640,3800
1415,soja 1ra,2006,2006/07,Buenos Aires,6,Maipú,6511,2300,2250,5625,2500
1416,soja 1ra,2006,2006/07,Buenos Aires,6,Mar Chiquita,6518,2000,1960,4508,2300
1417,soja 1ra,2006,2006/07,Buenos Aires,6,Marcos Paz,6525,3200,3200,12160,3800
1418,soja 1ra,2006,2006/07,Buenos Aires,6,Mercedes,6532,7450,7250,21750,3000
1419,soja 1ra,2006,2006/07,Buenos Aires,6,Monte,6547,12000,12000,49200,4100
1420,soja 1ra,2006,2006/07,Buenos Aires,6,Navarro,6574,16000,16000,67200,4200
1421,soja 1ra,2006,2006/07,Buenos Aires,6,Necochea,6581,44800,42300,88830,2100
1422,soja 1ra,2006,2006/07,Buenos Aires,6,9 de Julio,6588,67500,65000,221000,3400
1423,soja 1ra,2006,2006/07,Buenos Aires,6,Olavarría,6595,59000,59000,135700,2300
1424,soja 1ra,2006,2006/07,Buenos Aires,6,Patagones,6602,800,600,960,1600
1425,soja 1ra,2006,2006/07,Buenos Aires,6,Pehuajó,6609,95169,95169,295024,3100
1426,soja 1ra,2006,2006/07,Buenos Aires,6,Pellegrini,6616,18000,18000,30600,1700
1427,soja 1ra,2006,2006/07,Buenos Aires,6,Pergamino,6623,153000,153000,566100,3700
1428,soja 1ra,2006,2006/07,Buenos Aires,6,Pilar,6638,800,800,3040,3800
1429,soja 1ra,2006,2006/07,Buenos Aires,6,Puán,6651,2500,2500,3750,1500
1430,soja 1ra,2006,2006/07,Buenos Aires,6,Ramallo,6665,53850,53850,188159,3494
1431,soja 1ra,2006,2006/07,Buenos Aires,6,Rauch,6672,4500,4400,11000,2500
1432,soja 1ra,2006,2006/07,Buenos Aires,6,Rivadavia,6679,110737,110737,298990,2700
1433,soja 1ra,2006,2006/07,Buenos Aires,6,Rojas,6686,70000,70000,280000,4000
1434,soja 1ra,2006,2006/07,Buenos Aires,6,Roque Pérez,6693,17000,17000,71400,4200
1435,soja 1ra,2006,2006/07,Buenos Aires,6,Saavedra,6700,18000,18000,43200,2400
1436,soja 1ra,2006,2006/07,Buenos Aires,6,Saladillo,6707,22000,22000,90200,4100
1437,soja 1ra,2006,2006/07,Buenos Aires,6,Salto,6714,74500,74500,283100,3800
1438,soja 1ra,2006,2006/07,Buenos Aires,6,Salliqueló,6721,18000,18000,28800,1600
1439,soja 1ra,2006,2006/07,Buenos Aires,6,San Andrés de Giles,6728,27400,27400,104120,3800
1440,soja 1ra,2006,2006/07,Buenos Aires,6,San Antonio de Areco,6735,35400,35400,127440,3600
1441,soja 1ra,2006,2006/07,Buenos Aires,6,San Cayetano,6742,31400,29600,53280,1800
1442,soja 1ra,2006,2006/07,Buenos Aires,6,San Nicolás,6763,37450,37450,130952,3497
1443,soja 1ra,2006,2006/07,Buenos Aires,6,San Pedro,6770,42450,42450,148575,3500
1444,soja 1ra,2006,2006/07,Buenos Aires,6,Suipacha,6784,9000,8500,25500,3000
1445,soja 1ra,2006,2006/07,Buenos Aires,6,Tandil,6791,46000,44700,116220,2600
1446,soja 1ra,2006,2006/07,Buenos Aires,6,Tapalqué,6798,1000,1000,2300,2300
1447,soja 1ra,2006,2006/07,Buenos Aires,6,Tornquist,6819,6000,6000,13200,2200
1448,soja 1ra,2006,2006/07,Buenos Aires,6,Trenque Lauquen,6826,106051,106051,243917,2300
1449,soja 1ra,2006,2006/07,Buenos Aires,6,Tres Arroyos,6833,67000,64000,128000,2000
1450,soja 1ra,2006,2006/07,Buenos Aires,6,Tres Lomas,6847,20000,20000,33000,1650
1451,soja 1ra,2006,2006/07,Buenos Aires,6,25 de Mayo,6854,30000,30000,126000,4200
1452,soja 1ra,2006,2006/07,Buenos Aires,6,Villarino,6875,750,600,990,1650
1453,soja 1ra,2006,2006/07,Buenos Aires,6,Zárate,6882,22200,22200,75480,3400
1454,soja 1ra,2006,2006/07,Catamarca,10,El Alto,10056,15500,15500,43400,2800
1455,soja 1ra,2006,2006/07,Catamarca,10,Santa Rosa,10098,15500,15500,43400,2800
1456,soja 1ra,2006,2006/07,Chaco,22,Almirante Brown,22007,81400,81400,170940,2100
1457,soja 1ra,2006,2006/07,Chaco,22,Bermejo,22014,1550,1550,2945,1900
1458,soja 1ra,2006,2006/07,Chaco,22,Comandante Fernández,22021,49400,48880,92387,1890
1459,soja 1ra,2006,2006/07,Chaco,22,Chacabuco,22028,68350,68350,143535,2100
1460,soja 1ra,2006,2006/07,Chaco,22,12 de Octubre,22036,70750,70750,134425,1900
1461,soja 1ra,2006,2006/07,Chaco,22,2 de Abril,22039,35300,35085,62765,1789
1462,soja 1ra,2006,2006/07,Chaco,22,Fray Justo Santa María de Oro,22043,41300,40685,72890,1792
1463,soja 1ra,2006,2006/07,Chaco,22,General Belgrano,22049,35600,34994,66125,1890
1464,soja 1ra,2006,2006/07,Chaco,22,General Donovan,22056,600,600,1020,1700
1465,soja 1ra,2006,2006/07,Chaco,22,General Güemes,22063,5050,5050,8585,1700
1466,soja 1ra,2006,2006/07,Chaco,22,Independencia,22070,31900,31170,52752,1692
1467,soja 1ra,2006,2006/07,Chaco,22,Libertad,22077,500,500,850,1700
1468,soja 1ra,2006,2006/07,Chaco,22,Libertador General San Martín,22084,2655,2450,4410,1800
1469,soja 1ra,2006,2006/07,Chaco,22,Maipú,22091,10000,9661,16424,1700
1470,soja 1ra,2006,2006/07,Chaco,22,Mayor Luis J. Fontana,22098,6400,5623,9559,1700
1471,soja 1ra,2006,2006/07,Chaco,22,9 de Julio,22105,57950,57950,98515,1700
1472,soja 1ra,2006,2006/07,Chaco,22,O'Higgins,22112,38400,37565,67592,1799
1473,soja 1ra,2006,2006/07,Chaco,22,Presidencia de la Plaza,22119,1500,1500,2550,1700
1474,soja 1ra,2006,2006/07,Chaco,22,Quitilipi,22133,1800,1740,2778,1597
1475,soja 1ra,2006,2006/07,Chaco,22,San Fernando,22140,9675,9675,16448,1700
1476,soja 1ra,2006,2006/07,Chaco,22,San Lorenzo,22147,9150,8921,14274,1600
1477,soja 1ra,2006,2006/07,Chaco,22,Sargento Cabral,22154,7575,7572,12873,1700
1478,soja 1ra,2006,2006/07,Chaco,22,25 de Mayo,22168,310,310,496,1600
1479,soja 1ra,2006,2006/07,Córdoba,14,Calamuchita,14007,96186,96186,274965,2859
1480,soja 1ra,2006,2006/07,Córdoba,14,Capital,14014,3000,3000,9000,3000
1481,soja 1ra,2006,2006/07,Córdoba,14,Colón,14021,95000,95000,304000,3200
1482,soja 1ra,2006,2006/07,Córdoba,14,General Roca,14035,145000,143000,577700,4040
1483,soja 1ra,2006,2006/07,Córdoba,14,General San Martín,14042,155000,155000,465000,3000
1484,soja 1ra,2006,2006/07,Córdoba,14,Ischilín,14049,35000,35000,105000,3000
1485,soja 1ra,2006,2006/07,Córdoba,14,Juárez Celman,14056,296000,296000,888000,3000
1486,soja 1ra,2006,2006/07,Córdoba,14,Marcos Juárez,14063,465100,461600,1707920,3700
1487,soja 1ra,2006,2006/07,Córdoba,14,Pocho,14077,589,589,1183,2008
1488,soja 1ra,2006,2006/07,Córdoba,14,Presidente Roque Sáenz Peña,14084,135000,131500,512850,3900
1489,soja 1ra,2006,2006/07,Córdoba,14,Río Cuarto,14098,380000,378000,1134000,3000
1490,soja 1ra,2006,2006/07,Córdoba,14,Río Primero,14105,332000,332000,1062400,3200
1491,soja 1ra,2006,2006/07,Córdoba,14,Río Seco,14112,41000,41000,118900,2900
1492,soja 1ra,2006,2006/07,Córdoba,14,Río Segundo,14119,185000,185000,592000,3200
1493,soja 1ra,2006,2006/07,Córdoba,14,San Alberto,14126,757,757,1522,2011
1494,soja 1ra,2006,2006/07,Córdoba,14,San Javier,14133,4104,4104,10865,2647
1495,soja 1ra,2006,2006/07,Córdoba,14,San Justo,14140,225000,222000,710400,3200
1496,soja 1ra,2006,2006/07,Córdoba,14,Santa María,14147,111100,111100,333300,3000
1497,soja 1ra,2006,2006/07,Córdoba,14,Sobremonte,14154,19000,19000,53200,2800
1498,soja 1ra,2006,2006/07,Córdoba,14,Tercero Arriba,14161,247000,247000,790400,3200
1499,soja 1ra,2006,2006/07,Córdoba,14,Totoral,14168,125000,125000,412500,3300
1500,soja 1ra,2006,2006/07,Córdoba,14,Tulumba,14175,100000,100000,290000,2900
1501,soja 1ra,2006,2006/07,Córdoba,14,Unión,14182,432400,428000,1455200,3400
1502,soja 1ra,2006,2006/07,Corrientes,18,otros departamentos,,22000,19000,33600,1768
1503,soja 1ra,2006,2006/07,Entre Ríos,30,Colón,30008,27000,25850,65625,2539
1504,soja 1ra,2006,2006/07,Entre Ríos,30,Concordia,30015,36000,35700,107100,3000
1505,soja 1ra,2006,2006/07,Entre Ríos,30,Diamante,30021,98000,97500,331500,3400
1506,soja 1ra,2006,2006/07,Entre Ríos,30,Federación,30028,12500,12200,32940,2700
1507,soja 1ra,2006,2006/07,Entre Ríos,30,Federal,30035,23000,22800,63840,2800
1508,soja 1ra,2006,2006/07,Entre Ríos,30,Feliciano,30042,12000,11700,30420,2600
1509,soja 1ra,2006,2006/07,Entre Ríos,30,Gualeguay,30049,90000,89000,249200,2800
1510,soja 1ra,2006,2006/07,Entre Ríos,30,Gualeguaychú,30056,102000,101350,273645,2700
1511,soja 1ra,2006,2006/07,Entre Ríos,30,La Paz,30070,100000,98900,296700,3000
1512,soja 1ra,2006,2006/07,Entre Ríos,30,Nogoyá,30077,110000,108300,270750,2500
1513,soja 1ra,2006,2006/07,Entre Ríos,30,Paraná,30084,128000,126200,403840,3200
1514,soja 1ra,2006,2006/07,Entre Ríos,30,San Salvador,30088,27000,26850,61755,2300
1515,soja 1ra,2006,2006/07,Entre Ríos,30,Tala,30091,55000,54600,136500,2500
1516,soja 1ra,2006,2006/07,Entre Ríos,30,Uruguay,30098,116000,115100,322280,2800
1517,soja 1ra,2006,2006/07,Entre Ríos,30,Victoria,30105,90000,88850,266550,3000
1518,soja 1ra,2006,2006/07,Entre Ríos,30,Villaguay,30113,125000,124400,335880,2700
1519,soja 1ra,2006,2006/07,Formosa,34,Bermejo,34007,151,151,257,1702
1520,soja 1ra,2006,2006/07,Formosa,34,Laishí,34021,772,772,2019,2615
1521,soja 1ra,2006,2006/07,Formosa,34,Patiño,34035,7216,7216,13090,1814
1522,soja 1ra,2006,2006/07,Formosa,34,Pilagás,34042,767,767,1570,2047
1523,soja 1ra,2006,2006/07,Formosa,34,Pilcomayo,34049,1091,1091,2361,2164
1524,soja 1ra,2006,2006/07,Formosa,34,Pirané,34056,12202,12202,28344,2323
1525,soja 1ra,2006,2006/07,Jujuy,38,Ledesma,38035,500,500,1350,2700
1526,soja 1ra,2006,2006/07,Jujuy,38,San Pedro,38063,3000,3000,7800,2600
1527,soja 1ra,2006,2006/07,Jujuy,38,Santa Bárbara,38070,2500,2500,7000,2800
1528,soja 1ra,2006,2006/07,La Pampa,42,Atreucó,42007,10000,10000,19000,1900
1529,soja 1ra,2006,2006/07,La Pampa,42,Capital,42021,5000,4980,9960,2000
1530,soja 1ra,2006,2006/07,La Pampa,42,Catriló,42028,10000,10000,22000,2200
1531,soja 1ra,2006,2006/07,La Pampa,42,Conhelo,42035,8800,8400,8400,1000
1532,soja 1ra,2006,2006/07,La Pampa,42,Chapaleufú,42056,46000,44800,125400,2799
1533,soja 1ra,2006,2006/07,La Pampa,42,Guatraché,42070,200,200,180,900
1534,soja 1ra,2006,2006/07,La Pampa,42,Maracó,42105,36800,35900,86200,2401
1535,soja 1ra,2006,2006/07,La Pampa,42,Quemú Quemú,42119,28700,28200,64900,2301
1536,soja 1ra,2006,2006/07,La Pampa,42,Rancul,42126,15900,15100,30200,2000
1537,soja 1ra,2006,2006/07,La Pampa,42,Realicó,42133,24800,24400,53700,2201
1538,soja 1ra,2006,2006/07,La Pampa,42,Toay,42140,1000,980,882,900
1539,soja 1ra,2006,2006/07,La Pampa,42,Trenel,42147,6600,6500,9100,1400
1540,soja 1ra,2006,2006/07,La Pampa,42,Utracán,42154,200,190,152,800
1541,soja 1ra,2006,2006/07,Misiones,54,Cainguás,54014,50,46,90,1957
1542,soja 1ra,2006,2006/07,Misiones,54,General Manuel Belgrano,54049,150,145,300,2069
1543,soja 1ra,2006,2006/07,Misiones,54,Guaraní,54056,370,350,700,2000
1544,soja 1ra,2006,2006/07,Misiones,54,Leandro N. Alem,54070,10,10,20,2000
1545,soja 1ra,2006,2006/07,Misiones,54,Oberá,54091,10,10,20,2000
1546,soja 1ra,2006,2006/07,Misiones,54,San Javier,54105,10,9,20,2222
1547,soja 1ra,2006,2006/07,Misiones,54,San Pedro,54112,70,65,130,2000
1548,soja 1ra,2006,2006/07,Misiones,54,25 de Mayo,54119,280,250,530,2120
1549,soja 1ra,2006,2006/07,Salta,66,Anta,66007,169250,169250,507750,3000
1550,soja 1ra,2006,2006/07,Salta,66,General José de San Martín,66056,93860,93860,244036,2600
1551,soja 1ra,2006,2006/07,Salta,66,La Candelaria,66084,50,50,140,2800
1552,soja 1ra,2006,2006/07,Salta,66,Metán,66112,34800,34800,97440,2800
1553,soja 1ra,2006,2006/07,Salta,66,Orán,66126,25625,25625,66625,2600
1554,soja 1ra,2006,2006/07,Salta,66,Rosario de la Frontera,66140,40175,40175,112490,2800
1555,soja 1ra,2006,2006/07,San Luis,74,Ayacucho,74007,7000,7000,19600,2800
1556,soja 1ra,2006,2006/07,San Luis,74,Coronel Pringles,74021,9000,9000,25200,2800
1557,soja 1ra,2006,2006/07,San Luis,74,Chacabuco,74028,11500,11500,26450,2300
1558,soja 1ra,2006,2006/07,San Luis,74,General Pedernera,74035,30000,26900,48420,1800
1559,soja 1ra,2006,2006/07,San Luis,74,Gobernador Dupuy,74042,12500,12500,21250,1700
1560,soja 1ra,2006,2006/07,San Luis,74,Juan Martín de Pueyrredón,74056,13000,13000,35100,2700
1561,soja 1ra,2006,2006/07,Santa Fe,82,Belgrano,82007,148450,147950,517825,3500
1562,soja 1ra,2006,2006/07,Santa Fe,82,Caseros,82014,242400,242400,869760,3588
1563,soja 1ra,2006,2006/07,Santa Fe,82,Castellanos,82021,173000,171000,547200,3200
1564,soja 1ra,2006,2006/07,Santa Fe,82,Constitución,82028,186600,186600,690420,3700
1565,soja 1ra,2006,2006/07,Santa Fe,82,Garay,82035,4000,4000,8800,2200
1566,soja 1ra,2006,2006/07,Santa Fe,82,General López,82042,518800,505405,1917029,3793
1567,soja 1ra,2006,2006/07,Santa Fe,82,General Obligado,82049,62300,59400,147700,2487
1568,soja 1ra,2006,2006/07,Santa Fe,82,Iriondo,82056,253420,253420,886970,3500
1569,soja 1ra,2006,2006/07,Santa Fe,82,La Capital,82063,39000,39000,107250,2750
1570,soja 1ra,2006,2006/07,Santa Fe,82,Las Colonias,82070,162000,159000,477000,3000
1571,soja 1ra,2006,2006/07,Santa Fe,82,9 de Julio,82077,33000,32200,86900,2699
1572,soja 1ra,2006,2006/07,Santa Fe,82,Rosario,82084,154900,154900,572390,3695
1573,soja 1ra,2006,2006/07,Santa Fe,82,San Cristóbal,82091,72000,72000,194400,2700
1574,soja 1ra,2006,2006/07,Santa Fe,82,San Javier,82098,11700,11300,31400,2779
1575,soja 1ra,2006,2006/07,Santa Fe,82,San Jerónimo,82105,246410,244410,806553,3300
1576,soja 1ra,2006,2006/07,Santa Fe,82,San Justo,82112,110000,110000,297000,2700
1577,soja 1ra,2006,2006/07,Santa Fe,82,San Lorenzo,82119,144700,144700,491300,3395
1578,soja 1ra,2006,2006/07,Santa Fe,82,San Martín,82126,255270,251270,854318,3400
1579,soja 1ra,2006,2006/07,Santa Fe,82,Vera,82133,30000,28200,66800,2369
1580,soja 1ra,2006,2006/07,Santiago del Estero,86,Aguirre,86007,13400,12762,28076,2200
1581,soja 1ra,2006,2006/07,Santiago del Estero,86,Alberdi,86014,50825,50825,130183,2561
1582,soja 1ra,2006,2006/07,Santiago del Estero,86,Banda,86035,500,500,1250,2500
1583,soja 1ra,2006,2006/07,Santiago del Estero,86,Belgrano,86042,89500,87225,211235,2422
1584,soja 1ra,2006,2006/07,Santiago del Estero,86,Capital,86049,380,380,950,2500
1585,soja 1ra,2006,2006/07,Santiago del Estero,86,Copo,86056,5500,5500,12650,2300
1586,soja 1ra,2006,2006/07,Santiago del Estero,86,Choya,86063,2500,2500,5500,2200
1587,soja 1ra,2006,2006/07,Santiago del Estero,86,Figueroa,86070,2000,2000,4600,2300
1588,soja 1ra,2006,2006/07,Santiago del Estero,86,General Taboada,86077,95000,94688,235781,2490
1589,soja 1ra,2006,2006/07,Santiago del Estero,86,Guasayán,86084,1310,1310,2882,2200
1590,soja 1ra,2006,2006/07,Santiago del Estero,86,Jiménez,86091,57800,57800,170550,2951
1591,soja 1ra,2006,2006/07,Santiago del Estero,86,Juan F. Ibarra,86098,61350,61350,153375,2500
1592,soja 1ra,2006,2006/07,Santiago del Estero,86,Mitre,86112,1740,1740,3654,2100
1593,soja 1ra,2006,2006/07,Santiago del Estero,86,Moreno,86119,173500,172599,395084,2289
1594,soja 1ra,2006,2006/07,Santiago del Estero,86,Pellegrini,86133,29000,29000,79388,2738
1595,soja 1ra,2006,2006/07,Santiago del Estero,86,Río Hondo,86147,10050,10050,25125,2500
1596,soja 1ra,2006,2006/07,Santiago del Estero,86,Rivadavia,86154,27750,27750,63825,2300
1597,soja 1ra,2006,2006/07,Santiago del Estero,86,Robles,86161,1960,1960,5410,2760
1598,soja 1ra,2006,2006/07,Santiago del Estero,86,San Martín,86175,610,610,1525,2500
1599,soja 1ra,2006,2006/07,Santiago del Estero,86,Silípica,86189,200,200,500,2500
1600,soja 1ra,2006,2006/07,Tucumán,90,Burruyacú,90007,18778,18778,58212,3100
1601,soja 1ra,2006,2006/07,Tucumán,90,Cruz Alta,90014,14172,14172,45349,3200
1602,soja 1ra,2006,2006/07,Tucumán,90,Chicligasta,90021,980,980,3136,3200
1603,soja 1ra,2006,2006/07,Tucumán,90,Famaillá,90028,190,190,608,3200
1604,soja 1ra,2006,2006/07,Tucumán,90,Graneros,90035,13210,13210,40949,3100
1605,soja 1ra,2006,2006/07,Tucumán,90,Juan Bautista Alberdi,90042,1773,1773,5495,3099
1606,soja 1ra,2006,2006/07,Tucumán,90,La Cocha,90049,8034,8034,24905,3100
1607,soja 1ra,2006,2006/07,Tucumán,90,Leales,90056,11764,11764,36467,3100
1608,soja 1ra,2006,2006/07,Tucumán,90,Lules,90063,655,655,2094,3197
1609,soja 1ra,2006,2006/07,Tucumán,90,Monteros,90070,50,50,160,3200
1610,soja 1ra,2006,2006/07,Tucumán,90,Río Chico,90077,950,950,2850,3000
1611,soja 1ra,2006,2006/07,Tucumán,90,Capital,90084,86,86,282,3279
1612,soja 1ra,2006,2006/07,Tucumán,90,Simoca,90091,1341,1341,4023,3000
1613,soja 1ra,2006,2006/07,Tucumán,90,Tafí Viejo,90105,461,461,1428,3098
1614,soja 1ra,2007,2007/08,Buenos Aires,6,Adolfo Alsina,6007,52100,50000,107362,2147
1615,soja 1ra,2007,2007/08,Buenos Aires,6,Adolfo Gonzales Chaves,6014,40000,38000,58062,1528
1616,soja 1ra,2007,2007/08,Buenos Aires,6,Alberti,6021,17000,16100,60577,3763
1617,soja 1ra,2007,2007/08,Buenos Aires,6,Ayacucho,6042,1600,1550,2848,1837
1618,soja 1ra,2007,2007/08,Buenos Aires,6,Azul,6049,35000,34200,55855,1633
1619,soja 1ra,2007,2007/08,Buenos Aires,6,Bahía Blanca,6056,600,0,0,0
1620,soja 1ra,2007,2007/08,Buenos Aires,6,Balcarce,6063,16000,15700,38462,2450
1621,soja 1ra,2007,2007/08,Buenos Aires,6,Baradero,6070,40500,40500,133690,3301
1622,soja 1ra,2007,2007/08,Buenos Aires,6,Arrecifes,6077,50200,50200,177138,3529
1623,soja 1ra,2007,2007/08,Buenos Aires,6,Benito Juárez,6084,32000,31400,48077,1531
1624,soja 1ra,2007,2007/08,Buenos Aires,6,Bolívar,6105,66000,66000,199217,3018
1625,soja 1ra,2007,2007/08,Buenos Aires,6,Bragado,6112,70000,69700,256972,3687
1626,soja 1ra,2007,2007/08,Buenos Aires,6,Campana,6126,4300,4300,14684,3415
1627,soja 1ra,2007,2007/08,Buenos Aires,6,Cañuelas,6134,8000,8000,23577,2947
1628,soja 1ra,2007,2007/08,Buenos Aires,6,Capitán Sarmiento,6140,26400,26400,90152,3415
1629,soja 1ra,2007,2007/08,Buenos Aires,6,Carlos Casares,6147,65600,65600,236385,3603
1630,soja 1ra,2007,2007/08,Buenos Aires,6,Carlos Tejedor,6154,77500,77500,263751,3403
1631,soja 1ra,2007,2007/08,Buenos Aires,6,Carmen de Areco,6161,25700,25700,107281,4174
1632,soja 1ra,2007,2007/08,Buenos Aires,6,Castelli,6168,2200,2150,5047,2347
1633,soja 1ra,2007,2007/08,Buenos Aires,6,Colón,6175,47550,47550,200263,4212
1634,soja 1ra,2007,2007/08,Buenos Aires,6,Coronel de Marina Leonardo Rosales,6182,400,0,0,0
1635,soja 1ra,2007,2007/08,Buenos Aires,6,Coronel Dorrego,6189,29200,27800,42477,1528
1636,soja 1ra,2007,2007/08,Buenos Aires,6,Coronel Pringles,6196,12600,12000,20780,1732
1637,soja 1ra,2007,2007/08,Buenos Aires,6,Coronel Suárez,6203,73000,73000,190666,2612
1638,soja 1ra,2007,2007/08,Buenos Aires,6,Chacabuco,6210,78000,78000,341881,4383
1639,soja 1ra,2007,2007/08,Buenos Aires,6,Chascomús,6218,9000,9000,25610,2846
1640,soja 1ra,2007,2007/08,Buenos Aires,6,Chivilcoy,6224,37000,36600,131190,3584
1641,soja 1ra,2007,2007/08,Buenos Aires,6,Daireaux,6231,65000,65000,189658,2918
1642,soja 1ra,2007,2007/08,Buenos Aires,6,Dolores,6238,3200,3130,7029,2246
1643,soja 1ra,2007,2007/08,Buenos Aires,6,Exaltación de la Cruz,6266,10350,10350,36522,3529
1644,soja 1ra,2007,2007/08,Buenos Aires,6,Florentino Ameghino,6277,27750,26250,97841,3727
1645,soja 1ra,2007,2007/08,Buenos Aires,6,General Alvarado,6280,13000,12750,33837,2654
1646,soja 1ra,2007,2007/08,Buenos Aires,6,General Alvear,6287,11000,11000,32096,2918
1647,soja 1ra,2007,2007/08,Buenos Aires,6,General Arenales,6294,53500,53500,234495,4383
1648,soja 1ra,2007,2007/08,Buenos Aires,6,General Belgrano,6301,11000,11000,31300,2845
1649,soja 1ra,2007,2007/08,Buenos Aires,6,General Juan Madariaga,6315,5500,5400,14331,2654
1650,soja 1ra,2007,2007/08,Buenos Aires,6,General La Madrid,6322,17000,17000,44402,2612
1651,soja 1ra,2007,2007/08,Buenos Aires,6,General Las Heras,6329,2100,2100,8328,3966
1652,soja 1ra,2007,2007/08,Buenos Aires,6,General Pinto,6351,43000,42000,161289,3840
1653,soja 1ra,2007,2007/08,Buenos Aires,6,General Pueyrredón,6357,12000,11800,28907,2450
1654,soja 1ra,2007,2007/08,Buenos Aires,6,General Rodríguez,6364,800,800,3172,3965
1655,soja 1ra,2007,2007/08,Buenos Aires,6,General Viamonte,6385,53500,52500,207541,3953
1656,soja 1ra,2007,2007/08,Buenos Aires,6,General Villegas,6392,129500,126000,455405,3614
1657,soja 1ra,2007,2007/08,Buenos Aires,6,Guaminí,6399,51800,50000,117588,2352
1658,soja 1ra,2007,2007/08,Buenos Aires,6,Hipólito Yrigoyen,6406,36000,36000,105041,2918
1659,soja 1ra,2007,2007/08,Buenos Aires,6,Junín,6413,73000,73000,304729,4174
1660,soja 1ra,2007,2007/08,Buenos Aires,6,Laprida,6448,9000,8500,15585,1834
1661,soja 1ra,2007,2007/08,Buenos Aires,6,Las Flores,6455,13500,13500,39786,2947
1662,soja 1ra,2007,2007/08,Buenos Aires,6,Leandro N. Alem,6462,75000,73500,307161,4179
1663,soja 1ra,2007,2007/08,Buenos Aires,6,Lincoln,6469,84250,78750,302417,3840
1664,soja 1ra,2007,2007/08,Buenos Aires,6,Lobería,6476,25000,24600,37665,1531
1665,soja 1ra,2007,2007/08,Buenos Aires,6,Lobos,6483,16500,16500,50305,3049
1666,soja 1ra,2007,2007/08,Buenos Aires,6,Luján,6497,7800,7800,30932,3966
1667,soja 1ra,2007,2007/08,Buenos Aires,6,Maipú,6511,2100,2060,4837,2348
1668,soja 1ra,2007,2007/08,Buenos Aires,6,Mar Chiquita,6518,2000,1960,4401,2245
1669,soja 1ra,2007,2007/08,Buenos Aires,6,Marcos Paz,6525,3200,3200,12692,3966
1670,soja 1ra,2007,2007/08,Buenos Aires,6,Mercedes,6532,8000,7400,21220,2868
1671,soja 1ra,2007,2007/08,Buenos Aires,6,Monte,6547,12500,12500,35569,2846
1672,soja 1ra,2007,2007/08,Buenos Aires,6,Navarro,6574,17000,17000,46646,2744
1673,soja 1ra,2007,2007/08,Buenos Aires,6,Necochea,6581,40300,36300,103532,2852
1674,soja 1ra,2007,2007/08,Buenos Aires,6,9 de Julio,6588,69000,68900,246966,3584
1675,soja 1ra,2007,2007/08,Buenos Aires,6,Olavarría,6595,61000,61000,141162,2314
1676,soja 1ra,2007,2007/08,Buenos Aires,6,Patagones,6602,800,240,300,1250
1677,soja 1ra,2007,2007/08,Buenos Aires,6,Pehuajó,6609,98700,98700,335900,3403
1678,soja 1ra,2007,2007/08,Buenos Aires,6,Pellegrini,6616,12600,12000,26994,2250
1679,soja 1ra,2007,2007/08,Buenos Aires,6,Pergamino,6623,154200,154200,614327,3984
1680,soja 1ra,2007,2007/08,Buenos Aires,6,Pilar,6638,800,800,3172,3965
1681,soja 1ra,2007,2007/08,Buenos Aires,6,Puán,6651,2500,2500,5525,2210
1682,soja 1ra,2007,2007/08,Buenos Aires,6,Ramallo,6665,53200,53200,187487,3524
1683,soja 1ra,2007,2007/08,Buenos Aires,6,Rauch,6672,4500,4400,8533,1939
1684,soja 1ra,2007,2007/08,Buenos Aires,6,Rivadavia,6679,115600,115600,381844,3303
1685,soja 1ra,2007,2007/08,Buenos Aires,6,Rojas,6686,68000,68000,319340,4696
1686,soja 1ra,2007,2007/08,Buenos Aires,6,Roque Pérez,6693,17500,17500,48018,2744
1687,soja 1ra,2007,2007/08,Buenos Aires,6,Saavedra,6700,20500,20500,51484,2511
1688,soja 1ra,2007,2007/08,Buenos Aires,6,Saladillo,6707,24000,24000,68292,2846
1689,soja 1ra,2007,2007/08,Buenos Aires,6,Salto,6714,75050,75050,307539,4098
1690,soja 1ra,2007,2007/08,Buenos Aires,6,Salliqueló,6721,15000,15000,32209,2147
1691,soja 1ra,2007,2007/08,Buenos Aires,6,San Andrés de Giles,6728,27400,27400,108658,3966
1692,soja 1ra,2007,2007/08,Buenos Aires,6,San Antonio de Areco,6735,35650,35650,125796,3529
1693,soja 1ra,2007,2007/08,Buenos Aires,6,San Cayetano,6742,28200,26800,51869,1935
1694,soja 1ra,2007,2007/08,Buenos Aires,6,San Nicolás,6763,35800,35800,122251,3415
1695,soja 1ra,2007,2007/08,Buenos Aires,6,San Pedro,6770,42600,42600,140623,3301
1696,soja 1ra,2007,2007/08,Buenos Aires,6,Suipacha,6784,9500,6800,17410,2560
1697,soja 1ra,2007,2007/08,Buenos Aires,6,Tandil,6791,45000,44000,112281,2552
1698,soja 1ra,2007,2007/08,Buenos Aires,6,Tapalqué,6798,1000,1000,2314,2314
1699,soja 1ra,2007,2007/08,Buenos Aires,6,Tornquist,6819,7000,7000,16173,2310
1700,soja 1ra,2007,2007/08,Buenos Aires,6,Trenque Lauquen,6826,115600,115600,347131,3003
1701,soja 1ra,2007,2007/08,Buenos Aires,6,Tres Arroyos,6833,60300,57300,128407,2241
1702,soja 1ra,2007,2007/08,Buenos Aires,6,Tres Lomas,6847,15000,15000,35276,2352
1703,soja 1ra,2007,2007/08,Buenos Aires,6,25 de Mayo,6854,29500,29500,83943,2846
1704,soja 1ra,2007,2007/08,Buenos Aires,6,Villarino,6875,750,350,500,1429
1705,soja 1ra,2007,2007/08,Buenos Aires,6,Zárate,6882,22400,22400,76492,3415
1706,soja 1ra,2007,2007/08,Catamarca,10,El Alto,10056,15500,15500,46500,3000
1707,soja 1ra,2007,2007/08,Catamarca,10,Santa Rosa,10098,15500,15500,46500,3000
1708,soja 1ra,2007,2007/08,Chaco,22,Almirante Brown,22007,93860,93860,225180,2399
1709,soja 1ra,2007,2007/08,Chaco,22,Bermejo,22014,1310,1310,2672,2040
1710,soja 1ra,2007,2007/08,Chaco,22,Comandante Fernández,22021,49300,49300,118205,2398
1711,soja 1ra,2007,2007/08,Chaco,22,Chacabuco,22028,78575,78575,188509,2399
1712,soja 1ra,2007,2007/08,Chaco,22,12 de Octubre,22036,88908,88908,213298,2399
1713,soja 1ra,2007,2007/08,Chaco,22,2 de Abril,22039,43860,43860,105225,2399
1714,soja 1ra,2007,2007/08,Chaco,22,Fray Justo Santa María de Oro,22043,53100,53100,114654,2159
1715,soja 1ra,2007,2007/08,Chaco,22,General Belgrano,22049,43575,43575,94087,2159
1716,soja 1ra,2007,2007/08,Chaco,22,General Donovan,22056,1200,1200,2159,1799
1717,soja 1ra,2007,2007/08,Chaco,22,General Güemes,22063,7905,7905,15172,1919
1718,soja 1ra,2007,2007/08,Chaco,22,Independencia,22070,39050,39050,93685,2399
1719,soja 1ra,2007,2007/08,Chaco,22,Libertad,22077,800,800,1439,1799
1720,soja 1ra,2007,2007/08,Chaco,22,Libertador General San Martín,22084,6630,6630,16311,2460
1721,soja 1ra,2007,2007/08,Chaco,22,Maipú,22091,18575,18575,40107,2159
1722,soja 1ra,2007,2007/08,Chaco,22,Mayor Luis J. Fontana,22098,16860,16860,32359,1919
1723,soja 1ra,2007,2007/08,Chaco,22,9 de Julio,22105,58860,58860,141211,2399
1724,soja 1ra,2007,2007/08,Chaco,22,O'Higgins,22112,49240,49240,106319,2159
1725,soja 1ra,2007,2007/08,Chaco,22,Presidencia de la Plaza,22119,2000,2000,3359,1680
1726,soja 1ra,2007,2007/08,Chaco,22,Quitilipi,22133,8810,8810,21136,2399
1727,soja 1ra,2007,2007/08,Chaco,22,San Fernando,22140,9715,9715,20977,2159
1728,soja 1ra,2007,2007/08,Chaco,22,San Lorenzo,22147,14905,14905,32183,2159
1729,soja 1ra,2007,2007/08,Chaco,22,Sargento Cabral,22154,7905,7905,22758,2879
1730,soja 1ra,2007,2007/08,Chaco,22,25 de Mayo,22168,490,490,942,1922
1731,soja 1ra,2007,2007/08,Córdoba,14,Calamuchita,14007,80000,80000,220800,2760
1732,soja 1ra,2007,2007/08,Córdoba,14,Capital,14014,2000,2000,5066,2533
1733,soja 1ra,2007,2007/08,Córdoba,14,Colón,14021,90000,90000,239811,2665
1734,soja 1ra,2007,2007/08,Córdoba,14,General Roca,14035,235000,231500,605330,2615
1735,soja 1ra,2007,2007/08,Córdoba,14,General San Martín,14042,134000,134000,434435,3242
1736,soja 1ra,2007,2007/08,Córdoba,14,Ischilín,14049,30000,30000,73788,2460
1737,soja 1ra,2007,2007/08,Córdoba,14,Juárez Celman,14056,266000,266000,800887,3011
1738,soja 1ra,2007,2007/08,Córdoba,14,Marcos Juárez,14063,455700,455100,1780482,3912
1739,soja 1ra,2007,2007/08,Córdoba,14,Minas,14070,5450,5450,13880,2547
1740,soja 1ra,2007,2007/08,Córdoba,14,Pocho,14077,589,589,1210,2054
1741,soja 1ra,2007,2007/08,Córdoba,14,Presidente Roque Sáenz Peña,14084,205000,203500,552580,2715
1742,soja 1ra,2007,2007/08,Córdoba,14,Río Cuarto,14098,375000,375000,1129070,3011
1743,soja 1ra,2007,2007/08,Córdoba,14,Río Primero,14105,315000,314000,740135,2357
1744,soja 1ra,2007,2007/08,Córdoba,14,Río Seco,14112,38000,38000,89571,2357
1745,soja 1ra,2007,2007/08,Córdoba,14,Río Segundo,14119,154000,154000,436867,2837
1746,soja 1ra,2007,2007/08,Córdoba,14,San Alberto,14126,757,757,1557,2057
1747,soja 1ra,2007,2007/08,Córdoba,14,San Javier,14133,4104,4104,11113,2708
1748,soja 1ra,2007,2007/08,Córdoba,14,San Justo,14140,210000,208500,555562,2665
1749,soja 1ra,2007,2007/08,Córdoba,14,Santa María,14147,100000,100000,253286,2533
1750,soja 1ra,2007,2007/08,Córdoba,14,Sobremonte,14154,15000,15000,35357,2357
1751,soja 1ra,2007,2007/08,Córdoba,14,Tercero Arriba,14161,216200,213700,627876,2938
1752,soja 1ra,2007,2007/08,Córdoba,14,Totoral,14168,115000,115000,329996,2870
1753,soja 1ra,2007,2007/08,Córdoba,14,Tulumba,14175,97000,97000,268404,2767
1754,soja 1ra,2007,2007/08,Córdoba,14,Unión,14182,410300,409200,1471105,3595
1755,soja 1ra,2007,2007/08,Corrientes,18,Bella Vista,18007,3600,3260,4238,1300
1756,soja 1ra,2007,2007/08,Corrientes,18,Concepción,18028,500,450,810,1800
1757,soja 1ra,2007,2007/08,Corrientes,18,Curuzu Cuatia,18035,2500,1478,2660,1800
1758,soja 1ra,2007,2007/08,Corrientes,18,Empedrado,18042,230,195,380,1949
1759,soja 1ra,2007,2007/08,Corrientes,18,Esquina,18049,8000,7200,12940,1797
1760,soja 1ra,2007,2007/08,Corrientes,18,General Alvear,18056,45,43,75,1744
1761,soja 1ra,2007,2007/08,Corrientes,18,Goya,18070,260,245,385,1571
1762,soja 1ra,2007,2007/08,Corrientes,18,Ituzaingó,18084,800,740,1185,1601
1763,soja 1ra,2007,2007/08,Corrientes,18,Mercedes,18105,2675,2525,3535,1400
1764,soja 1ra,2007,2007/08,Corrientes,18,Monte Caseros,18112,2800,2580,4380,1698
1765,soja 1ra,2007,2007/08,Corrientes,18,Paso de los Libres,18119,480,440,740,1682
1766,soja 1ra,2007,2007/08,Corrientes,18,Saladas,18126,600,560,1003,1791
1767,soja 1ra,2007,2007/08,Corrientes,18,San Roque,18161,730,675,1140,1689
1768,soja 1ra,2007,2007/08,Corrientes,18,Santo Tomé,18168,3190,3020,5875,1945
1769,soja 1ra,2007,2007/08,Corrientes,18,Sauce,18175,4000,3660,6460,1765
1770,soja 1ra,2007,2007/08,Entre Ríos,30,Colón,30008,30000,28950,63690,2200
1771,soja 1ra,2007,2007/08,Entre Ríos,30,Concordia,30015,30000,30000,78000,2600
1772,soja 1ra,2007,2007/08,Entre Ríos,30,Diamante,30021,85000,85000,187000,2200
1773,soja 1ra,2007,2007/08,Entre Ríos,30,Federación,30028,10000,10000,24000,2400
1774,soja 1ra,2007,2007/08,Entre Ríos,30,Federal,30035,28000,28000,67200,2400
1775,soja 1ra,2007,2007/08,Entre Ríos,30,Feliciano,30042,13000,13000,31200,2400
1776,soja 1ra,2007,2007/08,Entre Ríos,30,Gualeguay,30049,82000,81800,204500,2500
1777,soja 1ra,2007,2007/08,Entre Ríos,30,Gualeguaychú,30056,128000,126100,264810,2100
1778,soja 1ra,2007,2007/08,Entre Ríos,30,La Paz,30070,105000,105000,294000,2800
1779,soja 1ra,2007,2007/08,Entre Ríos,30,Nogoyá,30077,102000,100850,231955,2300
1780,soja 1ra,2007,2007/08,Entre Ríos,30,Paraná,30084,112000,112000,268800,2400
1781,soja 1ra,2007,2007/08,Entre Ríos,30,San Salvador,30088,25000,24950,59880,2400
1782,soja 1ra,2007,2007/08,Entre Ríos,30,Tala,30091,56000,55950,123090,2200
1783,soja 1ra,2007,2007/08,Entre Ríos,30,Uruguay,30098,115000,114300,251460,2200
1784,soja 1ra,2007,2007/08,Entre Ríos,30,Victoria,30105,77000,76400,221560,2900
1785,soja 1ra,2007,2007/08,Entre Ríos,30,Villaguay,30113,125000,124800,336960,2700
1786,soja 1ra,2007,2007/08,Formosa,34,Laishí,34021,244,244,634,2598
1787,soja 1ra,2007,2007/08,Formosa,34,Patiño,34035,2760,2760,5636,2042
1788,soja 1ra,2007,2007/08,Formosa,34,Pilagás,34042,334,334,601,1799
1789,soja 1ra,2007,2007/08,Formosa,34,Pilcomayo,34049,582,582,1277,2194
1790,soja 1ra,2007,2007/08,Formosa,34,Pirané,34056,1482,1482,2667,1800
1791,soja 1ra,2007,2007/08,Jujuy,38,Ledesma,38035,500,500,1400,2800
1792,soja 1ra,2007,2007/08,Jujuy,38,San Pedro,38063,2910,2910,7857,2700
1793,soja 1ra,2007,2007/08,Jujuy,38,Santa Bárbara,38070,2500,2500,7000,2800
1794,soja 1ra,2007,2007/08,La Pampa,42,Atreucó,42007,11000,11000,16808,1528
1795,soja 1ra,2007,2007/08,La Pampa,42,Capital,42021,5000,5000,8659,1732
1796,soja 1ra,2007,2007/08,La Pampa,42,Catriló,42028,11000,11000,21290,1935
1797,soja 1ra,2007,2007/08,La Pampa,42,Conhelo,42035,8576,8103,15387,1899
1798,soja 1ra,2007,2007/08,La Pampa,42,Chapaleufú,42056,49500,48500,121300,2501
1799,soja 1ra,2007,2007/08,La Pampa,42,Guatraché,42070,300,200,122,610
1800,soja 1ra,2007,2007/08,La Pampa,42,Maracó,42105,38700,37900,87200,2301
1801,soja 1ra,2007,2007/08,La Pampa,42,Quemú Quemú,42119,25800,25300,53100,2099
1802,soja 1ra,2007,2007/08,La Pampa,42,Rancul,42126,10200,9800,17600,1796
1803,soja 1ra,2007,2007/08,La Pampa,42,Realicó,42133,22500,21800,41400,1899
1804,soja 1ra,2007,2007/08,La Pampa,42,Toay,42140,1100,900,513,570
1805,soja 1ra,2007,2007/08,La Pampa,42,Trenel,42147,6700,6400,11500,1797
1806,soja 1ra,2007,2007/08,La Pampa,42,Utracán,42154,400,300,171,570
1807,soja 1ra,2007,2007/08,Misiones,54,Cainguás,54014,50,35,56,1600
1808,soja 1ra,2007,2007/08,Misiones,54,General Manuel Belgrano,54049,200,180,297,1650
1809,soja 1ra,2007,2007/08,Misiones,54,Guaraní,54056,400,375,600,1600
1810,soja 1ra,2007,2007/08,Misiones,54,Leandro N. Alem,54070,10,8,12,1500
1811,soja 1ra,2007,2007/08,Misiones,54,Oberá,54091,10,8,12,1500
1812,soja 1ra,2007,2007/08,Misiones,54,San Javier,54105,10,7,11,1571
1813,soja 1ra,2007,2007/08,Misiones,54,San Pedro,54112,100,95,152,1600
1814,soja 1ra,2007,2007/08,Misiones,54,25 de Mayo,54119,400,360,576,1600
1815,soja 1ra,2007,2007/08,Salta,66,Anta,66007,167350,167350,546641,3266
1816,soja 1ra,2007,2007/08,Salta,66,General José de San Martín,66056,92910,92910,256067,2756
1817,soja 1ra,2007,2007/08,Salta,66,La Candelaria,66084,50,50,143,2860
1818,soja 1ra,2007,2007/08,Salta,66,Metán,66112,32900,32900,94033,2858
1819,soja 1ra,2007,2007/08,Salta,66,Orán,66126,24675,24675,65487,2654
1820,soja 1ra,2007,2007/08,Salta,66,Rosario de la Frontera,66140,40175,40175,114826,2858
1821,soja 1ra,2007,2007/08,San Luis,74,Ayacucho,74007,8500,8500,23800,2800
1822,soja 1ra,2007,2007/08,San Luis,74,Coronel Pringles,74021,12000,12000,30000,2500
1823,soja 1ra,2007,2007/08,San Luis,74,Chacabuco,74028,12500,12500,28750,2300
1824,soja 1ra,2007,2007/08,San Luis,74,General Pedernera,74035,38000,38000,95000,2500
1825,soja 1ra,2007,2007/08,San Luis,74,Gobernador Dupuy,74042,16000,16000,33600,2100
1826,soja 1ra,2007,2007/08,San Luis,74,Juan Martín de Pueyrredón,74056,18000,18000,46800,2600
1827,soja 1ra,2007,2007/08,Santa Fe,82,Belgrano,82007,143500,143500,556065,3875
1828,soja 1ra,2007,2007/08,Santa Fe,82,Caseros,82014,228000,228000,898045,3939
1829,soja 1ra,2007,2007/08,Santa Fe,82,Castellanos,82021,155000,155000,551951,3561
1830,soja 1ra,2007,2007/08,Santa Fe,82,Constitución,82028,176500,172500,625802,3628
1831,soja 1ra,2007,2007/08,Santa Fe,82,Garay,82035,5000,5000,13092,2618
1832,soja 1ra,2007,2007/08,Santa Fe,82,General López,82042,516150,516150,2092432,4054
1833,soja 1ra,2007,2007/08,Santa Fe,82,General Obligado,82049,64900,48026,27992,583
1834,soja 1ra,2007,2007/08,Santa Fe,82,Iriondo,82056,247000,247000,1034735,4189
1835,soja 1ra,2007,2007/08,Santa Fe,82,La Capital,82063,30000,30000,91119,3037
1836,soja 1ra,2007,2007/08,Santa Fe,82,Las Colonias,82070,140000,140000,483874,3456
1837,soja 1ra,2007,2007/08,Santa Fe,82,9 de Julio,82077,57500,34100,59604,1748
1838,soja 1ra,2007,2007/08,Santa Fe,82,Rosario,82084,133400,133400,470126,3524
1839,soja 1ra,2007,2007/08,Santa Fe,82,San Cristóbal,82091,60000,60000,138250,2304
1840,soja 1ra,2007,2007/08,Santa Fe,82,San Javier,82098,12900,11100,10832,976
1841,soja 1ra,2007,2007/08,Santa Fe,82,San Jerónimo,82105,240000,240000,879735,3666
1842,soja 1ra,2007,2007/08,Santa Fe,82,San Justo,82112,105000,105000,241937,2304
1843,soja 1ra,2007,2007/08,Santa Fe,82,San Lorenzo,82119,150000,150000,575271,3835
1844,soja 1ra,2007,2007/08,Santa Fe,82,San Martín,82126,244000,244000,971059,3980
1845,soja 1ra,2007,2007/08,Santa Fe,82,Vera,82133,20000,17000,17371,1022
1846,soja 1ra,2007,2007/08,Santiago del Estero,86,Aguirre,86007,18100,15818,17783,1124
1847,soja 1ra,2007,2007/08,Santiago del Estero,86,Alberdi,86014,55150,55150,162861,2953
1848,soja 1ra,2007,2007/08,Santiago del Estero,86,Banda,86035,500,500,1120,2240
1849,soja 1ra,2007,2007/08,Santiago del Estero,86,Belgrano,86042,109500,103979,158465,1524
1850,soja 1ra,2007,2007/08,Santiago del Estero,86,Capital,86049,300,300,571,1903
1851,soja 1ra,2007,2007/08,Santiago del Estero,86,Copo,86056,5500,5500,14002,2546
1852,soja 1ra,2007,2007/08,Santiago del Estero,86,Choya,86063,2000,2000,3055,1528
1853,soja 1ra,2007,2007/08,Santiago del Estero,86,Figueroa,86070,2000,2000,4480,2240
1854,soja 1ra,2007,2007/08,Santiago del Estero,86,General Taboada,86077,146100,139607,212822,1524
1855,soja 1ra,2007,2007/08,Santiago del Estero,86,Guasayán,86084,1500,1500,3360,2240
1856,soja 1ra,2007,2007/08,Santiago del Estero,86,Jiménez,86091,66450,66450,202997,3055
1857,soja 1ra,2007,2007/08,Santiago del Estero,86,Juan F. Ibarra,86098,66200,62417,76271,1222
1858,soja 1ra,2007,2007/08,Santiago del Estero,86,Mitre,86112,2310,2310,2587,1120
1859,soja 1ra,2007,2007/08,Santiago del Estero,86,Moreno,86119,190400,190400,348990,1833
1860,soja 1ra,2007,2007/08,Santiago del Estero,86,Pellegrini,86133,42400,42400,129527,3055
1861,soja 1ra,2007,2007/08,Santiago del Estero,86,Río Hondo,86147,8169,8169,18301,2240
1862,soja 1ra,2007,2007/08,Santiago del Estero,86,Rivadavia,86154,33500,30773,47004,1527
1863,soja 1ra,2007,2007/08,Santiago del Estero,86,Robles,86161,2450,2450,5486,2239
1864,soja 1ra,2007,2007/08,Santiago del Estero,86,San Martín,86175,610,610,1242,2036
1865,soja 1ra,2007,2007/08,Santiago del Estero,86,Silípica,86189,200,200,407,2035
1866,soja 1ra,2007,2007/08,Tucumán,90,Burruyacú,90007,24037,24037,67304,2800
1867,soja 1ra,2007,2007/08,Tucumán,90,Cruz Alta,90014,16006,16006,44815,2800
1868,soja 1ra,2007,2007/08,Tucumán,90,Chicligasta,90021,1140,1140,3078,2700
1869,soja 1ra,2007,2007/08,Tucumán,90,Famaillá,90028,600,600,1200,2000
1870,soja 1ra,2007,2007/08,Tucumán,90,Graneros,90035,13713,13713,37025,2700
1871,soja 1ra,2007,2007/08,Tucumán,90,Juan Bautista Alberdi,90042,2067,2067,5786,2799
1872,soja 1ra,2007,2007/08,Tucumán,90,La Cocha,90049,7792,7792,21037,2700
1873,soja 1ra,2007,2007/08,Tucumán,90,Leales,90056,15573,15573,43604,2800
1874,soja 1ra,2007,2007/08,Tucumán,90,Lules,90063,1042,1042,2083,1999
1875,soja 1ra,2007,2007/08,Tucumán,90,Monteros,90070,170,170,170,1000
1876,soja 1ra,2007,2007/08,Tucumán,90,Río Chico,90077,1070,1070,3210,3000
1877,soja 1ra,2007,2007/08,Tucumán,90,Capital,90084,30,30,87,2900
1878,soja 1ra,2007,2007/08,Tucumán,90,Simoca,90091,936,936,2714,2900
1879,soja 1ra,2007,2007/08,Tucumán,90,Tafí Viejo,90105,465,465,1314,2826
1880,soja 1ra,2008,2008/09,Buenos Aires,6,Adolfo Alsina,6007,74035,62929,48578,772
1881,soja 1ra,2008,2008/09,Buenos Aires,6,Adolfo Gonzales Chaves,6014,70787,70787,49551,700
1882,soja 1ra,2008,2008/09,Buenos Aires,6,Alberti,6021,30887,29630,22651,764
1883,soja 1ra,2008,2008/09,Buenos Aires,6,Ayacucho,6042,1800,1700,1700,1000
1884,soja 1ra,2008,2008/09,Buenos Aires,6,Azul,6049,37000,35600,44500,1250
1885,soja 1ra,2008,2008/09,Buenos Aires,6,Balcarce,6063,16500,15950,20735,1300
1886,soja 1ra,2008,2008/09,Buenos Aires,6,Baradero,6070,46200,45600,72960,1600
1887,soja 1ra,2008,2008/09,Buenos Aires,6,Arrecifes,6077,57650,57650,74555,1293
1888,soja 1ra,2008,2008/09,Buenos Aires,6,Benito Juárez,6084,32500,31400,45530,1450
1889,soja 1ra,2008,2008/09,Buenos Aires,6,Bolívar,6105,74000,74000,125800,1700
1890,soja 1ra,2008,2008/09,Buenos Aires,6,Bragado,6112,110284,109756,195249,1779
1891,soja 1ra,2008,2008/09,Buenos Aires,6,Campana,6126,4950,4700,5640,1200
1892,soja 1ra,2008,2008/09,Buenos Aires,6,Cañuelas,6134,9000,7900,10270,1300
1893,soja 1ra,2008,2008/09,Buenos Aires,6,Capitán Sarmiento,6140,30100,29750,47600,1600
1894,soja 1ra,2008,2008/09,Buenos Aires,6,Carlos Casares,6147,78870,69200,73920,1068
1895,soja 1ra,2008,2008/09,Buenos Aires,6,Carlos Tejedor,6154,107113,93400,82980,888
1896,soja 1ra,2008,2008/09,Buenos Aires,6,Carmen de Areco,6161,36708,36708,52493,1430
1897,soja 1ra,2008,2008/09,Buenos Aires,6,Castelli,6168,2400,2320,2552,1100
1898,soja 1ra,2008,2008/09,Buenos Aires,6,Colón,6175,52200,52200,125280,2400
1899,soja 1ra,2008,2008/09,Buenos Aires,6,Coronel de Marina Leonardo Rosales,6182,110,0,0,0
1900,soja 1ra,2008,2008/09,Buenos Aires,6,Coronel Dorrego,6189,44889,40889,20445,500
1901,soja 1ra,2008,2008/09,Buenos Aires,6,Coronel Pringles,6196,20718,18218,5465,300
1902,soja 1ra,2008,2008/09,Buenos Aires,6,Coronel Suárez,6203,80000,70000,56000,800
1903,soja 1ra,2008,2008/09,Buenos Aires,6,Chacabuco,6210,122794,122794,198065,1613
1904,soja 1ra,2008,2008/09,Buenos Aires,6,Chascomús,6218,10000,9300,13950,1500
1905,soja 1ra,2008,2008/09,Buenos Aires,6,Chivilcoy,6224,65704,64386,80640,1252
1906,soja 1ra,2008,2008/09,Buenos Aires,6,Daireaux,6231,70000,70000,112000,1600
1907,soja 1ra,2008,2008/09,Buenos Aires,6,Dolores,6238,3000,2900,3499,1207
1908,soja 1ra,2008,2008/09,Buenos Aires,6,Exaltación de la Cruz,6266,10600,10350,13455,1300
1909,soja 1ra,2008,2008/09,Buenos Aires,6,Florentino Ameghino,6277,70959,63259,91726,1450
1910,soja 1ra,2008,2008/09,Buenos Aires,6,General Alvarado,6280,6823,6236,19530,3132
1911,soja 1ra,2008,2008/09,Buenos Aires,6,General Alvear,6287,13000,13000,20800,1600
1912,soja 1ra,2008,2008/09,Buenos Aires,6,General Arenales,6294,88699,88699,219572,2475
1913,soja 1ra,2008,2008/09,Buenos Aires,6,General Belgrano,6301,11000,9900,11880,1200
1914,soja 1ra,2008,2008/09,Buenos Aires,6,General Juan Madariaga,6315,6100,5900,8850,1500
1915,soja 1ra,2008,2008/09,Buenos Aires,6,General La Madrid,6322,20000,15000,12000,800
1916,soja 1ra,2008,2008/09,Buenos Aires,6,General Las Heras,6329,3515,3515,5413,1540
1917,soja 1ra,2008,2008/09,Buenos Aires,6,General Pinto,6351,75600,70072,105108,1500
1918,soja 1ra,2008,2008/09,Buenos Aires,6,General Pueyrredón,6357,12500,12100,15730,1300
1919,soja 1ra,2008,2008/09,Buenos Aires,6,General Rodríguez,6364,1562,1562,2390,1530
1920,soja 1ra,2008,2008/09,Buenos Aires,6,General Viamonte,6385,71300,67847,128909,1900
1921,soja 1ra,2008,2008/09,Buenos Aires,6,General Villegas,6392,300791,291491,539258,1850
1922,soja 1ra,2008,2008/09,Buenos Aires,6,Guaminí,6399,75917,63030,92142,1462
1923,soja 1ra,2008,2008/09,Buenos Aires,6,Hipólito Yrigoyen,6406,40000,40000,72000,1800
1924,soja 1ra,2008,2008/09,Buenos Aires,6,Junín,6413,119130,119130,194167,1630
1925,soja 1ra,2008,2008/09,Buenos Aires,6,Laprida,6448,12086,9786,3914,400
1926,soja 1ra,2008,2008/09,Buenos Aires,6,Las Flores,6455,15000,14100,16920,1200
1927,soja 1ra,2008,2008/09,Buenos Aires,6,Leandro N. Alem,6462,105000,100890,201780,2000
1928,soja 1ra,2008,2008/09,Buenos Aires,6,Lincoln,6469,119950,112325,207801,1850
1929,soja 1ra,2008,2008/09,Buenos Aires,6,Lobería,6476,26000,25000,35000,1400
1930,soja 1ra,2008,2008/09,Buenos Aires,6,Lobos,6483,20000,18500,18500,1000
1931,soja 1ra,2008,2008/09,Buenos Aires,6,Luján,6497,12106,12106,18595,1536
1932,soja 1ra,2008,2008/09,Buenos Aires,6,Maipú,6511,12500,12150,3308,272
1933,soja 1ra,2008,2008/09,Buenos Aires,6,Mar Chiquita,6518,3300,3150,13365,4243
1934,soja 1ra,2008,2008/09,Buenos Aires,6,Marcos Paz,6525,5468,5468,7982,1460
1935,soja 1ra,2008,2008/09,Buenos Aires,6,Mercedes,6532,14626,13045,10435,800
1936,soja 1ra,2008,2008/09,Buenos Aires,6,Monte,6547,16000,14000,19600,1400
1937,soja 1ra,2008,2008/09,Buenos Aires,6,Navarro,6574,22000,20000,32000,1600
1938,soja 1ra,2008,2008/09,Buenos Aires,6,Necochea,6581,48432,48432,62962,1300
1939,soja 1ra,2008,2008/09,Buenos Aires,6,9 de Julio,6588,111248,107426,158980,1480
1940,soja 1ra,2008,2008/09,Buenos Aires,6,Olavarría,6595,66000,66000,79200,1200
1941,soja 1ra,2008,2008/09,Buenos Aires,6,Patagones,6602,220,185,163,881
1942,soja 1ra,2008,2008/09,Buenos Aires,6,Pehuajó,6609,139370,122237,268720,2198
1943,soja 1ra,2008,2008/09,Buenos Aires,6,Pellegrini,6616,27606,24011,29728,1238
1944,soja 1ra,2008,2008/09,Buenos Aires,6,Pergamino,6623,163700,163700,360140,2200
1945,soja 1ra,2008,2008/09,Buenos Aires,6,Pilar,6638,1302,1302,1692,1300
1946,soja 1ra,2008,2008/09,Buenos Aires,6,Puán,6651,1500,500,250,500
1947,soja 1ra,2008,2008/09,Buenos Aires,6,Ramallo,6665,58150,57600,77716,1349
1948,soja 1ra,2008,2008/09,Buenos Aires,6,Rauch,6672,7000,6850,5115,747
1949,soja 1ra,2008,2008/09,Buenos Aires,6,Rivadavia,6679,145190,126800,309294,2439
1950,soja 1ra,2008,2008/09,Buenos Aires,6,Rojas,6686,106402,106402,179579,1688
1951,soja 1ra,2008,2008/09,Buenos Aires,6,Roque Pérez,6693,25000,22400,26880,1200
1952,soja 1ra,2008,2008/09,Buenos Aires,6,Saavedra,6700,24000,19000,11400,600
1953,soja 1ra,2008,2008/09,Buenos Aires,6,Saladillo,6707,29000,25700,35980,1400
1954,soja 1ra,2008,2008/09,Buenos Aires,6,Salto,6714,83500,83500,183700,2200
1955,soja 1ra,2008,2008/09,Buenos Aires,6,Salliqueló,6721,23340,19830,23003,1160
1956,soja 1ra,2008,2008/09,Buenos Aires,6,San Andrés de Giles,6728,39962,39962,43959,1100
1957,soja 1ra,2008,2008/09,Buenos Aires,6,San Antonio de Areco,6735,40500,39950,55930,1400
1958,soja 1ra,2008,2008/09,Buenos Aires,6,San Cayetano,6742,74239,74239,66815,900
1959,soja 1ra,2008,2008/09,Buenos Aires,6,San Nicolás,6763,38100,37900,49270,1300
1960,soja 1ra,2008,2008/09,Buenos Aires,6,San Pedro,6770,47800,47100,56520,1200
1961,soja 1ra,2008,2008/09,Buenos Aires,6,Suipacha,6784,14494,10146,6088,600
1962,soja 1ra,2008,2008/09,Buenos Aires,6,Tandil,6791,23017,18331,59280,3234
1963,soja 1ra,2008,2008/09,Buenos Aires,6,Tapalqué,6798,1000,1000,1200,1200
1964,soja 1ra,2008,2008/09,Buenos Aires,6,Tornquist,6819,5000,2000,1000,500
1965,soja 1ra,2008,2008/09,Buenos Aires,6,Trenque Lauquen,6826,165694,145900,158290,1085
1966,soja 1ra,2008,2008/09,Buenos Aires,6,Tres Arroyos,6833,74239,74239,66815,900
1967,soja 1ra,2008,2008/09,Buenos Aires,6,Tres Lomas,6847,26101,22201,27706,1248
1968,soja 1ra,2008,2008/09,Buenos Aires,6,25 de Mayo,6854,37000,32900,49350,1500
1969,soja 1ra,2008,2008/09,Buenos Aires,6,Villarino,6875,230,180,144,800
1970,soja 1ra,2008,2008/09,Buenos Aires,6,Zárate,6882,23950,23600,25960,1100
1971,soja 1ra,2008,2008/09,Catamarca,10,El Alto,10056,22500,22500,51750,2300
1972,soja 1ra,2008,2008/09,Catamarca,10,Santa Rosa,10098,3500,3500,8050,2300
1973,soja 1ra,2008,2008/09,Chaco,22,Almirante Brown,22007,106650,106650,127980,1200
1974,soja 1ra,2008,2008/09,Chaco,22,Bermejo,22014,2900,2320,2784,1200
1975,soja 1ra,2008,2008/09,Chaco,22,Comandante Fernández,22021,21430,17230,17330,1006
1976,soja 1ra,2008,2008/09,Chaco,22,Chacabuco,22028,99530,84601,93061,1100
1977,soja 1ra,2008,2008/09,Chaco,22,12 de Octubre,22036,106450,90060,117078,1300
1978,soja 1ra,2008,2008/09,Chaco,22,2 de Abril,22039,46930,39820,31856,800
1979,soja 1ra,2008,2008/09,Chaco,22,Fray Justo Santa María de Oro,22043,14930,12630,10104,800
1980,soja 1ra,2008,2008/09,Chaco,22,General Belgrano,22049,54030,43230,47553,1100
1981,soja 1ra,2008,2008/09,Chaco,22,General Donovan,22056,2900,2900,4060,1400
1982,soja 1ra,2008,2008/09,Chaco,22,General Güemes,22063,14220,12120,14544,1200
1983,soja 1ra,2008,2008/09,Chaco,22,Independencia,22070,39900,32400,35640,1100
1984,soja 1ra,2008,2008/09,Chaco,22,Libertad,22077,1420,1210,1452,1200
1985,soja 1ra,2008,2008/09,Chaco,22,Libertador General San Martín,22084,1336,964,1271,1318
1986,soja 1ra,2008,2008/09,Chaco,22,Maipú,22091,14220,11380,10242,900
1987,soja 1ra,2008,2008/09,Chaco,22,Mayor Luis J. Fontana,22098,11370,8530,5971,700
1988,soja 1ra,2008,2008/09,Chaco,22,9 de Julio,22105,71100,56880,51192,900
1989,soja 1ra,2008,2008/09,Chaco,22,O'Higgins,22112,42300,36600,36600,1000
1990,soja 1ra,2008,2008/09,Chaco,22,Presidencia de la Plaza,22119,4270,3420,3078,900
1991,soja 1ra,2008,2008/09,Chaco,22,Quitilipi,22133,9950,8250,8250,1000
1992,soja 1ra,2008,2008/09,Chaco,22,San Fernando,22140,4270,3630,5082,1400
1993,soja 1ra,2008,2008/09,Chaco,22,San Lorenzo,22147,11370,9670,9670,1000
1994,soja 1ra,2008,2008/09,Chaco,22,Sargento Cabral,22154,9960,8010,9612,1200
1995,soja 1ra,2008,2008/09,Chaco,22,25 de Mayo,22168,427,356,356,1000
1996,soja 1ra,2008,2008/09,Córdoba,14,Calamuchita,14007,114310,111010,249558,2248
1997,soja 1ra,2008,2008/09,Córdoba,14,Capital,14014,2700,2700,5940,2200
1998,soja 1ra,2008,2008/09,Córdoba,14,Colón,14021,95000,94700,189400,2000
1999,soja 1ra,2008,2008/09,Córdoba,14,General Roca,14035,295000,289800,478170,1650
2000,soja 1ra,2008,2008/09,Córdoba,14,General San Martín,14042,154250,154250,431900,2800
2001,soja 1ra,2008,2008/09,Córdoba,14,Ischilín,14049,25000,23500,28200,1200
2002,soja 1ra,2008,2008/09,Córdoba,14,Juárez Celman,14056,422750,407750,803472,1971
2003,soja 1ra,2008,2008/09,Córdoba,14,Marcos Juárez,14063,550808,550158,1650474,3000
2004,soja 1ra,2008,2008/09,Córdoba,14,Pocho,14077,638,638,1544,2420
2005,soja 1ra,2008,2008/09,Córdoba,14,Presidente Roque Sáenz Peña,14084,255000,253200,443100,1750
2006,soja 1ra,2008,2008/09,Córdoba,14,Río Cuarto,14098,555450,539800,1077009,1995
2007,soja 1ra,2008,2008/09,Córdoba,14,Río Primero,14105,355000,351500,667850,1900
2008,soja 1ra,2008,2008/09,Córdoba,14,Río Seco,14112,23000,21800,21800,1000
2009,soja 1ra,2008,2008/09,Córdoba,14,Río Segundo,14119,186200,185200,407440,2200
2010,soja 1ra,2008,2008/09,Córdoba,14,San Alberto,14126,820,820,1985,2421
2011,soja 1ra,2008,2008/09,Córdoba,14,San Javier,14133,4443,4443,14171,3190
2012,soja 1ra,2008,2008/09,Córdoba,14,San Justo,14140,310000,310000,620000,2000
2013,soja 1ra,2008,2008/09,Córdoba,14,Santa María,14147,103190,102990,226578,2200
2014,soja 1ra,2008,2008/09,Córdoba,14,Sobremonte,14154,14000,14000,18200,1300
2015,soja 1ra,2008,2008/09,Córdoba,14,Tercero Arriba,14161,246750,246750,789600,3200
2016,soja 1ra,2008,2008/09,Córdoba,14,Totoral,14168,132000,132000,224400,1700
2017,soja 1ra,2008,2008/09,Córdoba,14,Tulumba,14175,100000,98000,98000,1000
2018,soja 1ra,2008,2008/09,Córdoba,14,Unión,14182,462500,461820,1316187,2850
2019,soja 1ra,2008,2008/09,Corrientes,18,Bella Vista,18007,3740,2780,2500,899
2020,soja 1ra,2008,2008/09,Corrientes,18,Concepción,18028,560,400,340,850
2021,soja 1ra,2008,2008/09,Corrientes,18,Curuzu Cuatia,18035,1500,1100,1010,918
2022,soja 1ra,2008,2008/09,Corrientes,18,Empedrado,18042,250,190,190,1000
2023,soja 1ra,2008,2008/09,Corrientes,18,Esquina,18049,8850,6850,7550,1102
2024,soja 1ra,2008,2008/09,Corrientes,18,General Alvear,18056,70,45,43,956
2025,soja 1ra,2008,2008/09,Corrientes,18,Goya,18070,170,120,110,917
2026,soja 1ra,2008,2008/09,Corrientes,18,Ituzaingó,18084,1050,860,800,930
2027,soja 1ra,2008,2008/09,Corrientes,18,Mercedes,18105,2900,2500,2400,960
2028,soja 1ra,2008,2008/09,Corrientes,18,Monte Caseros,18112,1900,1400,1570,1121
2029,soja 1ra,2008,2008/09,Corrientes,18,Paso de los Libres,18119,500,420,470,1119
2030,soja 1ra,2008,2008/09,Corrientes,18,Saladas,18126,580,450,455,1011
2031,soja 1ra,2008,2008/09,Corrientes,18,San Roque,18161,620,460,462,1004
2032,soja 1ra,2008,2008/09,Corrientes,18,Santo Tomé,18168,3500,2780,3130,1126
2033,soja 1ra,2008,2008/09,Corrientes,18,Sauce,18175,3900,3100,3060,987
2034,soja 1ra,2008,2008/09,Entre Ríos,30,Colón,30008,22500,16500,59232,3590
2035,soja 1ra,2008,2008/09,Entre Ríos,30,Concordia,30015,27000,21000,21000,1000
2036,soja 1ra,2008,2008/09,Entre Ríos,30,Diamante,30021,72000,56000,71344,1274
2037,soja 1ra,2008,2008/09,Entre Ríos,30,Federación,30028,11000,4000,4400,1100
2038,soja 1ra,2008,2008/09,Entre Ríos,30,Federal,30035,28000,19600,23520,1200
2039,soja 1ra,2008,2008/09,Entre Ríos,30,Feliciano,30042,11000,7000,9100,1300
2040,soja 1ra,2008,2008/09,Entre Ríos,30,Gualeguay,30049,110000,93500,130900,1400
2041,soja 1ra,2008,2008/09,Entre Ríos,30,Gualeguaychú,30056,114300,107100,149940,1400
2042,soja 1ra,2008,2008/09,Entre Ríos,30,La Paz,30070,95000,45000,49500,1100
2043,soja 1ra,2008,2008/09,Entre Ríos,30,Nogoyá,30077,104000,86500,86500,1000
2044,soja 1ra,2008,2008/09,Entre Ríos,30,Paraná,30084,120000,80000,88000,1100
2045,soja 1ra,2008,2008/09,Entre Ríos,30,San Salvador,30088,19000,17000,13600,800
2046,soja 1ra,2008,2008/09,Entre Ríos,30,Tala,30091,50000,36000,39600,1100
2047,soja 1ra,2008,2008/09,Entre Ríos,30,Uruguay,30098,111000,101000,141400,1400
2048,soja 1ra,2008,2008/09,Entre Ríos,30,Victoria,30105,99500,85000,93500,1100
2049,soja 1ra,2008,2008/09,Entre Ríos,30,Villaguay,30113,74700,51400,41420,806
2050,soja 1ra,2008,2008/09,Formosa,34,otros departamentos,,6100,3100,4650,1500
2051,soja 1ra,2008,2008/09,Jujuy,38,Ledesma,38035,540,540,1296,2400
2052,soja 1ra,2008,2008/09,Jujuy,38,San Antonio,38056,340,340,816,2400
2053,soja 1ra,2008,2008/09,Jujuy,38,San Pedro,38063,3080,3080,7700,2500
2054,soja 1ra,2008,2008/09,Jujuy,38,Santa Bárbara,38070,3600,3600,8280,2300
2055,soja 1ra,2008,2008/09,La Pampa,42,Atreucó,42007,12000,8000,4800,600
2056,soja 1ra,2008,2008/09,La Pampa,42,Capital,42021,7000,4500,2700,600
2057,soja 1ra,2008,2008/09,La Pampa,42,Catriló,42028,14000,11500,8050,700
2058,soja 1ra,2008,2008/09,La Pampa,42,Conhelo,42035,19296,11563,9419,815
2059,soja 1ra,2008,2008/09,La Pampa,42,Chapaleufú,42056,72400,65200,91280,1400
2060,soja 1ra,2008,2008/09,La Pampa,42,Guatraché,42070,1300,1300,780,600
2061,soja 1ra,2008,2008/09,La Pampa,42,Maracó,42105,54200,48800,58560,1200
2062,soja 1ra,2008,2008/09,La Pampa,42,Quemú Quemú,42119,20600,18500,18500,1000
2063,soja 1ra,2008,2008/09,La Pampa,42,Rancul,42126,10200,6100,3660,600
2064,soja 1ra,2008,2008/09,La Pampa,42,Realicó,42133,20400,14300,17160,1200
2065,soja 1ra,2008,2008/09,La Pampa,42,Toay,42140,0,0,0,0
2066,soja 1ra,2008,2008/09,La Pampa,42,Trenel,42147,11200,6700,6030,900
2067,soja 1ra,2008,2008/09,La Pampa,42,Utracán,42154,400,400,300,750
2068,soja 1ra,2008,2008/09,Misiones,54,otros departamentos,,656,185,222,1200
2069,soja 1ra,2008,2008/09,Salta,66,Anta,66007,181000,181000,452500,2500
2070,soja 1ra,2008,2008/09,Salta,66,Capital,66028,3500,3500,8400,2400
2071,soja 1ra,2008,2008/09,Salta,66,Cerrillos,66035,120,120,300,2500
2072,soja 1ra,2008,2008/09,Salta,66,Chicoana,66042,110,110,264,2400
2073,soja 1ra,2008,2008/09,Salta,66,General Güemes,66049,2423,2423,5815,2400
2074,soja 1ra,2008,2008/09,Salta,66,General José de San Martín,66056,125990,125990,226782,1800
2075,soja 1ra,2008,2008/09,Salta,66,La Candelaria,66084,2550,2550,5610,2200
2076,soja 1ra,2008,2008/09,Salta,66,La Viña,66098,100,100,240,2400
2077,soja 1ra,2008,2008/09,Salta,66,Metán,66112,35285,35285,84684,2400
2078,soja 1ra,2008,2008/09,Salta,66,Orán,66126,19160,19160,32572,1700
2079,soja 1ra,2008,2008/09,Salta,66,Rivadavia,66133,440,440,792,1800
2080,soja 1ra,2008,2008/09,Salta,66,Rosario de la Frontera,66140,52175,52175,125220,2400
2081,soja 1ra,2008,2008/09,Salta,66,Rosario de Lerma,66147,100,100,250,2500
2082,soja 1ra,2008,2008/09,San Luis,74,Ayacucho,74007,9000,9000,31500,3500
2083,soja 1ra,2008,2008/09,San Luis,74,Coronel Pringles,74021,25000,25000,62500,2500
2084,soja 1ra,2008,2008/09,San Luis,74,Chacabuco,74028,15000,15000,36000,2400
2085,soja 1ra,2008,2008/09,San Luis,74,General Pedernera,74035,45000,45000,99000,2200
2086,soja 1ra,2008,2008/09,San Luis,74,Gobernador Dupuy,74042,9000,9000,14400,1600
2087,soja 1ra,2008,2008/09,San Luis,74,Juan Martín de Pueyrredón,74056,21500,21500,51600,2400
2088,soja 1ra,2008,2008/09,San Luis,74,Libertador General San Martín,74063,500,500,900,1800
2089,soja 1ra,2008,2008/09,Santa Fe,82,Belgrano,82007,204062,204062,571000,2798
2090,soja 1ra,2008,2008/09,Santa Fe,82,Caseros,82014,237560,235560,588899,2500
2091,soja 1ra,2008,2008/09,Santa Fe,82,Castellanos,82021,215000,215000,516000,2400
2092,soja 1ra,2008,2008/09,Santa Fe,82,Constitución,82028,214593,214593,515024,2400
2093,soja 1ra,2008,2008/09,Santa Fe,82,Garay,82035,3000,3000,4200,1400
2094,soja 1ra,2008,2008/09,Santa Fe,82,General López,82042,647559,647559,1748409,2700
2095,soja 1ra,2008,2008/09,Santa Fe,82,General Obligado,82049,35000,17000,6800,400
2096,soja 1ra,2008,2008/09,Santa Fe,82,Iriondo,82056,285682,285682,993346,3477
2097,soja 1ra,2008,2008/09,Santa Fe,82,La Capital,82063,36000,35500,53250,1500
2098,soja 1ra,2008,2008/09,Santa Fe,82,Las Colonias,82070,183000,182500,346750,1900
2099,soja 1ra,2008,2008/09,Santa Fe,82,9 de Julio,82077,72500,48900,27200,556
2100,soja 1ra,2008,2008/09,Santa Fe,82,Rosario,82084,89128,89128,178256,2000
2101,soja 1ra,2008,2008/09,Santa Fe,82,San Cristóbal,82091,53000,49500,59400,1200
2102,soja 1ra,2008,2008/09,Santa Fe,82,San Javier,82098,6600,3200,1320,413
2103,soja 1ra,2008,2008/09,Santa Fe,82,San Jerónimo,82105,302110,302110,813697,2693
2104,soja 1ra,2008,2008/09,Santa Fe,82,San Justo,82112,98000,97500,131625,1350
2105,soja 1ra,2008,2008/09,Santa Fe,82,San Lorenzo,82119,121139,121139,218050,1800
2106,soja 1ra,2008,2008/09,Santa Fe,82,San Martín,82126,265800,265800,893374,3361
2107,soja 1ra,2008,2008/09,Santa Fe,82,Vera,82133,17000,7700,2780,361
2108,soja 1ra,2008,2008/09,Santiago del Estero,86,Aguirre,86007,12715,4401,2201,500
2109,soja 1ra,2008,2008/09,Santiago del Estero,86,Alberdi,86014,45150,28863,31750,1100
2110,soja 1ra,2008,2008/09,Santiago del Estero,86,Banda,86035,400,400,840,2100
2111,soja 1ra,2008,2008/09,Santiago del Estero,86,Belgrano,86042,75400,21752,17402,800
2112,soja 1ra,2008,2008/09,Santiago del Estero,86,Capital,86049,2000,1700,3230,1900
2113,soja 1ra,2008,2008/09,Santiago del Estero,86,Copo,86056,3000,2100,1470,700
2114,soja 1ra,2008,2008/09,Santiago del Estero,86,Choya,86063,900,900,630,700
2115,soja 1ra,2008,2008/09,Santiago del Estero,86,Figueroa,86070,1300,1300,2990,2300
2116,soja 1ra,2008,2008/09,Santiago del Estero,86,General Taboada,86077,143850,50696,40556,800
2117,soja 1ra,2008,2008/09,Santiago del Estero,86,Guasayán,86084,1686,1311,1180,900
2118,soja 1ra,2008,2008/09,Santiago del Estero,86,Jiménez,86091,43750,40185,88407,2200
2119,soja 1ra,2008,2008/09,Santiago del Estero,86,Juan F. Ibarra,86098,46710,15836,11085,700
2120,soja 1ra,2008,2008/09,Santiago del Estero,86,Mitre,86112,1100,400,200,500
2121,soja 1ra,2008,2008/09,Santiago del Estero,86,Moreno,86119,128300,53300,31980,600
2122,soja 1ra,2008,2008/09,Santiago del Estero,86,Pellegrini,86133,21550,18819,37638,2000
2123,soja 1ra,2008,2008/09,Santiago del Estero,86,Río Hondo,86147,3925,3531,7768,2200
2124,soja 1ra,2008,2008/09,Santiago del Estero,86,Rivadavia,86154,31715,5947,3568,600
2125,soja 1ra,2008,2008/09,Santiago del Estero,86,Robles,86161,825,825,2063,2501
2126,soja 1ra,2008,2008/09,Santiago del Estero,86,San Martín,86175,705,705,1692,2400
2127,soja 1ra,2008,2008/09,Santiago del Estero,86,Silípica,86189,200,200,360,1800
2128,soja 1ra,2008,2008/09,Tucumán,90,Burruyacú,90007,37840,37800,102059,2700
2129,soja 1ra,2008,2008/09,Tucumán,90,Cruz Alta,90014,22645,22612,58792,2600
2130,soja 1ra,2008,2008/09,Tucumán,90,Chicligasta,90021,1390,1390,3892,2800
2131,soja 1ra,2008,2008/09,Tucumán,90,Famaillá,90028,420,420,1092,2600
2132,soja 1ra,2008,2008/09,Tucumán,90,Graneros,90035,12223,12223,30556,2500
2133,soja 1ra,2008,2008/09,Tucumán,90,Juan Bautista Alberdi,90042,2603,2603,6246,2400
2134,soja 1ra,2008,2008/09,Tucumán,90,La Cocha,90049,10585,10585,25404,2400
2135,soja 1ra,2008,2008/09,Tucumán,90,Leales,90056,20475,20475,53235,2600
2136,soja 1ra,2008,2008/09,Tucumán,90,Lules,90063,1320,1320,3564,2700
2137,soja 1ra,2008,2008/09,Tucumán,90,Monteros,90070,160,160,416,2600
2138,soja 1ra,2008,2008/09,Tucumán,90,Río Chico,90077,1360,1360,3536,2600
2139,soja 1ra,2008,2008/09,Tucumán,90,Capital,90084,36,36,99,2750
2140,soja 1ra,2008,2008/09,Tucumán,90,Simoca,90091,928,928,2319,2499
2141,soja 1ra,2008,2008/09,Tucumán,90,Tafí Viejo,90105,663,663,1855,2798
2142,soja 1ra,2008,2008/09,Tucumán,90,Yerba Buena,90119,160,160,416,2600
2143,soja 1ra,2009,2009/10,Buenos Aires,6,Adolfo Alsina,6007,60000,60000,84000,1400
2144,soja 1ra,2009,2009/10,Buenos Aires,6,Adolfo Gonzales Chaves,6014,61300,61300,153250,2500
2145,soja 1ra,2009,2009/10,Buenos Aires,6,Alberti,6021,20000,18600,65000,3495
2146,soja 1ra,2009,2009/10,Buenos Aires,6,Ayacucho,6042,3000,2950,8555,2900
2147,soja 1ra,2009,2009/10,Buenos Aires,6,Azul,6049,46000,45500,141045,3100
2148,soja 1ra,2009,2009/10,Buenos Aires,6,Bahía Blanca,6056,300,300,285,950
2149,soja 1ra,2009,2009/10,Buenos Aires,6,Balcarce,6063,24000,23750,76000,3200
2150,soja 1ra,2009,2009/10,Buenos Aires,6,Baradero,6070,51400,51400,185040,3600
2151,soja 1ra,2009,2009/10,Buenos Aires,6,Arrecifes,6077,65200,65200,247760,3800
2152,soja 1ra,2009,2009/10,Buenos Aires,6,Benito Juárez,6084,43000,42550,131905,3100
2153,soja 1ra,2009,2009/10,Buenos Aires,6,Bolívar,6105,118040,118040,375091,3178
2154,soja 1ra,2009,2009/10,Buenos Aires,6,Bragado,6112,89907,85907,298147,3471
2155,soja 1ra,2009,2009/10,Buenos Aires,6,Campana,6126,5300,5300,19080,3600
2156,soja 1ra,2009,2009/10,Buenos Aires,6,Cañuelas,6134,10000,10000,35000,3500
2157,soja 1ra,2009,2009/10,Buenos Aires,6,Capitán Sarmiento,6140,33450,33450,133800,4000
2158,soja 1ra,2009,2009/10,Buenos Aires,6,Carlos Casares,6147,88500,88500,283200,3200
2159,soja 1ra,2009,2009/10,Buenos Aires,6,Carlos Tejedor,6154,122300,122300,379130,3100
2160,soja 1ra,2009,2009/10,Buenos Aires,6,Carmen de Areco,6161,24800,24800,97760,3942
2161,soja 1ra,2009,2009/10,Buenos Aires,6,Castelli,6168,4000,3950,11455,2900
2162,soja 1ra,2009,2009/10,Buenos Aires,6,Colón,6175,56900,56900,244670,4300
2163,soja 1ra,2009,2009/10,Buenos Aires,6,Coronel de Marina Leonardo Rosales,6182,150,150,240,1600
2164,soja 1ra,2009,2009/10,Buenos Aires,6,Coronel Dorrego,6189,40000,40000,94000,2350
2165,soja 1ra,2009,2009/10,Buenos Aires,6,Coronel Pringles,6196,17700,17700,15930,900
2166,soja 1ra,2009,2009/10,Buenos Aires,6,Coronel Suárez,6203,95000,95000,133000,1400
2167,soja 1ra,2009,2009/10,Buenos Aires,6,Chacabuco,6210,108000,108000,421200,3900
2168,soja 1ra,2009,2009/10,Buenos Aires,6,Chascomús,6218,11000,11000,37400,3400
2169,soja 1ra,2009,2009/10,Buenos Aires,6,Chivilcoy,6224,80000,76000,288800,3800
2170,soja 1ra,2009,2009/10,Buenos Aires,6,Daireaux,6231,80000,80000,240000,3000
2171,soja 1ra,2009,2009/10,Buenos Aires,6,Dolores,6238,4000,3940,10638,2700
2172,soja 1ra,2009,2009/10,Buenos Aires,6,Exaltación de la Cruz,6266,11200,11200,41440,3700
2173,soja 1ra,2009,2009/10,Buenos Aires,6,Florentino Ameghino,6277,70000,67800,216960,3200
2174,soja 1ra,2009,2009/10,Buenos Aires,6,General Alvarado,6280,17000,16800,53760,3200
2175,soja 1ra,2009,2009/10,Buenos Aires,6,General Alvear,6287,50000,50000,129105,2582
2176,soja 1ra,2009,2009/10,Buenos Aires,6,General Arenales,6294,80200,80200,288720,3600
2177,soja 1ra,2009,2009/10,Buenos Aires,6,General Belgrano,6301,14000,14000,43600,3114
2178,soja 1ra,2009,2009/10,Buenos Aires,6,General Juan Madariaga,6315,8500,8400,27720,3300
2179,soja 1ra,2009,2009/10,Buenos Aires,6,General La Madrid,6322,25000,25000,37500,1500
2180,soja 1ra,2009,2009/10,Buenos Aires,6,General Las Heras,6329,3300,3300,11550,3500
2181,soja 1ra,2009,2009/10,Buenos Aires,6,General Pinto,6351,63700,61700,210900,3418
2182,soja 1ra,2009,2009/10,Buenos Aires,6,General Pueyrredón,6357,16500,16330,52256,3200
2183,soja 1ra,2009,2009/10,Buenos Aires,6,General Rodríguez,6364,1700,1700,5950,3500
2184,soja 1ra,2009,2009/10,Buenos Aires,6,General Viamonte,6385,71000,69200,235280,3400
2185,soja 1ra,2009,2009/10,Buenos Aires,6,General Villegas,6392,250000,247300,766630,3100
2186,soja 1ra,2009,2009/10,Buenos Aires,6,Guaminí,6399,65000,65000,162500,2500
2187,soja 1ra,2009,2009/10,Buenos Aires,6,Hipólito Yrigoyen,6406,50000,50000,165000,3300
2188,soja 1ra,2009,2009/10,Buenos Aires,6,Junín,6413,107000,107000,374500,3500
2189,soja 1ra,2009,2009/10,Buenos Aires,6,Laprida,6448,10600,10600,15900,1500
2190,soja 1ra,2009,2009/10,Buenos Aires,6,Las Flores,6455,18000,18000,59400,3300
2191,soja 1ra,2009,2009/10,Buenos Aires,6,Leandro N. Alem,6462,104000,102200,367920,3600
2192,soja 1ra,2009,2009/10,Buenos Aires,6,Lincoln,6469,120000,116500,396100,3400
2193,soja 1ra,2009,2009/10,Buenos Aires,6,Lobería,6476,35000,34650,110875,3200
2194,soja 1ra,2009,2009/10,Buenos Aires,6,Lobos,6483,24000,24000,84000,3500
2195,soja 1ra,2009,2009/10,Buenos Aires,6,Luján,6497,10500,10500,36750,3500
2196,soja 1ra,2009,2009/10,Buenos Aires,6,Maipú,6511,16000,15850,45965,2900
2197,soja 1ra,2009,2009/10,Buenos Aires,6,Mar Chiquita,6518,4200,4150,12035,2900
2198,soja 1ra,2009,2009/10,Buenos Aires,6,Marcos Paz,6525,5300,5300,18550,3500
2199,soja 1ra,2009,2009/10,Buenos Aires,6,Mercedes,6532,13500,13500,48600,3600
2200,soja 1ra,2009,2009/10,Buenos Aires,6,Monte,6547,18500,18500,66600,3600
2201,soja 1ra,2009,2009/10,Buenos Aires,6,Navarro,6574,24000,24000,91200,3800
2202,soja 1ra,2009,2009/10,Buenos Aires,6,Necochea,6581,42800,42800,149800,3500
2203,soja 1ra,2009,2009/10,Buenos Aires,6,9 de Julio,6588,186554,184894,628020,3397
2204,soja 1ra,2009,2009/10,Buenos Aires,6,Olavarría,6595,68000,68000,156400,2300
2205,soja 1ra,2009,2009/10,Buenos Aires,6,Patagones,6602,200,200,420,2100
2206,soja 1ra,2009,2009/10,Buenos Aires,6,Pehuajó,6609,120000,120000,372000,3100
2207,soja 1ra,2009,2009/10,Buenos Aires,6,Pellegrini,6616,24000,24000,60000,2500
2208,soja 1ra,2009,2009/10,Buenos Aires,6,Pergamino,6623,178500,178500,713658,3998
2209,soja 1ra,2009,2009/10,Buenos Aires,6,Pilar,6638,1300,1300,4550,3500
2210,soja 1ra,2009,2009/10,Buenos Aires,6,Puán,6651,1500,1500,1500,1000
2211,soja 1ra,2009,2009/10,Buenos Aires,6,Ramallo,6665,61380,61380,229963,3747
2212,soja 1ra,2009,2009/10,Buenos Aires,6,Rauch,6672,7000,6930,20790,3000
2213,soja 1ra,2009,2009/10,Buenos Aires,6,Rivadavia,6679,130000,130000,390000,3000
2214,soja 1ra,2009,2009/10,Buenos Aires,6,Rojas,6686,88000,88000,343200,3900
2215,soja 1ra,2009,2009/10,Buenos Aires,6,Roque Pérez,6693,27000,27000,99900,3700
2216,soja 1ra,2009,2009/10,Buenos Aires,6,Saavedra,6700,28000,28000,33600,1200
2217,soja 1ra,2009,2009/10,Buenos Aires,6,Saladillo,6707,33000,33000,123980,3757
2218,soja 1ra,2009,2009/10,Buenos Aires,6,Salto,6714,93850,93850,384785,4100
2219,soja 1ra,2009,2009/10,Buenos Aires,6,Salliqueló,6721,20000,20000,36000,1800
2220,soja 1ra,2009,2009/10,Buenos Aires,6,San Andrés de Giles,6728,34200,34200,123120,3600
2221,soja 1ra,2009,2009/10,Buenos Aires,6,San Antonio de Areco,6735,44700,44700,165385,3700
2222,soja 1ra,2009,2009/10,Buenos Aires,6,San Cayetano,6742,64900,64900,181720,2800
2223,soja 1ra,2009,2009/10,Buenos Aires,6,San Nicolás,6763,40200,40200,152699,3798
2224,soja 1ra,2009,2009/10,Buenos Aires,6,San Pedro,6770,52550,52550,199690,3800
2225,soja 1ra,2009,2009/10,Buenos Aires,6,Suipacha,6784,18000,16740,53574,3200
2226,soja 1ra,2009,2009/10,Buenos Aires,6,Tandil,6791,60000,59500,190400,3200
2227,soja 1ra,2009,2009/10,Buenos Aires,6,Tapalqué,6798,1000,1000,2300,2300
2228,soja 1ra,2009,2009/10,Buenos Aires,6,Tornquist,6819,6000,6000,6000,1000
2229,soja 1ra,2009,2009/10,Buenos Aires,6,Trenque Lauquen,6826,130000,130000,377000,2900
2230,soja 1ra,2009,2009/10,Buenos Aires,6,Tres Arroyos,6833,64900,64900,168740,2600
2231,soja 1ra,2009,2009/10,Buenos Aires,6,Tres Lomas,6847,22000,22000,57200,2600
2232,soja 1ra,2009,2009/10,Buenos Aires,6,25 de Mayo,6854,46680,46680,170729,3657
2233,soja 1ra,2009,2009/10,Buenos Aires,6,Villarino,6875,190,190,418,2200
2234,soja 1ra,2009,2009/10,Buenos Aires,6,Zárate,6882,25000,25000,92500,3700
2235,soja 1ra,2009,2009/10,Catamarca,10,El Alto,10056,25000,25000,62500,2500
2236,soja 1ra,2009,2009/10,Catamarca,10,Santa Rosa,10098,16500,16500,41250,2500
2237,soja 1ra,2009,2009/10,Chaco,22,Almirante Brown,22007,131500,128200,357400,2788
2238,soja 1ra,2009,2009/10,Chaco,22,Bermejo,22014,2800,2650,4505,1700
2239,soja 1ra,2009,2009/10,Chaco,22,Comandante Fernández,22021,30300,28800,50650,1759
2240,soja 1ra,2009,2009/10,Chaco,22,Chacabuco,22028,73500,71500,183700,2569
2241,soja 1ra,2009,2009/10,Chaco,22,12 de Octubre,22036,85000,82300,194760,2366
2242,soja 1ra,2009,2009/10,Chaco,22,2 de Abril,22039,47200,44200,100860,2282
2243,soja 1ra,2009,2009/10,Chaco,22,Fray Justo Santa María de Oro,22043,15000,14700,30470,2073
2244,soja 1ra,2009,2009/10,Chaco,22,General Belgrano,22049,51800,50300,143170,2846
2245,soja 1ra,2009,2009/10,Chaco,22,General Donovan,22056,2700,2700,4450,1648
2246,soja 1ra,2009,2009/10,Chaco,22,General Güemes,22063,21000,19800,35190,1777
2247,soja 1ra,2009,2009/10,Chaco,22,Independencia,22070,35000,33700,73140,2170
2248,soja 1ra,2009,2009/10,Chaco,22,Libertad,22077,2000,1700,2450,1441
2249,soja 1ra,2009,2009/10,Chaco,22,Libertador General San Martín,22084,3835,3409,5284,1550
2250,soja 1ra,2009,2009/10,Chaco,22,Maipú,22091,17500,16350,29185,1785
2251,soja 1ra,2009,2009/10,Chaco,22,Mayor Luis J. Fontana,22098,10500,10000,18800,1880
2252,soja 1ra,2009,2009/10,Chaco,22,9 de Julio,22105,67500,65000,185250,2850
2253,soja 1ra,2009,2009/10,Chaco,22,O'Higgins,22112,42500,40750,87300,2142
2254,soja 1ra,2009,2009/10,Chaco,22,Presidencia de la Plaza,22119,3500,3500,6300,1800
2255,soja 1ra,2009,2009/10,Chaco,22,Quitilipi,22133,8200,7400,13020,1759
2256,soja 1ra,2009,2009/10,Chaco,22,San Fernando,22140,3200,3100,4880,1574
2257,soja 1ra,2009,2009/10,Chaco,22,San Lorenzo,22147,4800,4000,6710,1678
2258,soja 1ra,2009,2009/10,Chaco,22,Sargento Cabral,22154,5400,4900,7640,1559
2259,soja 1ra,2009,2009/10,Chaco,22,25 de Mayo,22168,320,290,483,1666
2260,soja 1ra,2009,2009/10,Córdoba,14,Calamuchita,14007,94000,94000,244800,2604
2261,soja 1ra,2009,2009/10,Córdoba,14,Capital,14014,4000,4000,8400,2100
2262,soja 1ra,2009,2009/10,Córdoba,14,Colón,14021,110000,110000,319000,2900
2263,soja 1ra,2009,2009/10,Córdoba,14,General Roca,14035,360000,353500,1025150,2900
2264,soja 1ra,2009,2009/10,Córdoba,14,General San Martín,14042,201350,200850,542295,2700
2265,soja 1ra,2009,2009/10,Córdoba,14,Ischilín,14049,30000,30000,45000,1500
2266,soja 1ra,2009,2009/10,Córdoba,14,Juárez Celman,14056,350000,340000,714000,2100
2267,soja 1ra,2009,2009/10,Córdoba,14,Marcos Juárez,14063,615800,609800,2122100,3480
2268,soja 1ra,2009,2009/10,Córdoba,14,Pocho,14077,500,500,1250,2500
2269,soja 1ra,2009,2009/10,Córdoba,14,Presidente Roque Sáenz Peña,14084,300000,265000,821500,3100
2270,soja 1ra,2009,2009/10,Córdoba,14,Río Cuarto,14098,600000,580000,899000,1550
2271,soja 1ra,2009,2009/10,Córdoba,14,Río Primero,14105,387000,387000,1044900,2700
2272,soja 1ra,2009,2009/10,Córdoba,14,Río Seco,14112,45000,45000,81000,1800
2273,soja 1ra,2009,2009/10,Córdoba,14,Río Segundo,14119,279700,279700,615340,2200
2274,soja 1ra,2009,2009/10,Córdoba,14,San Alberto,14126,600,600,780,1300
2275,soja 1ra,2009,2009/10,Córdoba,14,San Javier,14133,5000,5000,18000,3600
2276,soja 1ra,2009,2009/10,Córdoba,14,San Justo,14140,350000,350000,980000,2800
2277,soja 1ra,2009,2009/10,Córdoba,14,Santa María,14147,118290,118290,236580,2000
2278,soja 1ra,2009,2009/10,Córdoba,14,Sobremonte,14154,15000,15000,19500,1300
2279,soja 1ra,2009,2009/10,Córdoba,14,Tercero Arriba,14161,294550,294550,677465,2300
2280,soja 1ra,2009,2009/10,Córdoba,14,Totoral,14168,138000,138000,358800,2600
2281,soja 1ra,2009,2009/10,Córdoba,14,Tulumba,14175,106500,106500,138975,1305
2282,soja 1ra,2009,2009/10,Córdoba,14,Unión,14182,541400,533100,1732575,3250
2283,soja 1ra,2009,2009/10,Corrientes,18,Bella Vista,18007,500,500,400,800
2284,soja 1ra,2009,2009/10,Corrientes,18,Curuzu Cuatia,18035,1478,1400,1960,1400
2285,soja 1ra,2009,2009/10,Corrientes,18,Empedrado,18042,180,150,235,1567
2286,soja 1ra,2009,2009/10,Corrientes,18,Esquina,18049,2000,2000,3200,1600
2287,soja 1ra,2009,2009/10,Corrientes,18,General Alvear,18056,40,40,50,1250
2288,soja 1ra,2009,2009/10,Corrientes,18,Ituzaingó,18084,970,930,1112,1196
2289,soja 1ra,2009,2009/10,Corrientes,18,Mercedes,18105,2600,2460,3250,1321
2290,soja 1ra,2009,2009/10,Corrientes,18,Monte Caseros,18112,3200,2840,2698,950
2291,soja 1ra,2009,2009/10,Corrientes,18,Paso de los Libres,18119,340,325,480,1477
2292,soja 1ra,2009,2009/10,Corrientes,18,Saladas,18126,310,290,400,1379
2293,soja 1ra,2009,2009/10,Corrientes,18,San Roque,18161,550,520,760,1462
2294,soja 1ra,2009,2009/10,Corrientes,18,Santo Tomé,18168,2800,2740,4910,1792
2295,soja 1ra,2009,2009/10,Corrientes,18,Sauce,18175,5700,5700,15390,2700
2296,soja 1ra,2009,2009/10,Entre Ríos,30,Colón,30008,28000,28000,78400,2800
2297,soja 1ra,2009,2009/10,Entre Ríos,30,Concordia,30015,31000,31000,86800,2800
2298,soja 1ra,2009,2009/10,Entre Ríos,30,Diamante,30021,60000,60000,198000,3300
2299,soja 1ra,2009,2009/10,Entre Ríos,30,Federación,30028,14000,14000,39200,2800
2300,soja 1ra,2009,2009/10,Entre Ríos,30,Federal,30035,35000,35000,105000,3000
2301,soja 1ra,2009,2009/10,Entre Ríos,30,Feliciano,30042,14500,14500,43500,3000
2302,soja 1ra,2009,2009/10,Entre Ríos,30,Gualeguay,30049,113000,112600,360320,3200
2303,soja 1ra,2009,2009/10,Entre Ríos,30,Gualeguaychú,30056,130000,129650,388950,3000
2304,soja 1ra,2009,2009/10,Entre Ríos,30,La Paz,30070,118000,118000,354000,3000
2305,soja 1ra,2009,2009/10,Entre Ríos,30,Nogoyá,30077,107000,106850,299180,2800
2306,soja 1ra,2009,2009/10,Entre Ríos,30,Paraná,30084,152000,152000,486400,3200
2307,soja 1ra,2009,2009/10,Entre Ríos,30,San Salvador,30088,23000,23000,62100,2700
2308,soja 1ra,2009,2009/10,Entre Ríos,30,Tala,30091,62000,61900,173320,2800
2309,soja 1ra,2009,2009/10,Entre Ríos,30,Uruguay,30098,115000,115000,310500,2700
2310,soja 1ra,2009,2009/10,Entre Ríos,30,Victoria,30105,100000,100000,320000,3200
2311,soja 1ra,2009,2009/10,Entre Ríos,30,Villaguay,30113,87000,87000,226200,2600
2312,soja 1ra,2009,2009/10,Formosa,34,otros departamentos,,6100,3100,4650,1500
2313,soja 1ra,2009,2009/10,Jujuy,38,Ledesma,38035,1230,1230,3321,2700
2314,soja 1ra,2009,2009/10,Jujuy,38,San Antonio,38056,340,340,952,2800
2315,soja 1ra,2009,2009/10,Jujuy,38,San Pedro,38063,2750,2750,7425,2700
2316,soja 1ra,2009,2009/10,Jujuy,38,Santa Bárbara,38070,4410,4410,11907,2700
2317,soja 1ra,2009,2009/10,La Pampa,42,Atreucó,42007,10500,10500,18900,1800
2318,soja 1ra,2009,2009/10,La Pampa,42,Capital,42021,5040,5040,8566,1700
2319,soja 1ra,2009,2009/10,La Pampa,42,Catriló,42028,12640,12640,31600,2500
2320,soja 1ra,2009,2009/10,La Pampa,42,Conhelo,42035,25121,24401,29815,1222
2321,soja 1ra,2009,2009/10,La Pampa,42,Chapaleufú,42056,101400,99400,276640,2783
2322,soja 1ra,2009,2009/10,La Pampa,42,Guatraché,42070,1400,1400,980,700
2323,soja 1ra,2009,2009/10,La Pampa,42,Maracó,42105,78600,77000,184800,2400
2324,soja 1ra,2009,2009/10,La Pampa,42,Quemú Quemú,42119,30900,30300,68600,2264
2325,soja 1ra,2009,2009/10,La Pampa,42,Rancul,42126,13300,12900,18960,1470
2326,soja 1ra,2009,2009/10,La Pampa,42,Realicó,42133,28600,28000,47600,1700
2327,soja 1ra,2009,2009/10,La Pampa,42,Toay,42140,100,100,80,800
2328,soja 1ra,2009,2009/10,La Pampa,42,Trenel,42147,14600,14200,23920,1685
2329,soja 1ra,2009,2009/10,La Pampa,42,Utracán,42154,500,500,350,700
2330,soja 1ra,2009,2009/10,Misiones,54,Cainguás,54014,40,38,95,2500
2331,soja 1ra,2009,2009/10,Misiones,54,General Manuel Belgrano,54049,200,198,566,2859
2332,soja 1ra,2009,2009/10,Misiones,54,Guaraní,54056,220,210,551,2624
2333,soja 1ra,2009,2009/10,Misiones,54,Leandro N. Alem,54070,20,19,46,2421
2334,soja 1ra,2009,2009/10,Misiones,54,Oberá,54091,10,9,23,2556
2335,soja 1ra,2009,2009/10,Misiones,54,San Javier,54105,10,9,20,2222
2336,soja 1ra,2009,2009/10,Misiones,54,San Pedro,54112,80,77,200,2597
2337,soja 1ra,2009,2009/10,Misiones,54,25 de Mayo,54119,300,290,711,2452
2338,soja 1ra,2009,2009/10,Salta,66,Anta,66007,202625,202625,607875,3000
2339,soja 1ra,2009,2009/10,Salta,66,Capital,66028,3500,3500,9450,2700
2340,soja 1ra,2009,2009/10,Salta,66,Cerrillos,66035,120,120,324,2700
2341,soja 1ra,2009,2009/10,Salta,66,Chicoana,66042,105,105,273,2600
2342,soja 1ra,2009,2009/10,Salta,66,General Güemes,66049,3298,3298,8905,2700
2343,soja 1ra,2009,2009/10,Salta,66,General José de San Martín,66056,119775,119775,311415,2600
2344,soja 1ra,2009,2009/10,Salta,66,Guachipas,66063,25,25,67,2680
2345,soja 1ra,2009,2009/10,Salta,66,La Candelaria,66084,1940,1940,5238,2700
2346,soja 1ra,2009,2009/10,Salta,66,La Viña,66098,120,120,312,2600
2347,soja 1ra,2009,2009/10,Salta,66,Metán,66112,32435,32435,90818,2800
2348,soja 1ra,2009,2009/10,Salta,66,Orán,66126,17525,17525,47318,2700
2349,soja 1ra,2009,2009/10,Salta,66,Rivadavia,66133,440,440,1144,2600
2350,soja 1ra,2009,2009/10,Salta,66,Rosario de la Frontera,66140,50940,50940,137538,2700
2351,soja 1ra,2009,2009/10,Salta,66,Rosario de Lerma,66147,140,140,392,2800
2352,soja 1ra,2009,2009/10,San Luis,74,Ayacucho,74007,5000,5000,13500,2700
2353,soja 1ra,2009,2009/10,San Luis,74,Coronel Pringles,74021,30000,30000,48000,1600
2354,soja 1ra,2009,2009/10,San Luis,74,Chacabuco,74028,18000,18000,28800,1600
2355,soja 1ra,2009,2009/10,San Luis,74,General Pedernera,74035,68000,68000,122400,1800
2356,soja 1ra,2009,2009/10,San Luis,74,Gobernador Dupuy,74042,6000,6000,7800,1300
2357,soja 1ra,2009,2009/10,San Luis,74,Junín,74049,1000,1000,1900,1900
2358,soja 1ra,2009,2009/10,San Luis,74,Juan Martín de Pueyrredón,74056,25000,25000,42500,1700
2359,soja 1ra,2009,2009/10,San Luis,74,Libertador General San Martín,74063,2000,2000,3400,1700
2360,soja 1ra,2009,2009/10,Santa Fe,82,Belgrano,82007,214067,214067,792050,3700
2361,soja 1ra,2009,2009/10,Santa Fe,82,Caseros,82014,229000,228200,844340,3700
2362,soja 1ra,2009,2009/10,Santa Fe,82,Castellanos,82021,254000,254000,889000,3500
2363,soja 1ra,2009,2009/10,Santa Fe,82,Constitución,82028,218800,218200,829160,3800
2364,soja 1ra,2009,2009/10,Santa Fe,82,Garay,82035,3000,3000,9600,3200
2365,soja 1ra,2009,2009/10,Santa Fe,82,General López,82042,581500,581500,2151550,3700
2366,soja 1ra,2009,2009/10,Santa Fe,82,General Obligado,82049,40000,40000,92000,2300
2367,soja 1ra,2009,2009/10,Santa Fe,82,Iriondo,82056,289532,289532,1013360,3500
2368,soja 1ra,2009,2009/10,Santa Fe,82,La Capital,82063,40000,40000,128000,3200
2369,soja 1ra,2009,2009/10,Santa Fe,82,Las Colonias,82070,207000,207000,703800,3400
2370,soja 1ra,2009,2009/10,Santa Fe,82,9 de Julio,82077,82400,82400,179260,2175
2371,soja 1ra,2009,2009/10,Santa Fe,82,Rosario,82084,115000,114600,389640,3400
2372,soja 1ra,2009,2009/10,Santa Fe,82,San Cristóbal,82091,67000,67000,201000,3000
2373,soja 1ra,2009,2009/10,Santa Fe,82,San Javier,82098,6800,6800,16320,2400
2374,soja 1ra,2009,2009/10,Santa Fe,82,San Jerónimo,82105,299630,299630,1108630,3700
2375,soja 1ra,2009,2009/10,Santa Fe,82,San Justo,82112,141000,141000,408900,2900
2376,soja 1ra,2009,2009/10,Santa Fe,82,San Lorenzo,82119,121000,120500,445850,3700
2377,soja 1ra,2009,2009/10,Santa Fe,82,San Martín,82126,262950,262950,946620,3600
2378,soja 1ra,2009,2009/10,Santa Fe,82,Vera,82133,27680,27680,66000,2384
2379,soja 1ra,2009,2009/10,Santiago del Estero,86,Aguirre,86007,15000,14700,57330,3900
2380,soja 1ra,2009,2009/10,Santiago del Estero,86,Alberdi,86014,63145,63145,255737,4050
2381,soja 1ra,2009,2009/10,Santiago del Estero,86,Banda,86035,400,400,1400,3500
2382,soja 1ra,2009,2009/10,Santiago del Estero,86,Belgrano,86042,104810,104511,404456,3870
2383,soja 1ra,2009,2009/10,Santiago del Estero,86,Capital,86049,2000,2000,7000,3500
2384,soja 1ra,2009,2009/10,Santiago del Estero,86,Copo,86056,3500,3500,10500,3000
2385,soja 1ra,2009,2009/10,Santiago del Estero,86,Choya,86063,2000,2000,6000,3000
2386,soja 1ra,2009,2009/10,Santiago del Estero,86,Figueroa,86070,1300,1300,3900,3000
2387,soja 1ra,2009,2009/10,Santiago del Estero,86,General Taboada,86077,169715,169316,604457,3570
2388,soja 1ra,2009,2009/10,Santiago del Estero,86,Guasayán,86084,2100,2100,7350,3500
2389,soja 1ra,2009,2009/10,Santiago del Estero,86,Jiménez,86091,47337,47337,177999,3760
2390,soja 1ra,2009,2009/10,Santiago del Estero,86,Juan F. Ibarra,86098,61410,60513,222082,3670
2391,soja 1ra,2009,2009/10,Santiago del Estero,86,Mitre,86112,1100,900,2790,3100
2392,soja 1ra,2009,2009/10,Santiago del Estero,86,Moreno,86119,190000,189300,700410,3700
2393,soja 1ra,2009,2009/10,Santiago del Estero,86,Pellegrini,86133,49241,49241,172344,3500
2394,soja 1ra,2009,2009/10,Santiago del Estero,86,Río Hondo,86147,4719,4719,13998,2966
2395,soja 1ra,2009,2009/10,Santiago del Estero,86,Rivadavia,86154,38000,37700,101036,2680
2396,soja 1ra,2009,2009/10,Santiago del Estero,86,Robles,86161,640,640,2112,3300
2397,soja 1ra,2009,2009/10,Santiago del Estero,86,San Martín,86175,705,705,2115,3000
2398,soja 1ra,2009,2009/10,Santiago del Estero,86,Silípica,86189,105,105,336,3200
2399,soja 1ra,2009,2009/10,Tucumán,90,Burruyacú,90007,33065,32903,85548,2600
2400,soja 1ra,2009,2009/10,Tucumán,90,Cruz Alta,90014,22429,22266,60118,2700
2401,soja 1ra,2009,2009/10,Tucumán,90,Chicligasta,90021,514,514,1335,2597
2402,soja 1ra,2009,2009/10,Tucumán,90,Famaillá,90028,1115,1115,3009,2699
2403,soja 1ra,2009,2009/10,Tucumán,90,Graneros,90035,10764,10764,31214,2900
2404,soja 1ra,2009,2009/10,Tucumán,90,Juan Bautista Alberdi,90042,3136,3136,9093,2900
2405,soja 1ra,2009,2009/10,Tucumán,90,La Cocha,90049,8538,8538,24759,2900
2406,soja 1ra,2009,2009/10,Tucumán,90,Leales,90056,21837,21837,61142,2800
2407,soja 1ra,2009,2009/10,Tucumán,90,Lules,90063,1320,1320,3695,2799
2408,soja 1ra,2009,2009/10,Tucumán,90,Monteros,90070,300,300,870,2900
2409,soja 1ra,2009,2009/10,Tucumán,90,Río Chico,90077,700,700,2030,2900
2410,soja 1ra,2009,2009/10,Tucumán,90,Capital,90084,16,16,39,2438
2411,soja 1ra,2009,2009/10,Tucumán,90,Simoca,90091,1799,1799,5216,2899
2412,soja 1ra,2009,2009/10,Tucumán,90,Tafí Viejo,90105,606,606,1697,2800
2413,soja 1ra,2009,2009/10,Tucumán,90,Yerba Buena,90119,100,100,290,2900
2414,soja 1ra,2010,2010/11,Buenos Aires,6,Adolfo Alsina,6007,67500,65000,91000,1400
2415,soja 1ra,2010,2010/11,Buenos Aires,6,Adolfo Gonzales Chaves,6014,60300,60300,90450,1500
2416,soja 1ra,2010,2010/11,Buenos Aires,6,Alberti,6021,31000,30628,82696,2700
2417,soja 1ra,2010,2010/11,Buenos Aires,6,Ayacucho,6042,3300,3260,6846,2100
2418,soja 1ra,2010,2010/11,Buenos Aires,6,Azul,6049,48000,47600,119000,2500
2419,soja 1ra,2010,2010/11,Buenos Aires,6,Bahía Blanca,6056,2750,2750,4345,1580
2420,soja 1ra,2010,2010/11,Buenos Aires,6,Balcarce,6063,26000,25800,64500,2500
2421,soja 1ra,2010,2010/11,Buenos Aires,6,Baradero,6070,51800,51800,170940,3300
2422,soja 1ra,2010,2010/11,Buenos Aires,6,Arrecifes,6077,65500,65500,233835,3570
2423,soja 1ra,2010,2010/11,Buenos Aires,6,Benito Juárez,6084,66000,65500,150650,2300
2424,soja 1ra,2010,2010/11,Buenos Aires,6,Bolívar,6105,112000,112000,302400,2700
2425,soja 1ra,2010,2010/11,Buenos Aires,6,Bragado,6112,81350,79723,263086,3300
2426,soja 1ra,2010,2010/11,Buenos Aires,6,Campana,6126,5300,5300,18550,3500
2427,soja 1ra,2010,2010/11,Buenos Aires,6,Cañuelas,6134,14000,14000,47600,3400
2428,soja 1ra,2010,2010/11,Buenos Aires,6,Capitán Sarmiento,6140,33600,33600,131040,3900
2429,soja 1ra,2010,2010/11,Buenos Aires,6,Carlos Casares,6147,96500,90500,190050,2100
2430,soja 1ra,2010,2010/11,Buenos Aires,6,Carlos Tejedor,6154,114500,109500,240900,2200
2431,soja 1ra,2010,2010/11,Buenos Aires,6,Carmen de Areco,6161,31000,31000,114700,3700
2432,soja 1ra,2010,2010/11,Buenos Aires,6,Castelli,6168,11000,10900,23980,2200
2433,soja 1ra,2010,2010/11,Buenos Aires,6,Colón,6175,57300,57300,246390,4300
2434,soja 1ra,2010,2010/11,Buenos Aires,6,Coronel de Marina Leonardo Rosales,6182,800,800,1312,1640
2435,soja 1ra,2010,2010/11,Buenos Aires,6,Coronel Dorrego,6189,63000,63000,94500,1500
2436,soja 1ra,2010,2010/11,Buenos Aires,6,Coronel Pringles,6196,26000,26000,41600,1600
2437,soja 1ra,2010,2010/11,Buenos Aires,6,Coronel Suárez,6203,100000,98000,196000,2000
2438,soja 1ra,2010,2010/11,Buenos Aires,6,Chacabuco,6210,110000,110000,462000,4200
2439,soja 1ra,2010,2010/11,Buenos Aires,6,Chascomús,6218,20000,19400,67900,3500
2440,soja 1ra,2010,2010/11,Buenos Aires,6,Chivilcoy,6224,74000,73260,278388,3800
2441,soja 1ra,2010,2010/11,Buenos Aires,6,Daireaux,6231,75000,75000,187500,2500
2442,soja 1ra,2010,2010/11,Buenos Aires,6,Dolores,6238,4500,4450,8900,2000
2443,soja 1ra,2010,2010/11,Buenos Aires,6,Exaltación de la Cruz,6266,11200,11200,40880,3650
2444,soja 1ra,2010,2010/11,Buenos Aires,6,Florentino Ameghino,6277,70000,67800,169500,2500
2445,soja 1ra,2010,2010/11,Buenos Aires,6,General Alvarado,6280,18000,17850,44625,2500
2446,soja 1ra,2010,2010/11,Buenos Aires,6,General Alvear,6287,30000,30000,90000,3000
2447,soja 1ra,2010,2010/11,Buenos Aires,6,General Arenales,6294,81500,81500,342300,4200
2448,soja 1ra,2010,2010/11,Buenos Aires,6,General Belgrano,6301,20000,19200,59520,3100
2449,soja 1ra,2010,2010/11,Buenos Aires,6,General Juan Madariaga,6315,10000,9920,26784,2700
2450,soja 1ra,2010,2010/11,Buenos Aires,6,General La Madrid,6322,30000,29000,87000,3000
2451,soja 1ra,2010,2010/11,Buenos Aires,6,General Las Heras,6329,3400,3400,12920,3800
2452,soja 1ra,2010,2010/11,Buenos Aires,6,General Pinto,6351,75000,73000,219000,3000
2453,soja 1ra,2010,2010/11,Buenos Aires,6,General Pueyrredón,6357,17000,16850,42125,2500
2454,soja 1ra,2010,2010/11,Buenos Aires,6,General Rodríguez,6364,1800,1800,6840,3800
2455,soja 1ra,2010,2010/11,Buenos Aires,6,General Viamonte,6385,75000,73000,240900,3300
2456,soja 1ra,2010,2010/11,Buenos Aires,6,General Villegas,6392,250000,247300,618250,2500
2457,soja 1ra,2010,2010/11,Buenos Aires,6,Guaminí,6399,70000,70000,140000,2000
2458,soja 1ra,2010,2010/11,Buenos Aires,6,Hipólito Yrigoyen,6406,52000,52000,140400,2700
2459,soja 1ra,2010,2010/11,Buenos Aires,6,Junín,6413,110000,110000,440000,4000
2460,soja 1ra,2010,2010/11,Buenos Aires,6,Laprida,6448,15200,15200,27360,1800
2461,soja 1ra,2010,2010/11,Buenos Aires,6,Las Flores,6455,34000,33100,112540,3400
2462,soja 1ra,2010,2010/11,Buenos Aires,6,Leandro N. Alem,6462,104000,102200,357700,3500
2463,soja 1ra,2010,2010/11,Buenos Aires,6,Lincoln,6469,120000,116500,349500,3000
2464,soja 1ra,2010,2010/11,Buenos Aires,6,Lobería,6476,37000,36650,84295,2300
2465,soja 1ra,2010,2010/11,Buenos Aires,6,Lobos,6483,37000,35500,120700,3400
2466,soja 1ra,2010,2010/11,Buenos Aires,6,Luján,6497,11000,11000,38500,3500
2467,soja 1ra,2010,2010/11,Buenos Aires,6,Maipú,6511,16500,16320,35904,2200
2468,soja 1ra,2010,2010/11,Buenos Aires,6,Mar Chiquita,6518,7500,7420,15582,2100
2469,soja 1ra,2010,2010/11,Buenos Aires,6,Marcos Paz,6525,5500,5500,20900,3800
2470,soja 1ra,2010,2010/11,Buenos Aires,6,Mercedes,6532,14000,13300,39900,3000
2471,soja 1ra,2010,2010/11,Buenos Aires,6,Monte,6547,29000,28050,95370,3400
2472,soja 1ra,2010,2010/11,Buenos Aires,6,Navarro,6574,36000,35500,120700,3400
2473,soja 1ra,2010,2010/11,Buenos Aires,6,Necochea,6581,143737,143737,287474,2000
2474,soja 1ra,2010,2010/11,Buenos Aires,6,9 de Julio,6588,130000,128700,411840,3200
2475,soja 1ra,2010,2010/11,Buenos Aires,6,Olavarría,6595,70000,70000,196000,2800
2476,soja 1ra,2010,2010/11,Buenos Aires,6,Patagones,6602,350,350,770,2200
2477,soja 1ra,2010,2010/11,Buenos Aires,6,Pehuajó,6609,139000,131000,288200,2200
2478,soja 1ra,2010,2010/11,Buenos Aires,6,Pellegrini,6616,32500,30000,54000,1800
2479,soja 1ra,2010,2010/11,Buenos Aires,6,Pergamino,6623,179300,179300,698951,3898
2480,soja 1ra,2010,2010/11,Buenos Aires,6,Pilar,6638,1400,1400,5320,3800
2481,soja 1ra,2010,2010/11,Buenos Aires,6,Puán,6651,1500,1000,1000,1000
2482,soja 1ra,2010,2010/11,Buenos Aires,6,Ramallo,6665,59350,59350,219595,3700
2483,soja 1ra,2010,2010/11,Buenos Aires,6,Rauch,6672,7500,7430,17089,2300
2484,soja 1ra,2010,2010/11,Buenos Aires,6,Rivadavia,6679,144000,134000,254600,1900
2485,soja 1ra,2010,2010/11,Buenos Aires,6,Rojas,6686,90000,90000,396000,4400
2486,soja 1ra,2010,2010/11,Buenos Aires,6,Roque Pérez,6693,43000,42000,142800,3400
2487,soja 1ra,2010,2010/11,Buenos Aires,6,Saavedra,6700,30000,26000,39000,1500
2488,soja 1ra,2010,2010/11,Buenos Aires,6,Saladillo,6707,50000,49200,172200,3500
2489,soja 1ra,2010,2010/11,Buenos Aires,6,Salto,6714,94100,94100,371695,3950
2490,soja 1ra,2010,2010/11,Buenos Aires,6,Salliqueló,6721,22000,22000,35200,1600
2491,soja 1ra,2010,2010/11,Buenos Aires,6,San Andrés de Giles,6728,35000,35000,133000,3800
2492,soja 1ra,2010,2010/11,Buenos Aires,6,San Antonio de Areco,6735,44900,44900,170620,3800
2493,soja 1ra,2010,2010/11,Buenos Aires,6,San Cayetano,6742,82800,82800,124200,1500
2494,soja 1ra,2010,2010/11,Buenos Aires,6,San Nicolás,6763,39950,39950,147749,3698
2495,soja 1ra,2010,2010/11,Buenos Aires,6,San Pedro,6770,52700,52700,194990,3700
2496,soja 1ra,2010,2010/11,Buenos Aires,6,Suipacha,6784,15000,14550,43650,3000
2497,soja 1ra,2010,2010/11,Buenos Aires,6,Tandil,6791,118000,117350,305110,2600
2498,soja 1ra,2010,2010/11,Buenos Aires,6,Tapalqué,6798,1000,1000,2800,2800
2499,soja 1ra,2010,2010/11,Buenos Aires,6,Tornquist,6819,7000,4500,4500,1000
2500,soja 1ra,2010,2010/11,Buenos Aires,6,Trenque Lauquen,6826,153000,142000,241400,1700
2501,soja 1ra,2010,2010/11,Buenos Aires,6,Tres Arroyos,6833,100700,100700,181260,1800
2502,soja 1ra,2010,2010/11,Buenos Aires,6,Tres Lomas,6847,24000,24000,40800,1700
2503,soja 1ra,2010,2010/11,Buenos Aires,6,25 de Mayo,6854,60000,59500,214200,3600
2504,soja 1ra,2010,2010/11,Buenos Aires,6,Villarino,6875,400,400,928,2320
2505,soja 1ra,2010,2010/11,Buenos Aires,6,Zárate,6882,25200,25200,90720,3600
2506,soja 1ra,2010,2010/11,Catamarca,10,El Alto,10056,24500,24500,53900,2200
2507,soja 1ra,2010,2010/11,Catamarca,10,Santa Rosa,10098,6500,6500,14300,2200
2508,soja 1ra,2010,2010/11,Chaco,22,Almirante Brown,22007,135900,135900,339750,2500
2509,soja 1ra,2010,2010/11,Chaco,22,Bermejo,22014,490,490,935,1908
2510,soja 1ra,2010,2010/11,Chaco,22,Comandante Fernández,22021,29560,29217,61356,2100
2511,soja 1ra,2010,2010/11,Chaco,22,Chacabuco,22028,60900,60432,154100,2550
2512,soja 1ra,2010,2010/11,Chaco,22,12 de Octubre,22036,72375,72375,170081,2350
2513,soja 1ra,2010,2010/11,Chaco,22,2 de Abril,22039,34575,34575,81251,2350
2514,soja 1ra,2010,2010/11,Chaco,22,Fray Justo Santa María de Oro,22043,10225,10349,20168,1949
2515,soja 1ra,2010,2010/11,Chaco,22,General Belgrano,22049,43200,43009,109673,2550
2516,soja 1ra,2010,2010/11,Chaco,22,General Donovan,22056,2500,2500,4500,1800
2517,soja 1ra,2010,2010/11,Chaco,22,General Güemes,22063,10100,10016,19030,1900
2518,soja 1ra,2010,2010/11,Chaco,22,Independencia,22070,27065,27065,62250,2300
2519,soja 1ra,2010,2010/11,Chaco,22,Libertad,22077,1900,1900,3420,1800
2520,soja 1ra,2010,2010/11,Chaco,22,Libertador General San Martín,22084,2169,2152,4304,2000
2521,soja 1ra,2010,2010/11,Chaco,22,Maipú,22091,12275,12184,26804,2200
2522,soja 1ra,2010,2010/11,Chaco,22,Mayor Luis J. Fontana,22098,5150,5124,10760,2100
2523,soja 1ra,2010,2010/11,Chaco,22,9 de Julio,22105,57325,57325,143313,2500
2524,soja 1ra,2010,2010/11,Chaco,22,O'Higgins,22112,28050,27868,64096,2300
2525,soja 1ra,2010,2010/11,Chaco,22,Presidencia de la Plaza,22119,3700,3700,6660,1800
2526,soja 1ra,2010,2010/11,Chaco,22,Quitilipi,22133,3830,3830,7660,2000
2527,soja 1ra,2010,2010/11,Chaco,22,San Fernando,22140,1875,1875,3188,1700
2528,soja 1ra,2010,2010/11,Chaco,22,San Lorenzo,22147,3090,3090,6180,2000
2529,soja 1ra,2010,2010/11,Chaco,22,Sargento Cabral,22154,3075,3075,5843,1900
2530,soja 1ra,2010,2010/11,Chaco,22,25 de Mayo,22168,130,122,220,1803
2531,soja 1ra,2010,2010/11,Córdoba,14,Calamuchita,14007,89950,89950,220205,2448
2532,soja 1ra,2010,2010/11,Córdoba,14,Capital,14014,3600,3600,7200,2000
2533,soja 1ra,2010,2010/11,Córdoba,14,Colón,14021,98000,97500,219375,2250
2534,soja 1ra,2010,2010/11,Córdoba,14,General Roca,14035,370000,370000,777000,2100
2535,soja 1ra,2010,2010/11,Córdoba,14,General San Martín,14042,159350,159350,398375,2500
2536,soja 1ra,2010,2010/11,Córdoba,14,Ischilín,14049,30000,29000,29000,1000
2537,soja 1ra,2010,2010/11,Córdoba,14,Juárez Celman,14056,325000,325000,776750,2390
2538,soja 1ra,2010,2010/11,Córdoba,14,Marcos Juárez,14063,540640,540340,1826349,3380
2539,soja 1ra,2010,2010/11,Córdoba,14,Pocho,14077,822,822,2110,2567
2540,soja 1ra,2010,2010/11,Córdoba,14,Presidente Roque Sáenz Peña,14084,310000,310000,806000,2600
2541,soja 1ra,2010,2010/11,Córdoba,14,Río Cuarto,14098,560000,560000,1338400,2390
2542,soja 1ra,2010,2010/11,Córdoba,14,Río Primero,14105,360000,360000,756000,2100
2543,soja 1ra,2010,2010/11,Córdoba,14,Río Seco,14112,40000,39000,74100,1900
2544,soja 1ra,2010,2010/11,Córdoba,14,Río Segundo,14119,214400,214400,471680,2200
2545,soja 1ra,2010,2010/11,Córdoba,14,San Alberto,14126,1056,1056,2714,2570
2546,soja 1ra,2010,2010/11,Córdoba,14,San Javier,14133,5723,5723,19375,3385
2547,soja 1ra,2010,2010/11,Córdoba,14,San Justo,14140,296000,295000,787650,2670
2548,soja 1ra,2010,2010/11,Córdoba,14,Santa María,14147,113790,113790,227580,2000
2549,soja 1ra,2010,2010/11,Córdoba,14,Sobremonte,14154,15000,15000,22500,1500
2550,soja 1ra,2010,2010/11,Córdoba,14,Tercero Arriba,14161,278200,278200,667680,2400
2551,soja 1ra,2010,2010/11,Córdoba,14,Totoral,14168,129000,127500,293250,2300
2552,soja 1ra,2010,2010/11,Córdoba,14,Tulumba,14175,105000,102500,164000,1600
2553,soja 1ra,2010,2010/11,Córdoba,14,Unión,14182,498100,497500,1492500,3000
2554,soja 1ra,2010,2010/11,Corrientes,18,Bella Vista,18007,340,300,600,2000
2555,soja 1ra,2010,2010/11,Corrientes,18,Curuzu Cuatia,18035,1270,1270,1778,1400
2556,soja 1ra,2010,2010/11,Corrientes,18,Empedrado,18042,250,250,400,1600
2557,soja 1ra,2010,2010/11,Corrientes,18,Esquina,18049,2120,2120,3570,1684
2558,soja 1ra,2010,2010/11,Corrientes,18,General Alvear,18056,45,45,70,1556
2559,soja 1ra,2010,2010/11,Corrientes,18,Ituzaingó,18084,1100,1090,1640,1505
2560,soja 1ra,2010,2010/11,Corrientes,18,Mercedes,18105,2700,2640,4020,1523
2561,soja 1ra,2010,2010/11,Corrientes,18,Monte Caseros,18112,1540,1540,2370,1539
2562,soja 1ra,2010,2010/11,Corrientes,18,Paso de los Libres,18119,200,200,400,2000
2563,soja 1ra,2010,2010/11,Corrientes,18,Saladas,18126,350,340,550,1618
2564,soja 1ra,2010,2010/11,Corrientes,18,San Roque,18161,580,570,890,1561
2565,soja 1ra,2010,2010/11,Corrientes,18,Santo Tomé,18168,2600,2550,4640,1820
2566,soja 1ra,2010,2010/11,Corrientes,18,Sauce,18175,3700,3700,8140,2200
2567,soja 1ra,2010,2010/11,Entre Ríos,30,Colón,30008,27000,26500,58300,2200
2568,soja 1ra,2010,2010/11,Entre Ríos,30,Concordia,30015,28500,28500,74100,2600
2569,soja 1ra,2010,2010/11,Entre Ríos,30,Diamante,30021,56000,56000,156800,2800
2570,soja 1ra,2010,2010/11,Entre Ríos,30,Federación,30028,13500,13500,33750,2500
2571,soja 1ra,2010,2010/11,Entre Ríos,30,Federal,30035,33500,33500,87100,2600
2572,soja 1ra,2010,2010/11,Entre Ríos,30,Feliciano,30042,13500,13500,35100,2600
2573,soja 1ra,2010,2010/11,Entre Ríos,30,Gualeguay,30049,113000,112700,304290,2700
2574,soja 1ra,2010,2010/11,Entre Ríos,30,Gualeguaychú,30056,135000,134500,349700,2600
2575,soja 1ra,2010,2010/11,Entre Ríos,30,La Paz,30070,111500,111500,312200,2800
2576,soja 1ra,2010,2010/11,Entre Ríos,30,Nogoyá,30077,110000,109200,273000,2500
2577,soja 1ra,2010,2010/11,Entre Ríos,30,Paraná,30084,143500,143500,401800,2800
2578,soja 1ra,2010,2010/11,Entre Ríos,30,San Salvador,30088,25000,24800,54560,2200
2579,soja 1ra,2010,2010/11,Entre Ríos,30,Tala,30091,72500,72500,202715,2796
2580,soja 1ra,2010,2010/11,Entre Ríos,30,Uruguay,30098,115000,115000,310500,2700
2581,soja 1ra,2010,2010/11,Entre Ríos,30,Victoria,30105,95000,94500,274050,2900
2582,soja 1ra,2010,2010/11,Entre Ríos,30,Villaguay,30113,120000,119800,239600,2000
2583,soja 1ra,2010,2010/11,Formosa,34,otros departamentos,,3250,1652,2477,1499
2584,soja 1ra,2010,2010/11,Jujuy,38,Ledesma,38035,230,230,667,2900
2585,soja 1ra,2010,2010/11,Jujuy,38,Palpalá,38042,330,330,957,2900
2586,soja 1ra,2010,2010/11,Jujuy,38,San Antonio,38056,830,830,2407,2900
2587,soja 1ra,2010,2010/11,Jujuy,38,San Pedro,38063,1370,1370,4110,3000
2588,soja 1ra,2010,2010/11,Jujuy,38,Santa Bárbara,38070,6430,6430,18004,2800
2589,soja 1ra,2010,2010/11,La Pampa,42,Atreucó,42007,8000,7700,11550,1500
2590,soja 1ra,2010,2010/11,La Pampa,42,Capital,42021,3000,3000,6000,2000
2591,soja 1ra,2010,2010/11,La Pampa,42,Catriló,42028,10000,10000,20000,2000
2592,soja 1ra,2010,2010/11,La Pampa,42,Conhelo,42035,30400,29500,29500,1000
2593,soja 1ra,2010,2010/11,La Pampa,42,Chapaleufú,42056,92300,90500,162900,1800
2594,soja 1ra,2010,2010/11,La Pampa,42,Guatraché,42070,1800,1500,1200,800
2595,soja 1ra,2010,2010/11,La Pampa,42,Maracó,42105,66800,65000,117000,1800
2596,soja 1ra,2010,2010/11,La Pampa,42,Quemú Quemú,42119,38500,37700,67860,1800
2597,soja 1ra,2010,2010/11,La Pampa,42,Rancul,42126,19600,19000,22800,1200
2598,soja 1ra,2010,2010/11,La Pampa,42,Realicó,42133,45100,44200,70720,1600
2599,soja 1ra,2010,2010/11,La Pampa,42,Toay,42140,200,200,160,800
2600,soja 1ra,2010,2010/11,La Pampa,42,Trenel,42147,20900,20300,20300,1000
2601,soja 1ra,2010,2010/11,La Pampa,42,Utracán,42154,500,500,600,1200
2602,soja 1ra,2010,2010/11,Misiones,54,Cainguás,54014,40,38,95,2500
2603,soja 1ra,2010,2010/11,Misiones,54,General Manuel Belgrano,54049,200,198,566,2859
2604,soja 1ra,2010,2010/11,Misiones,54,Guaraní,54056,220,210,551,2624
2605,soja 1ra,2010,2010/11,Misiones,54,Leandro N. Alem,54070,20,19,46,2421
2606,soja 1ra,2010,2010/11,Misiones,54,Oberá,54091,10,9,23,2556
2607,soja 1ra,2010,2010/11,Misiones,54,San Javier,54105,10,9,20,2222
2608,soja 1ra,2010,2010/11,Misiones,54,San Pedro,54112,80,77,200,2597
2609,soja 1ra,2010,2010/11,Misiones,54,25 de Mayo,54119,300,290,711,2452
2610,soja 1ra,2010,2010/11,Misiones,54,otros departamentos,,930,930,2284,2456
2611,soja 1ra,2010,2010/11,Salta,66,Anta,66007,208600,208600,646660,3100
2612,soja 1ra,2010,2010/11,Salta,66,Capital,66028,2734,2734,7601,2780
2613,soja 1ra,2010,2010/11,Salta,66,Cerrillos,66035,135,135,377,2793
2614,soja 1ra,2010,2010/11,Salta,66,Chicoana,66042,105,105,294,2800
2615,soja 1ra,2010,2010/11,Salta,66,General Güemes,66049,2343,2343,6982,2980
2616,soja 1ra,2010,2010/11,Salta,66,General José de San Martín,66056,113540,113540,314506,2770
2617,soja 1ra,2010,2010/11,Salta,66,Guachipas,66063,25,25,69,2760
2618,soja 1ra,2010,2010/11,Salta,66,La Candelaria,66084,1583,1583,4431,2799
2619,soja 1ra,2010,2010/11,Salta,66,La Viña,66098,54,54,150,2778
2620,soja 1ra,2010,2010/11,Salta,66,Metán,66112,26525,26525,74005,2790
2621,soja 1ra,2010,2010/11,Salta,66,Orán,66126,22425,22425,62790,2800
2622,soja 1ra,2010,2010/11,Salta,66,Rivadavia,66133,1380,1380,3588,2600
2623,soja 1ra,2010,2010/11,Salta,66,Rosario de la Frontera,66140,37770,37770,108400,2870
2624,soja 1ra,2010,2010/11,Salta,66,Rosario de Lerma,66147,140,140,378,2700
2625,soja 1ra,2010,2010/11,San Luis,74,Ayacucho,74007,2800,2800,10360,3700
2626,soja 1ra,2010,2010/11,San Luis,74,Coronel Pringles,74021,33600,33600,85680,2550
2627,soja 1ra,2010,2010/11,San Luis,74,Chacabuco,74028,28800,28800,69120,2400
2628,soja 1ra,2010,2010/11,San Luis,74,General Pedernera,74035,70000,70000,157500,2250
2629,soja 1ra,2010,2010/11,San Luis,74,Gobernador Dupuy,74042,6000,6000,7800,1300
2630,soja 1ra,2010,2010/11,San Luis,74,Junín,74049,1150,1150,3105,2700
2631,soja 1ra,2010,2010/11,San Luis,74,Juan Martín de Pueyrredón,74056,21500,21500,56975,2650
2632,soja 1ra,2010,2010/11,San Luis,74,Libertador General San Martín,74063,1200,1200,2880,2400
2633,soja 1ra,2010,2010/11,Santa Fe,82,Belgrano,82007,117674,117674,408329,3470
2634,soja 1ra,2010,2010/11,Santa Fe,82,Caseros,82014,234000,234000,889200,3800
2635,soja 1ra,2010,2010/11,Santa Fe,82,Castellanos,82021,222000,222000,777000,3500
2636,soja 1ra,2010,2010/11,Santa Fe,82,Constitución,82028,214800,214800,816240,3800
2637,soja 1ra,2010,2010/11,Santa Fe,82,Garay,82035,4000,4000,10800,2700
2638,soja 1ra,2010,2010/11,Santa Fe,82,General López,82042,582000,582000,2095200,3600
2639,soja 1ra,2010,2010/11,Santa Fe,82,General Obligado,82049,55000,52000,88400,1700
2640,soja 1ra,2010,2010/11,Santa Fe,82,Iriondo,82056,154560,154560,510048,3300
2641,soja 1ra,2010,2010/11,Santa Fe,82,La Capital,82063,40000,40000,116000,2900
2642,soja 1ra,2010,2010/11,Santa Fe,82,Las Colonias,82070,178000,178000,569600,3200
2643,soja 1ra,2010,2010/11,Santa Fe,82,9 de Julio,82077,57000,54000,114000,2111
2644,soja 1ra,2010,2010/11,Santa Fe,82,Rosario,82084,106800,106800,384480,3600
2645,soja 1ra,2010,2010/11,Santa Fe,82,San Cristóbal,82091,65000,65000,162500,2500
2646,soja 1ra,2010,2010/11,Santa Fe,82,San Javier,82098,10000,10000,19000,1900
2647,soja 1ra,2010,2010/11,Santa Fe,82,San Jerónimo,82105,98512,98512,313268,3180
2648,soja 1ra,2010,2010/11,Santa Fe,82,San Justo,82112,136000,136000,299200,2200
2649,soja 1ra,2010,2010/11,Santa Fe,82,San Lorenzo,82119,118300,118300,449540,3800
2650,soja 1ra,2010,2010/11,Santa Fe,82,San Martín,82126,216154,216154,815981,3775
2651,soja 1ra,2010,2010/11,Santa Fe,82,Vera,82133,21000,21000,42000,2000
2652,soja 1ra,2010,2010/11,Santiago del Estero,86,Aguirre,86007,60000,60000,90000,1500
2653,soja 1ra,2010,2010/11,Santiago del Estero,86,Alberdi,86014,70000,70000,154000,2200
2654,soja 1ra,2010,2010/11,Santiago del Estero,86,Avellaneda,86028,5000,5000,7500,1500
2655,soja 1ra,2010,2010/11,Santiago del Estero,86,Banda,86035,5000,5000,13500,2700
2656,soja 1ra,2010,2010/11,Santiago del Estero,86,Belgrano,86042,150000,150000,390000,2600
2657,soja 1ra,2010,2010/11,Santiago del Estero,86,Capital,86049,3500,3500,7700,2200
2658,soja 1ra,2010,2010/11,Santiago del Estero,86,Copo,86056,15000,15000,22500,1500
2659,soja 1ra,2010,2010/11,Santiago del Estero,86,Choya,86063,10000,10000,20000,2000
2660,soja 1ra,2010,2010/11,Santiago del Estero,86,Figueroa,86070,2000,2000,4400,2200
2661,soja 1ra,2010,2010/11,Santiago del Estero,86,General Taboada,86077,170000,170000,323000,1900
2662,soja 1ra,2010,2010/11,Santiago del Estero,86,Guasayán,86084,15000,15000,30000,2000
2663,soja 1ra,2010,2010/11,Santiago del Estero,86,Jiménez,86091,110000,110000,260700,2370
2664,soja 1ra,2010,2010/11,Santiago del Estero,86,Juan F. Ibarra,86098,70000,70000,140000,2000
2665,soja 1ra,2010,2010/11,Santiago del Estero,86,Loreto,86105,2500,2500,6250,2500
2666,soja 1ra,2010,2010/11,Santiago del Estero,86,Mitre,86112,25000,25000,45000,1800
2667,soja 1ra,2010,2010/11,Santiago del Estero,86,Moreno,86119,210000,210000,514500,2450
2668,soja 1ra,2010,2010/11,Santiago del Estero,86,Pellegrini,86133,95000,95000,232750,2450
2669,soja 1ra,2010,2010/11,Santiago del Estero,86,Río Hondo,86147,25000,25000,55000,2200
2670,soja 1ra,2010,2010/11,Santiago del Estero,86,Rivadavia,86154,50000,50000,135000,2700
2671,soja 1ra,2010,2010/11,Santiago del Estero,86,Robles,86161,3000,3000,7500,2500
2672,soja 1ra,2010,2010/11,Santiago del Estero,86,San Martín,86175,1500,1500,3000,2000
2673,soja 1ra,2010,2010/11,Santiago del Estero,86,Silípica,86189,2500,2500,5500,2200
2674,soja 1ra,2010,2010/11,Tucumán,90,Burruyacú,90007,28505,28453,85358,3000
2675,soja 1ra,2010,2010/11,Tucumán,90,Cruz Alta,90014,17498,17463,52389,3000
2676,soja 1ra,2010,2010/11,Tucumán,90,Chicligasta,90021,360,340,850,2500
2677,soja 1ra,2010,2010/11,Tucumán,90,Famaillá,90028,924,892,1873,2100
2678,soja 1ra,2010,2010/11,Tucumán,90,Graneros,90035,13010,13008,36422,2800
2679,soja 1ra,2010,2010/11,Tucumán,90,Juan Bautista Alberdi,90042,2045,2020,6263,3101
2680,soja 1ra,2010,2010/11,Tucumán,90,La Cocha,90049,6535,6515,19546,3000
2681,soja 1ra,2010,2010/11,Tucumán,90,Leales,90056,21530,21507,54844,2550
2682,soja 1ra,2010,2010/11,Tucumán,90,Lules,90063,1105,1054,2847,2701
2683,soja 1ra,2010,2010/11,Tucumán,90,Monteros,90070,300,285,713,2502
2684,soja 1ra,2010,2010/11,Tucumán,90,Río Chico,90077,240,230,598,2600
2685,soja 1ra,2010,2010/11,Tucumán,90,Capital,90084,6,5,10,2000
2686,soja 1ra,2010,2010/11,Tucumán,90,Simoca,90091,1945,1920,5184,2700
2687,soja 1ra,2010,2010/11,Tucumán,90,Tafí Viejo,90105,360,359,933,2599
2688,soja 1ra,2010,2010/11,Tucumán,90,Yerba Buena,90119,110,110,363,3300
2689,soja 1ra,2011,2011/12,Buenos Aires,6,Adolfo Alsina,6007,70000,70000,168000,2400
2690,soja 1ra,2011,2011/12,Buenos Aires,6,Adolfo Gonzales Chaves,6014,60300,60300,126417,2096
2691,soja 1ra,2011,2011/12,Buenos Aires,6,Alberti,6021,21000,20580,69972,3400
2692,soja 1ra,2011,2011/12,Buenos Aires,6,Ayacucho,6042,3700,3650,8760,2400
2693,soja 1ra,2011,2011/12,Buenos Aires,6,Azul,6049,50000,49500,138600,2800
2694,soja 1ra,2011,2011/12,Buenos Aires,6,Bahía Blanca,6056,2300,800,760,950
2695,soja 1ra,2011,2011/12,Buenos Aires,6,Balcarce,6063,28000,27750,73487,2648
2696,soja 1ra,2011,2011/12,Buenos Aires,6,Baradero,6070,51300,51300,153900,3000
2697,soja 1ra,2011,2011/12,Buenos Aires,6,Arrecifes,6077,65000,65000,201500,3100
2698,soja 1ra,2011,2011/12,Buenos Aires,6,Benito Juárez,6084,68000,66000,158400,2400
2699,soja 1ra,2011,2011/12,Buenos Aires,6,Bolívar,6105,110000,105000,357000,3400
2700,soja 1ra,2011,2011/12,Buenos Aires,6,Bragado,6112,80300,78700,228230,2900
2701,soja 1ra,2011,2011/12,Buenos Aires,6,Campana,6126,5150,5150,15965,3100
2702,soja 1ra,2011,2011/12,Buenos Aires,6,Cañuelas,6134,17000,16000,44800,2800
2703,soja 1ra,2011,2011/12,Buenos Aires,6,Capitán Sarmiento,6140,32900,32900,105280,3200
2704,soja 1ra,2011,2011/12,Buenos Aires,6,Carlos Casares,6147,89300,83049,282367,3400
2705,soja 1ra,2011,2011/12,Buenos Aires,6,Carlos Tejedor,6154,95500,87000,278400,3200
2706,soja 1ra,2011,2011/12,Buenos Aires,6,Carmen de Areco,6161,31000,31000,99200,3200
2707,soja 1ra,2011,2011/12,Buenos Aires,6,Castelli,6168,12000,11850,22515,1900
2708,soja 1ra,2011,2011/12,Buenos Aires,6,Colón,6175,56300,56300,208310,3700
2709,soja 1ra,2011,2011/12,Buenos Aires,6,Coronel de Marina Leonardo Rosales,6182,800,400,600,1500
2710,soja 1ra,2011,2011/12,Buenos Aires,6,Coronel Dorrego,6189,63000,63000,81900,1300
2711,soja 1ra,2011,2011/12,Buenos Aires,6,Coronel Pringles,6196,26000,26000,44200,1700
2712,soja 1ra,2011,2011/12,Buenos Aires,6,Coronel Suárez,6203,100000,100000,209648,2096
2713,soja 1ra,2011,2011/12,Buenos Aires,6,Chacabuco,6210,110000,110000,374000,3400
2714,soja 1ra,2011,2011/12,Buenos Aires,6,Chascomús,6218,23000,21800,57730,2648
2715,soja 1ra,2011,2011/12,Buenos Aires,6,Chivilcoy,6224,70000,66500,226100,3400
2716,soja 1ra,2011,2011/12,Buenos Aires,6,Daireaux,6231,73000,72000,223200,3100
2717,soja 1ra,2011,2011/12,Buenos Aires,6,Dolores,6238,5000,4925,8865,1800
2718,soja 1ra,2011,2011/12,Buenos Aires,6,Exaltación de la Cruz,6266,11100,11100,33300,3000
2719,soja 1ra,2011,2011/12,Buenos Aires,6,Florentino Ameghino,6277,70000,67800,122040,1800
2720,soja 1ra,2011,2011/12,Buenos Aires,6,General Alvarado,6280,19000,18800,33840,1800
2721,soja 1ra,2011,2011/12,Buenos Aires,6,General Alvear,6287,28000,28000,86800,3100
2722,soja 1ra,2011,2011/12,Buenos Aires,6,General Arenales,6294,81500,81500,309700,3800
2723,soja 1ra,2011,2011/12,Buenos Aires,6,General Belgrano,6301,20000,19000,47500,2500
2724,soja 1ra,2011,2011/12,Buenos Aires,6,General Juan Madariaga,6315,10500,10380,24912,2400
2725,soja 1ra,2011,2011/12,Buenos Aires,6,General La Madrid,6322,32000,32000,67087,2096
2726,soja 1ra,2011,2011/12,Buenos Aires,6,General Las Heras,6329,3400,3400,10200,3000
2727,soja 1ra,2011,2011/12,Buenos Aires,6,General Pinto,6351,75000,73000,189800,2600
2728,soja 1ra,2011,2011/12,Buenos Aires,6,General Pueyrredón,6357,17500,17350,39905,2300
2729,soja 1ra,2011,2011/12,Buenos Aires,6,General Rodríguez,6364,1800,1800,5400,3000
2730,soja 1ra,2011,2011/12,Buenos Aires,6,General Viamonte,6385,74550,72750,240075,3300
2731,soja 1ra,2011,2011/12,Buenos Aires,6,General Villegas,6392,250000,247300,593520,2400
2732,soja 1ra,2011,2011/12,Buenos Aires,6,Guaminí,6399,75000,75000,243402,3245
2733,soja 1ra,2011,2011/12,Buenos Aires,6,Hipólito Yrigoyen,6406,50000,50000,170000,3400
2734,soja 1ra,2011,2011/12,Buenos Aires,6,Junín,6413,110000,110000,374000,3400
2735,soja 1ra,2011,2011/12,Buenos Aires,6,Laprida,6448,15200,15200,33440,2200
2736,soja 1ra,2011,2011/12,Buenos Aires,6,Las Flores,6455,34000,31500,83418,2648
2737,soja 1ra,2011,2011/12,Buenos Aires,6,Leandro N. Alem,6462,104000,102200,306600,3000
2738,soja 1ra,2011,2011/12,Buenos Aires,6,Lincoln,6469,120000,116500,326200,2800
2739,soja 1ra,2011,2011/12,Buenos Aires,6,Lobería,6476,38000,37650,105420,2800
2740,soja 1ra,2011,2011/12,Buenos Aires,6,Lobos,6483,39000,37000,103600,2800
2741,soja 1ra,2011,2011/12,Buenos Aires,6,Luján,6497,11000,11000,30800,2800
2742,soja 1ra,2011,2011/12,Buenos Aires,6,Maipú,6511,17000,16800,38640,2300
2743,soja 1ra,2011,2011/12,Buenos Aires,6,Mar Chiquita,6518,8000,7900,17380,2200
2744,soja 1ra,2011,2011/12,Buenos Aires,6,Marcos Paz,6525,5500,5500,16500,3000
2745,soja 1ra,2011,2011/12,Buenos Aires,6,Mercedes,6532,16000,13910,33384,2400
2746,soja 1ra,2011,2011/12,Buenos Aires,6,Monte,6547,31000,28000,74149,2648
2747,soja 1ra,2011,2011/12,Buenos Aires,6,Navarro,6574,39000,35500,102950,2900
2748,soja 1ra,2011,2011/12,Buenos Aires,6,Necochea,6581,143737,143737,388090,2700
2749,soja 1ra,2011,2011/12,Buenos Aires,6,9 de Julio,6588,132000,130100,377290,2900
2750,soja 1ra,2011,2011/12,Buenos Aires,6,Olavarría,6595,68000,68000,197200,2900
2751,soja 1ra,2011,2011/12,Buenos Aires,6,Patagones,6602,350,250,500,2000
2752,soja 1ra,2011,2011/12,Buenos Aires,6,Pehuajó,6609,121500,115300,380490,3300
2753,soja 1ra,2011,2011/12,Buenos Aires,6,Pellegrini,6616,28000,28000,86800,3100
2754,soja 1ra,2011,2011/12,Buenos Aires,6,Pergamino,6623,177720,177720,621605,3498
2755,soja 1ra,2011,2011/12,Buenos Aires,6,Pilar,6638,1400,1400,3780,2700
2756,soja 1ra,2011,2011/12,Buenos Aires,6,Puán,6651,1500,1500,1950,1300
2757,soja 1ra,2011,2011/12,Buenos Aires,6,Ramallo,6665,58400,58400,192720,3300
2758,soja 1ra,2011,2011/12,Buenos Aires,6,Rauch,6672,8000,7900,20921,2648
2759,soja 1ra,2011,2011/12,Buenos Aires,6,Rivadavia,6679,130250,121350,400455,3300
2760,soja 1ra,2011,2011/12,Buenos Aires,6,Rojas,6686,90000,90000,306000,3400
2761,soja 1ra,2011,2011/12,Buenos Aires,6,Roque Pérez,6693,44000,40000,96000,2400
2762,soja 1ra,2011,2011/12,Buenos Aires,6,Saavedra,6700,30000,30000,54000,1800
2763,soja 1ra,2011,2011/12,Buenos Aires,6,Saladillo,6707,54000,52000,150800,2900
2764,soja 1ra,2011,2011/12,Buenos Aires,6,Salto,6714,92600,92600,324100,3500
2765,soja 1ra,2011,2011/12,Buenos Aires,6,Salliqueló,6721,22000,22000,66000,3000
2766,soja 1ra,2011,2011/12,Buenos Aires,6,San Andrés de Giles,6728,35000,35000,105000,3000
2767,soja 1ra,2011,2011/12,Buenos Aires,6,San Antonio de Areco,6735,44000,44000,145200,3300
2768,soja 1ra,2011,2011/12,Buenos Aires,6,San Cayetano,6742,82800,82800,173588,2096
2769,soja 1ra,2011,2011/12,Buenos Aires,6,San Nicolás,6763,39380,39380,121988,3098
2770,soja 1ra,2011,2011/12,Buenos Aires,6,San Pedro,6770,52000,52000,161200,3100
2771,soja 1ra,2011,2011/12,Buenos Aires,6,Suipacha,6784,16000,15000,22500,1500
2772,soja 1ra,2011,2011/12,Buenos Aires,6,Tandil,6791,120000,119900,299750,2500
2773,soja 1ra,2011,2011/12,Buenos Aires,6,Tapalqué,6798,1000,1000,2800,2800
2774,soja 1ra,2011,2011/12,Buenos Aires,6,Tornquist,6819,7000,7000,9100,1300
2775,soja 1ra,2011,2011/12,Buenos Aires,6,Trenque Lauquen,6826,130800,121900,377890,3100
2776,soja 1ra,2011,2011/12,Buenos Aires,6,Tres Arroyos,6833,100700,100700,251750,2500
2777,soja 1ra,2011,2011/12,Buenos Aires,6,Tres Lomas,6847,21000,21000,68152,3245
2778,soja 1ra,2011,2011/12,Buenos Aires,6,25 de Mayo,6854,59400,59400,172260,2900
2779,soja 1ra,2011,2011/12,Buenos Aires,6,Villarino,6875,400,270,594,2200
2780,soja 1ra,2011,2011/12,Buenos Aires,6,Zárate,6882,24800,24800,74400,3000
2781,soja 1ra,2011,2011/12,Catamarca,10,El Alto,10056,16000,16000,30400,1900
2782,soja 1ra,2011,2011/12,Chaco,22,Almirante Brown,22007,104750,60725,49427,814
2783,soja 1ra,2011,2011/12,Chaco,22,Bermejo,22014,1060,723,576,797
2784,soja 1ra,2011,2011/12,Chaco,22,Comandante Fernández,22021,26450,10580,7015,663
2785,soja 1ra,2011,2011/12,Chaco,22,Chacabuco,22028,57800,32463,26012,801
2786,soja 1ra,2011,2011/12,Chaco,22,12 de Octubre,22036,69900,41779,35947,860
2787,soja 1ra,2011,2011/12,Chaco,22,2 de Abril,22039,30840,20082,16231,808
2788,soja 1ra,2011,2011/12,Chaco,22,Fray Justo Santa María de Oro,22043,7850,5143,4364,849
2789,soja 1ra,2011,2011/12,Chaco,22,General Belgrano,22049,39550,23730,15622,658
2790,soja 1ra,2011,2011/12,Chaco,22,General Donovan,22056,2200,1000,839,839
2791,soja 1ra,2011,2011/12,Chaco,22,General Güemes,22063,15625,7813,5642,722
2792,soja 1ra,2011,2011/12,Chaco,22,Independencia,22070,23875,14248,10012,703
2793,soja 1ra,2011,2011/12,Chaco,22,Libertad,22077,1700,1300,1085,835
2794,soja 1ra,2011,2011/12,Chaco,22,Libertador General San Martín,22084,1883,963,812,843
2795,soja 1ra,2011,2011/12,Chaco,22,Maipú,22091,27200,11406,6142,538
2796,soja 1ra,2011,2011/12,Chaco,22,Mayor Luis J. Fontana,22098,7300,5054,3538,700
2797,soja 1ra,2011,2011/12,Chaco,22,9 de Julio,22105,58300,29745,20127,677
2798,soja 1ra,2011,2011/12,Chaco,22,O'Higgins,22112,28800,16055,11509,717
2799,soja 1ra,2011,2011/12,Chaco,22,Presidencia de la Plaza,22119,2350,1150,895,778
2800,soja 1ra,2011,2011/12,Chaco,22,Quitilipi,22133,7290,3281,1886,575
2801,soja 1ra,2011,2011/12,Chaco,22,San Fernando,22140,2530,1469,800,545
2802,soja 1ra,2011,2011/12,Chaco,22,San Lorenzo,22147,2675,1370,959,700
2803,soja 1ra,2011,2011/12,Chaco,22,Sargento Cabral,22154,1325,1067,1711,1604
2804,soja 1ra,2011,2011/12,Chaco,22,25 de Mayo,22168,234,128,106,828
2805,soja 1ra,2011,2011/12,Córdoba,14,Calamuchita,14007,89700,89700,152490,1700
2806,soja 1ra,2011,2011/12,Córdoba,14,Capital,14014,3650,3650,8395,2300
2807,soja 1ra,2011,2011/12,Córdoba,14,Colón,14021,110000,110000,308000,2800
2808,soja 1ra,2011,2011/12,Córdoba,14,General Roca,14035,375000,364000,728000,2000
2809,soja 1ra,2011,2011/12,Córdoba,14,General San Martín,14042,159350,159350,239025,1500
2810,soja 1ra,2011,2011/12,Córdoba,14,Ischilín,14049,30000,30000,45000,1500
2811,soja 1ra,2011,2011/12,Córdoba,14,Juárez Celman,14056,321300,288800,519840,1800
2812,soja 1ra,2011,2011/12,Córdoba,14,Marcos Juárez,14063,510300,498800,1396640,2800
2813,soja 1ra,2011,2011/12,Córdoba,14,Pocho,14077,865,865,1734,2005
2814,soja 1ra,2011,2011/12,Córdoba,14,Presidente Roque Sáenz Peña,14084,312000,297000,623700,2100
2815,soja 1ra,2011,2011/12,Córdoba,14,Río Cuarto,14098,557000,502000,903600,1800
2816,soja 1ra,2011,2011/12,Córdoba,14,Río Primero,14105,360000,360000,720000,2000
2817,soja 1ra,2011,2011/12,Córdoba,14,Río Seco,14112,40000,40000,80000,2000
2818,soja 1ra,2011,2011/12,Córdoba,14,Río Segundo,14119,218400,218400,262080,1200
2819,soja 1ra,2011,2011/12,Córdoba,14,San Alberto,14126,1112,1112,2229,2005
2820,soja 1ra,2011,2011/12,Córdoba,14,San Javier,14133,4894,4894,13271,2712
2821,soja 1ra,2011,2011/12,Córdoba,14,San Justo,14140,296000,296000,651200,2200
2822,soja 1ra,2011,2011/12,Córdoba,14,Santa María,14147,118300,116800,279560,2393
2823,soja 1ra,2011,2011/12,Córdoba,14,Sobremonte,14154,15000,15000,24000,1600
2824,soja 1ra,2011,2011/12,Córdoba,14,Tercero Arriba,14161,287560,287560,573523,1994
2825,soja 1ra,2011,2011/12,Córdoba,14,Totoral,14168,129000,129000,283800,2200
2826,soja 1ra,2011,2011/12,Córdoba,14,Tulumba,14175,105000,105000,126000,1200
2827,soja 1ra,2011,2011/12,Córdoba,14,Unión,14182,483900,468800,1125120,2400
2828,soja 1ra,2011,2011/12,Corrientes,18,otros departamentos,,25000,25000,25000,1000
2829,soja 1ra,2011,2011/12,Entre Ríos,30,Colón,30008,18000,17650,40595,2300
2830,soja 1ra,2011,2011/12,Entre Ríos,30,Concordia,30015,25000,25000,62500,2500
2831,soja 1ra,2011,2011/12,Entre Ríos,30,Diamante,30021,47000,47000,122200,2600
2832,soja 1ra,2011,2011/12,Entre Ríos,30,Federación,30028,14200,14200,35500,2500
2833,soja 1ra,2011,2011/12,Entre Ríos,30,Federal,30035,32000,32000,80000,2500
2834,soja 1ra,2011,2011/12,Entre Ríos,30,Feliciano,30042,12800,12800,33280,2600
2835,soja 1ra,2011,2011/12,Entre Ríos,30,Gualeguay,30049,84500,84200,210500,2500
2836,soja 1ra,2011,2011/12,Entre Ríos,30,Gualeguaychú,30056,132000,131500,315600,2400
2837,soja 1ra,2011,2011/12,Entre Ríos,30,La Paz,30070,100000,100000,260000,2600
2838,soja 1ra,2011,2011/12,Entre Ríos,30,Nogoyá,30077,90000,89300,196460,2200
2839,soja 1ra,2011,2011/12,Entre Ríos,30,Paraná,30084,133000,133000,345800,2600
2840,soja 1ra,2011,2011/12,Entre Ríos,30,San Salvador,30088,18000,17800,40940,2300
2841,soja 1ra,2011,2011/12,Entre Ríos,30,Tala,30091,58000,57850,138840,2400
2842,soja 1ra,2011,2011/12,Entre Ríos,30,Uruguay,30098,100000,99900,229770,2300
2843,soja 1ra,2011,2011/12,Entre Ríos,30,Victoria,30105,72500,72000,187200,2600
2844,soja 1ra,2011,2011/12,Entre Ríos,30,Villaguay,30113,108000,107800,247940,2300
2845,soja 1ra,2011,2011/12,Formosa,34,otros departamentos,,11050,11050,10498,950
2846,soja 1ra,2011,2011/12,Jujuy,38,Ledesma,38035,230,230,621,2700
2847,soja 1ra,2011,2011/12,Jujuy,38,Palpalá,38042,330,330,924,2800
2848,soja 1ra,2011,2011/12,Jujuy,38,San Antonio,38056,830,830,2158,2600
2849,soja 1ra,2011,2011/12,Jujuy,38,San Pedro,38063,1370,1370,3425,2500
2850,soja 1ra,2011,2011/12,Jujuy,38,Santa Bárbara,38070,6370,6370,15925,2500
2851,soja 1ra,2011,2011/12,La Pampa,42,Atreucó,42007,6800,6800,14286,2101
2852,soja 1ra,2011,2011/12,La Pampa,42,Capital,42021,2800,2800,5588,1996
2853,soja 1ra,2011,2011/12,La Pampa,42,Catriló,42028,11050,11050,32045,2900
2854,soja 1ra,2011,2011/12,La Pampa,42,Conhelo,42035,42600,41700,108420,2600
2855,soja 1ra,2011,2011/12,La Pampa,42,Chapaleufú,42056,76000,72200,223820,3100
2856,soja 1ra,2011,2011/12,La Pampa,42,Maracó,42105,62900,59800,185380,3100
2857,soja 1ra,2011,2011/12,La Pampa,42,Quemú Quemú,42119,42000,39900,107730,2700
2858,soja 1ra,2011,2011/12,La Pampa,42,Rancul,42126,45100,44200,114920,2600
2859,soja 1ra,2011,2011/12,La Pampa,42,Realicó,42133,52100,51100,132860,2600
2860,soja 1ra,2011,2011/12,La Pampa,42,Toay,42140,200,200,340,1700
2861,soja 1ra,2011,2011/12,La Pampa,42,Trenel,42147,26600,26100,60030,2300
2862,soja 1ra,2011,2011/12,La Pampa,42,Utracán,42154,500,500,850,1700
2863,soja 1ra,2011,2011/12,Misiones,54,Cainguás,54014,38,18,14,778
2864,soja 1ra,2011,2011/12,Misiones,54,General Manuel Belgrano,54049,190,120,126,1050
2865,soja 1ra,2011,2011/12,Misiones,54,Guaraní,54056,247,187,177,947
2866,soja 1ra,2011,2011/12,Misiones,54,Leandro N. Alem,54070,13,0,0,0
2867,soja 1ra,2011,2011/12,Misiones,54,Oberá,54091,9,4,2,500
2868,soja 1ra,2011,2011/12,Misiones,54,San Javier,54105,9,3,2,667
2869,soja 1ra,2011,2011/12,Misiones,54,San Pedro,54112,80,50,40,800
2870,soja 1ra,2011,2011/12,Misiones,54,25 de Mayo,54119,294,254,203,799
2871,soja 1ra,2011,2011/12,Salta,66,Anta,66007,209100,167344,175783,1050
2872,soja 1ra,2011,2011/12,Salta,66,Capital,66028,2734,2734,5195,1900
2873,soja 1ra,2011,2011/12,Salta,66,Cerrillos,66035,135,135,284,2104
2874,soja 1ra,2011,2011/12,Salta,66,Chicoana,66042,105,105,200,1905
2875,soja 1ra,2011,2011/12,Salta,66,General Güemes,66049,2343,2343,4452,1900
2876,soja 1ra,2011,2011/12,Salta,66,General José de San Martín,66056,113540,108998,163498,1500
2877,soja 1ra,2011,2011/12,Salta,66,Guachipas,66063,25,25,53,2120
2878,soja 1ra,2011,2011/12,Salta,66,La Candelaria,66084,1583,1395,1814,1300
2879,soja 1ra,2011,2011/12,Salta,66,La Viña,66098,54,54,112,2074
2880,soja 1ra,2011,2011/12,Salta,66,Metán,66112,26525,26524,37133,1400
2881,soja 1ra,2011,2011/12,Salta,66,Orán,66126,22425,21528,32292,1500
2882,soja 1ra,2011,2011/12,Salta,66,Rivadavia,66133,1380,1380,1932,1400
2883,soja 1ra,2011,2011/12,Salta,66,Rosario de la Frontera,66140,37770,37768,52875,1400
2884,soja 1ra,2011,2011/12,Salta,66,Rosario de Lerma,66147,140,140,294,2100
2885,soja 1ra,2011,2011/12,San Luis,74,Ayacucho,74007,3000,3000,12000,4000
2886,soja 1ra,2011,2011/12,San Luis,74,Coronel Pringles,74021,36000,36000,64800,1800
2887,soja 1ra,2011,2011/12,San Luis,74,Chacabuco,74028,27000,27000,43200,1600
2888,soja 1ra,2011,2011/12,San Luis,74,General Pedernera,74035,72000,72000,122400,1700
2889,soja 1ra,2011,2011/12,San Luis,74,Gobernador Dupuy,74042,5000,5000,5750,1150
2890,soja 1ra,2011,2011/12,San Luis,74,Junín,74049,1300,1300,3250,2500
2891,soja 1ra,2011,2011/12,San Luis,74,Juan Martín de Pueyrredón,74056,22000,22000,37400,1700
2892,soja 1ra,2011,2011/12,San Luis,74,Libertador General San Martín,74063,1500,1500,2850,1900
2893,soja 1ra,2011,2011/12,Santa Fe,82,Belgrano,82007,113400,113400,385560,3400
2894,soja 1ra,2011,2011/12,Santa Fe,82,Caseros,82014,232500,232500,767250,3300
2895,soja 1ra,2011,2011/12,Santa Fe,82,Castellanos,82021,215000,215000,516000,2400
2896,soja 1ra,2011,2011/12,Santa Fe,82,Constitución,82028,218100,218100,632240,2899
2897,soja 1ra,2011,2011/12,Santa Fe,82,Garay,82035,4000,4000,8400,2100
2898,soja 1ra,2011,2011/12,Santa Fe,82,General López,82042,583000,583000,1690700,2900
2899,soja 1ra,2011,2011/12,Santa Fe,82,General Obligado,82049,45000,28000,21000,750
2900,soja 1ra,2011,2011/12,Santa Fe,82,Iriondo,82056,164900,164900,544170,3300
2901,soja 1ra,2011,2011/12,Santa Fe,82,La Capital,82063,39000,39000,105300,2700
2902,soja 1ra,2011,2011/12,Santa Fe,82,Las Colonias,82070,176000,175500,491400,2800
2903,soja 1ra,2011,2011/12,Santa Fe,82,9 de Julio,82077,43000,0,0,0
2904,soja 1ra,2011,2011/12,Santa Fe,82,Rosario,82084,108200,108200,292091,2700
2905,soja 1ra,2011,2011/12,Santa Fe,82,San Cristóbal,82091,71000,69000,131100,1900
2906,soja 1ra,2011,2011/12,Santa Fe,82,San Javier,82098,8500,5100,6120,1200
2907,soja 1ra,2011,2011/12,Santa Fe,82,San Jerónimo,82105,136400,136400,422840,3100
2908,soja 1ra,2011,2011/12,Santa Fe,82,San Justo,82112,115000,114500,217550,1900
2909,soja 1ra,2011,2011/12,Santa Fe,82,San Lorenzo,82119,121500,121500,376427,3098
2910,soja 1ra,2011,2011/12,Santa Fe,82,San Martín,82126,245100,245100,759810,3100
2911,soja 1ra,2011,2011/12,Santa Fe,82,Vera,82133,18000,16000,20800,1300
2912,soja 1ra,2011,2011/12,Santiago del Estero,86,Aguirre,86007,48600,38880,31104,800
2913,soja 1ra,2011,2011/12,Santiago del Estero,86,Alberdi,86014,37200,26040,23436,900
2914,soja 1ra,2011,2011/12,Santiago del Estero,86,Avellaneda,86028,1575,1181,945,800
2915,soja 1ra,2011,2011/12,Santiago del Estero,86,Banda,86035,3100,2170,1736,800
2916,soja 1ra,2011,2011/12,Santiago del Estero,86,Belgrano,86042,110100,77070,69363,900
2917,soja 1ra,2011,2011/12,Santiago del Estero,86,Capital,86049,2075,1453,2324,1599
2918,soja 1ra,2011,2011/12,Santiago del Estero,86,Copo,86056,7150,5005,4505,900
2919,soja 1ra,2011,2011/12,Santiago del Estero,86,Choya,86063,9050,0,0,0
2920,soja 1ra,2011,2011/12,Santiago del Estero,86,Figueroa,86070,625,521,625,1200
2921,soja 1ra,2011,2011/12,Santiago del Estero,86,General Taboada,86077,94900,66430,66430,1000
2922,soja 1ra,2011,2011/12,Santiago del Estero,86,Guasayán,86084,13575,0,0,0
2923,soja 1ra,2011,2011/12,Santiago del Estero,86,Jiménez,86091,72000,70560,84672,1200
2924,soja 1ra,2011,2011/12,Santiago del Estero,86,Juan F. Ibarra,86098,51000,35700,32130,900
2925,soja 1ra,2011,2011/12,Santiago del Estero,86,Loreto,86105,625,625,969,1550
2926,soja 1ra,2011,2011/12,Santiago del Estero,86,Mitre,86112,22400,15680,12544,800
2927,soja 1ra,2011,2011/12,Santiago del Estero,86,Moreno,86119,148250,103775,124530,1200
2928,soja 1ra,2011,2011/12,Santiago del Estero,86,Ojo de Agua,86126,1000,0,0,0
2929,soja 1ra,2011,2011/12,Santiago del Estero,86,Pellegrini,86133,52500,47250,59063,1250
2930,soja 1ra,2011,2011/12,Santiago del Estero,86,Río Hondo,86147,12400,8680,6944,800
2931,soja 1ra,2011,2011/12,Santiago del Estero,86,Rivadavia,86154,35750,35750,53625,1500
2932,soja 1ra,2011,2011/12,Santiago del Estero,86,Robles,86161,150,120,144,1200
2933,soja 1ra,2011,2011/12,Santiago del Estero,86,San Martín,86175,550,550,660,1200
2934,soja 1ra,2011,2011/12,Santiago del Estero,86,Silípica,86189,3575,2860,3432,1200
2935,soja 1ra,2011,2011/12,Tucumán,90,Burruyacú,90007,28540,28230,39522,1400
2936,soja 1ra,2011,2011/12,Tucumán,90,Cruz Alta,90014,13460,13263,21221,1600
2937,soja 1ra,2011,2011/12,Tucumán,90,Chicligasta,90021,2460,2460,5658,2300
2938,soja 1ra,2011,2011/12,Tucumán,90,Famaillá,90028,1205,1205,2772,2300
2939,soja 1ra,2011,2011/12,Tucumán,90,Graneros,90035,9420,9273,13910,1500
2940,soja 1ra,2011,2011/12,Tucumán,90,Juan Bautista Alberdi,90042,2405,2405,4329,1800
2941,soja 1ra,2011,2011/12,Tucumán,90,La Cocha,90049,4620,4531,6796,1500
2942,soja 1ra,2011,2011/12,Tucumán,90,Leales,90056,17525,17298,25946,1500
2943,soja 1ra,2011,2011/12,Tucumán,90,Lules,90063,1186,1186,2965,2500
2944,soja 1ra,2011,2011/12,Tucumán,90,Monteros,90070,900,900,2070,2300
2945,soja 1ra,2011,2011/12,Tucumán,90,Río Chico,90077,2000,2000,4600,2300
2946,soja 1ra,2011,2011/12,Tucumán,90,Capital,90084,14,0,0,0
2947,soja 1ra,2011,2011/12,Tucumán,90,Simoca,90091,1445,1342,1879,1400
2948,soja 1ra,2011,2011/12,Tucumán,90,Tafí Viejo,90105,338,338,776,2296
2949,soja 1ra,2011,2011/12,Tucumán,90,Yerba Buena,90119,40,40,116,2900
2950,soja 1ra,2012,2012/13,Buenos Aires,6,Adolfo Alsina,6007,75000,75000,150000,2000
2951,soja 1ra,2012,2012/13,Buenos Aires,6,Adolfo Gonzales Chaves,6014,81300,81300,146340,1800
2952,soja 1ra,2012,2012/13,Buenos Aires,6,Alberti,6021,26000,25220,88270,3500
2953,soja 1ra,2012,2012/13,Buenos Aires,6,Ayacucho,6042,15600,13600,38080,2800
2954,soja 1ra,2012,2012/13,Buenos Aires,6,Azul,6049,124220,123420,259182,2100
2955,soja 1ra,2012,2012/13,Buenos Aires,6,Balcarce,6063,94900,94300,229480,2434
2956,soja 1ra,2012,2012/13,Buenos Aires,6,Baradero,6070,52950,52950,169440,3200
2957,soja 1ra,2012,2012/13,Buenos Aires,6,Arrecifes,6077,68300,68300,239050,3500
2958,soja 1ra,2012,2012/13,Buenos Aires,6,Benito Juárez,6084,110400,109400,240680,2200
2959,soja 1ra,2012,2012/13,Buenos Aires,6,Bolívar,6105,26000,26000,72800,2800
2960,soja 1ra,2012,2012/13,Buenos Aires,6,Bragado,6112,85000,83400,300240,3600
2961,soja 1ra,2012,2012/13,Buenos Aires,6,Campana,6126,5150,5150,18025,3500
2962,soja 1ra,2012,2012/13,Buenos Aires,6,Cañuelas,6134,15000,15000,45000,3000
2963,soja 1ra,2012,2012/13,Buenos Aires,6,Capitán Sarmiento,6140,34550,34550,124380,3600
2964,soja 1ra,2012,2012/13,Buenos Aires,6,Carlos Casares,6147,83125,78725,251920,3200
2965,soja 1ra,2012,2012/13,Buenos Aires,6,Carlos Tejedor,6154,65900,56600,181120,3200
2966,soja 1ra,2012,2012/13,Buenos Aires,6,Carmen de Areco,6161,34400,34400,130720,3800
2967,soja 1ra,2012,2012/13,Buenos Aires,6,Castelli,6168,8700,8600,24080,2800
2968,soja 1ra,2012,2012/13,Buenos Aires,6,Colón,6175,58200,58200,226980,3900
2969,soja 1ra,2012,2012/13,Buenos Aires,6,Coronel Dorrego,6189,83200,83200,149760,1800
2970,soja 1ra,2012,2012/13,Buenos Aires,6,Coronel Pringles,6196,47100,47100,47100,1000
2971,soja 1ra,2012,2012/13,Buenos Aires,6,Coronel Suárez,6203,147000,147000,323400,2200
2972,soja 1ra,2012,2012/13,Buenos Aires,6,Chacabuco,6210,123500,123500,494000,4000
2973,soja 1ra,2012,2012/13,Buenos Aires,6,Chascomús,6218,25500,25500,73950,2900
2974,soja 1ra,2012,2012/13,Buenos Aires,6,Chivilcoy,6224,70000,67900,230860,3400
2975,soja 1ra,2012,2012/13,Buenos Aires,6,Daireaux,6231,70000,70000,182000,2600
2976,soja 1ra,2012,2012/13,Buenos Aires,6,Dolores,6238,5000,4250,10200,2400
2977,soja 1ra,2012,2012/13,Buenos Aires,6,Exaltación de la Cruz,6266,11350,11350,38590,3400
2978,soja 1ra,2012,2012/13,Buenos Aires,6,Florentino Ameghino,6277,52400,49200,132840,2700
2979,soja 1ra,2012,2012/13,Buenos Aires,6,General Alvarado,6280,30600,30350,78910,2600
2980,soja 1ra,2012,2012/13,Buenos Aires,6,General Alvear,6287,7000,7000,18200,2600
2981,soja 1ra,2012,2012/13,Buenos Aires,6,General Arenales,6294,93000,93000,418500,4500
2982,soja 1ra,2012,2012/13,Buenos Aires,6,General Belgrano,6301,25000,25000,75000,3000
2983,soja 1ra,2012,2012/13,Buenos Aires,6,General Guido,6308,2700,2600,6760,2600
2984,soja 1ra,2012,2012/13,Buenos Aires,6,General Juan Madariaga,6315,16500,15500,42750,2758
2985,soja 1ra,2012,2012/13,Buenos Aires,6,General La Madrid,6322,32000,32000,84000,2625
2986,soja 1ra,2012,2012/13,Buenos Aires,6,General Las Heras,6329,3600,3600,13680,3800
2987,soja 1ra,2012,2012/13,Buenos Aires,6,General Lavalle,6336,1800,1800,5040,2800
2988,soja 1ra,2012,2012/13,Buenos Aires,6,General Pinto,6351,74000,71500,228800,3200
2989,soja 1ra,2012,2012/13,Buenos Aires,6,General Pueyrredón,6357,25100,24900,64740,2600
2990,soja 1ra,2012,2012/13,Buenos Aires,6,General Rodríguez,6364,2000,2000,7600,3800
2991,soja 1ra,2012,2012/13,Buenos Aires,6,General Viamonte,6385,68500,66700,213440,3200
2992,soja 1ra,2012,2012/13,Buenos Aires,6,General Villegas,6392,234000,231100,716410,3100
2993,soja 1ra,2012,2012/13,Buenos Aires,6,Guaminí,6399,86000,86000,266600,3100
2994,soja 1ra,2012,2012/13,Buenos Aires,6,Hipólito Yrigoyen,6406,13000,13000,35100,2700
2995,soja 1ra,2012,2012/13,Buenos Aires,6,Junín,6413,121000,121000,459800,3800
2996,soja 1ra,2012,2012/13,Buenos Aires,6,Laprida,6448,13400,13400,21440,1600
2997,soja 1ra,2012,2012/13,Buenos Aires,6,Las Flores,6455,41000,41000,127100,3100
2998,soja 1ra,2012,2012/13,Buenos Aires,6,Leandro N. Alem,6462,66600,63300,215220,3400
2999,soja 1ra,2012,2012/13,Buenos Aires,6,Lincoln,6469,174000,169700,509100,3000
3000,soja 1ra,2012,2012/13,Buenos Aires,6,Lobería,6476,84000,83000,199200,2400
3001,soja 1ra,2012,2012/13,Buenos Aires,6,Lobos,6483,33000,33000,105600,3200
3002,soja 1ra,2012,2012/13,Buenos Aires,6,Luján,6497,12100,12100,45980,3800
3003,soja 1ra,2012,2012/13,Buenos Aires,6,Maipú,6511,9800,9500,29450,3100
3004,soja 1ra,2012,2012/13,Buenos Aires,6,Mar Chiquita,6518,13000,11850,30810,2600
3005,soja 1ra,2012,2012/13,Buenos Aires,6,Marcos Paz,6525,6200,6200,23560,3800
3006,soja 1ra,2012,2012/13,Buenos Aires,6,Mercedes,6532,16000,15200,45600,3000
3007,soja 1ra,2012,2012/13,Buenos Aires,6,Monte,6547,28000,28000,89600,3200
3008,soja 1ra,2012,2012/13,Buenos Aires,6,Navarro,6574,35000,35000,108500,3100
3009,soja 1ra,2012,2012/13,Buenos Aires,6,Necochea,6581,147200,147200,353280,2400
3010,soja 1ra,2012,2012/13,Buenos Aires,6,9 de Julio,6588,130000,128700,489060,3800
3011,soja 1ra,2012,2012/13,Buenos Aires,6,Olavarría,6595,58400,58400,151840,2600
3012,soja 1ra,2012,2012/13,Buenos Aires,6,Patagones,6602,350,250,450,1800
3013,soja 1ra,2012,2012/13,Buenos Aires,6,Pehuajó,6609,88200,75100,240320,3200
3014,soja 1ra,2012,2012/13,Buenos Aires,6,Pellegrini,6616,35000,35000,87500,2500
3015,soja 1ra,2012,2012/13,Buenos Aires,6,Pergamino,6623,182500,182500,693500,3800
3016,soja 1ra,2012,2012/13,Buenos Aires,6,Pila,6630,8500,8350,21710,2600
3017,soja 1ra,2012,2012/13,Buenos Aires,6,Pilar,6638,1700,1700,6460,3800
3018,soja 1ra,2012,2012/13,Buenos Aires,6,Puán,6651,1050,550,825,1500
3019,soja 1ra,2012,2012/13,Buenos Aires,6,Ramallo,6665,61830,61830,216300,3498
3020,soja 1ra,2012,2012/13,Buenos Aires,6,Rauch,6672,13000,11700,29250,2500
3021,soja 1ra,2012,2012/13,Buenos Aires,6,Rivadavia,6679,155600,142300,469590,3300
3022,soja 1ra,2012,2012/13,Buenos Aires,6,Rojas,6686,100500,100500,402000,4000
3023,soja 1ra,2012,2012/13,Buenos Aires,6,Roque Pérez,6693,40000,40000,120000,3000
3024,soja 1ra,2012,2012/13,Buenos Aires,6,Saavedra,6700,27700,27700,55400,2000
3025,soja 1ra,2012,2012/13,Buenos Aires,6,Saladillo,6707,49000,49000,156800,3200
3026,soja 1ra,2012,2012/13,Buenos Aires,6,Salto,6714,98550,98550,374490,3800
3027,soja 1ra,2012,2012/13,Buenos Aires,6,Salliqueló,6721,25000,25000,65000,2600
3028,soja 1ra,2012,2012/13,Buenos Aires,6,San Andrés de Giles,6728,42000,42000,159600,3800
3029,soja 1ra,2012,2012/13,Buenos Aires,6,San Antonio de Areco,6735,46650,46650,163275,3500
3030,soja 1ra,2012,2012/13,Buenos Aires,6,San Cayetano,6742,83000,83000,166000,2000
3031,soja 1ra,2012,2012/13,Buenos Aires,6,San Nicolás,6763,38600,38600,135100,3500
3032,soja 1ra,2012,2012/13,Buenos Aires,6,San Pedro,6770,54200,54200,189700,3500
3033,soja 1ra,2012,2012/13,Buenos Aires,6,Suipacha,6784,18000,17095,56414,3300
3034,soja 1ra,2012,2012/13,Buenos Aires,6,Tandil,6791,128100,127000,317500,2500
3035,soja 1ra,2012,2012/13,Buenos Aires,6,Tapalqué,6798,250,250,625,2500
3036,soja 1ra,2012,2012/13,Buenos Aires,6,Tordillo,6812,1000,1000,2500,2500
3037,soja 1ra,2012,2012/13,Buenos Aires,6,Tornquist,6819,10565,10065,14459,1437
3038,soja 1ra,2012,2012/13,Buenos Aires,6,Trenque Lauquen,6826,128000,117700,353100,3000
3039,soja 1ra,2012,2012/13,Buenos Aires,6,Tres Arroyos,6833,157400,157400,393500,2500
3040,soja 1ra,2012,2012/13,Buenos Aires,6,Tres Lomas,6847,32000,32000,86400,2700
3041,soja 1ra,2012,2012/13,Buenos Aires,6,25 de Mayo,6854,56000,56000,179200,3200
3042,soja 1ra,2012,2012/13,Buenos Aires,6,Villarino,6875,400,300,540,1800
3043,soja 1ra,2012,2012/13,Buenos Aires,6,Zárate,6882,25100,25100,85340,3400
3044,soja 1ra,2012,2012/13,Catamarca,10,Capayán,10042,300,150,150,1000
3045,soja 1ra,2012,2012/13,Catamarca,10,El Alto,10056,7760,6350,6985,1100
3046,soja 1ra,2012,2012/13,Chaco,22,Almirante Brown,22007,127650,79325,67427,850
3047,soja 1ra,2012,2012/13,Chaco,22,Bermejo,22014,1015,1015,1929,1900
3048,soja 1ra,2012,2012/13,Chaco,22,Comandante Fernández,22021,32005,22592,19203,850
3049,soja 1ra,2012,2012/13,Chaco,22,Chacabuco,22028,44580,42537,72312,1700
3050,soja 1ra,2012,2012/13,Chaco,22,12 de Octubre,22036,53010,47895,67053,1400
3051,soja 1ra,2012,2012/13,Chaco,22,2 de Abril,22039,27785,20062,24074,1200
3052,soja 1ra,2012,2012/13,Chaco,22,Fray Justo Santa María de Oro,22043,8550,7895,11843,1500
3053,soja 1ra,2012,2012/13,Chaco,22,General Belgrano,22049,29960,25421,36860,1450
3054,soja 1ra,2012,2012/13,Chaco,22,General Donovan,22056,450,400,320,800
3055,soja 1ra,2012,2012/13,Chaco,22,General Güemes,22063,13945,11118,7783,700
3056,soja 1ra,2012,2012/13,Chaco,22,Independencia,22070,38245,26119,33954,1300
3057,soja 1ra,2012,2012/13,Chaco,22,Libertad,22077,450,450,765,1700
3058,soja 1ra,2012,2012/13,Chaco,22,Libertador General San Martín,22084,2450,1605,2087,1300
3059,soja 1ra,2012,2012/13,Chaco,22,Maipú,22091,17635,3180,2067,650
3060,soja 1ra,2012,2012/13,Chaco,22,Mayor Luis J. Fontana,22098,14975,14075,22520,1600
3061,soja 1ra,2012,2012/13,Chaco,22,9 de Julio,22105,43490,40663,65061,1600
3062,soja 1ra,2012,2012/13,Chaco,22,O'Higgins,22112,38290,37333,61599,1650
3063,soja 1ra,2012,2012/13,Chaco,22,Quitilipi,22133,3590,2352,4469,1900
3064,soja 1ra,2012,2012/13,Chaco,22,San Fernando,22140,1820,1820,2002,1100
3065,soja 1ra,2012,2012/13,Chaco,22,San Lorenzo,22147,1243,1159,2085,1799
3066,soja 1ra,2012,2012/13,Chaco,22,Sargento Cabral,22154,900,900,1620,1800
3067,soja 1ra,2012,2012/13,Chaco,22,25 de Mayo,22168,450,250,375,1500
3068,soja 1ra,2012,2012/13,Córdoba,14,Calamuchita,14007,89700,89700,179400,2000
3069,soja 1ra,2012,2012/13,Córdoba,14,Capital,14014,4200,4200,9240,2200
3070,soja 1ra,2012,2012/13,Córdoba,14,Colón,14021,115000,114000,301840,2648
3071,soja 1ra,2012,2012/13,Córdoba,14,General Roca,14035,470700,455700,1048110,2300
3072,soja 1ra,2012,2012/13,Córdoba,14,General San Martín,14042,185850,185850,408870,2200
3073,soja 1ra,2012,2012/13,Córdoba,14,Ischilín,14049,28000,28000,25200,900
3074,soja 1ra,2012,2012/13,Córdoba,14,Juárez Celman,14056,268800,268800,672000,2500
3075,soja 1ra,2012,2012/13,Córdoba,14,Marcos Juárez,14063,544800,511280,2096248,4100
3076,soja 1ra,2012,2012/13,Córdoba,14,Pocho,14077,800,800,1660,2075
3077,soja 1ra,2012,2012/13,Córdoba,14,Presidente Roque Sáenz Peña,14084,256100,251100,627750,2500
3078,soja 1ra,2012,2012/13,Córdoba,14,Río Cuarto,14098,777300,777300,1710060,2200
3079,soja 1ra,2012,2012/13,Córdoba,14,Río Primero,14105,278900,278900,502020,1800
3080,soja 1ra,2012,2012/13,Córdoba,14,Río Seco,14112,45000,45000,63000,1400
3081,soja 1ra,2012,2012/13,Córdoba,14,Río Segundo,14119,264900,264900,529800,2000
3082,soja 1ra,2012,2012/13,Córdoba,14,San Alberto,14126,900,900,1660,1844
3083,soja 1ra,2012,2012/13,Córdoba,14,San Javier,14133,5000,5000,15000,3000
3084,soja 1ra,2012,2012/13,Córdoba,14,San Justo,14140,328000,327700,852030,2600
3085,soja 1ra,2012,2012/13,Córdoba,14,Santa María,14147,117200,117200,257840,2200
3086,soja 1ra,2012,2012/13,Córdoba,14,Sobremonte,14154,13500,13500,13500,1000
3087,soja 1ra,2012,2012/13,Córdoba,14,Tercero Arriba,14161,299200,298700,687010,2300
3088,soja 1ra,2012,2012/13,Córdoba,14,Totoral,14168,135000,133000,199500,1500
3089,soja 1ra,2012,2012/13,Córdoba,14,Tulumba,14175,85000,80000,80000,1000
3090,soja 1ra,2012,2012/13,Córdoba,14,Unión,14182,526012,500612,1902326,3800
3091,soja 1ra,2012,2012/13,Corrientes,18,otros departamentos,,15000,15000,18000,1200
3092,soja 1ra,2012,2012/13,Entre Ríos,30,Colón,30008,29000,29000,69600,2400
3093,soja 1ra,2012,2012/13,Entre Ríos,30,Concordia,30015,32000,32000,83200,2600
3094,soja 1ra,2012,2012/13,Entre Ríos,30,Diamante,30021,50000,50000,150000,3000
3095,soja 1ra,2012,2012/13,Entre Ríos,30,Federación,30028,16000,16000,38400,2400
3096,soja 1ra,2012,2012/13,Entre Ríos,30,Federal,30035,36000,36000,90000,2500
3097,soja 1ra,2012,2012/13,Entre Ríos,30,Feliciano,30042,14000,14000,35000,2500
3098,soja 1ra,2012,2012/13,Entre Ríos,30,Gualeguay,30049,95000,95000,256500,2700
3099,soja 1ra,2012,2012/13,Entre Ríos,30,Gualeguaychú,30056,145000,145000,362500,2500
3100,soja 1ra,2012,2012/13,Entre Ríos,30,La Paz,30070,108000,108000,302400,2800
3101,soja 1ra,2012,2012/13,Entre Ríos,30,Nogoyá,30077,105000,104650,230230,2200
3102,soja 1ra,2012,2012/13,Entre Ríos,30,Paraná,30084,140000,140000,420000,3000
3103,soja 1ra,2012,2012/13,Entre Ríos,30,San Salvador,30088,21000,20550,43155,2100
3104,soja 1ra,2012,2012/13,Entre Ríos,30,Tala,30091,55000,55000,121000,2200
3105,soja 1ra,2012,2012/13,Entre Ríos,30,Uruguay,30098,123000,123000,319800,2600
3106,soja 1ra,2012,2012/13,Entre Ríos,30,Victoria,30105,77000,77000,207900,2700
3107,soja 1ra,2012,2012/13,Entre Ríos,30,Villaguay,30113,120000,120000,240000,2000
3108,soja 1ra,2012,2012/13,Formosa,34,otros departamentos,,9050,9050,10860,1200
3109,soja 1ra,2012,2012/13,Jujuy,38,El Carmen,38014,530,530,848,1600
3110,soja 1ra,2012,2012/13,Jujuy,38,Ledesma,38035,260,260,416,1600
3111,soja 1ra,2012,2012/13,Jujuy,38,Palpalá,38042,250,164,230,1402
3112,soja 1ra,2012,2012/13,Jujuy,38,San Antonio,38056,2155,1995,2793,1400
3113,soja 1ra,2012,2012/13,Jujuy,38,Santa Bárbara,38070,3220,1770,2832,1600
3114,soja 1ra,2012,2012/13,La Pampa,42,Atreucó,42007,8000,8000,13600,1700
3115,soja 1ra,2012,2012/13,La Pampa,42,Capital,42021,5000,5000,8500,1700
3116,soja 1ra,2012,2012/13,La Pampa,42,Catriló,42028,12000,12000,25200,2100
3117,soja 1ra,2012,2012/13,La Pampa,42,Conhelo,42035,46900,46000,46000,1000
3118,soja 1ra,2012,2012/13,La Pampa,42,Chapaleufú,42056,91200,88500,265500,3000
3119,soja 1ra,2012,2012/13,La Pampa,42,Guatraché,42070,1000,1000,1500,1500
3120,soja 1ra,2012,2012/13,La Pampa,42,Maracó,42105,56600,53800,134500,2500
3121,soja 1ra,2012,2012/13,La Pampa,42,Quemú Quemú,42119,43700,41500,83000,2000
3122,soja 1ra,2012,2012/13,La Pampa,42,Rancul,42126,56400,55300,66360,1200
3123,soja 1ra,2012,2012/13,La Pampa,42,Realicó,42133,59900,58700,82180,1400
3124,soja 1ra,2012,2012/13,La Pampa,42,Toay,42140,500,500,800,1600
3125,soja 1ra,2012,2012/13,La Pampa,42,Trenel,42147,23900,23200,27840,1200
3126,soja 1ra,2012,2012/13,La Pampa,42,Utracán,42154,500,500,750,1500
3127,soja 1ra,2012,2012/13,Misiones,54,Cainguás,54014,30,30,75,2500
3128,soja 1ra,2012,2012/13,Misiones,54,General Manuel Belgrano,54049,140,140,371,2650
3129,soja 1ra,2012,2012/13,Misiones,54,Guaraní,54056,450,450,1170,2600
3130,soja 1ra,2012,2012/13,Misiones,54,Leandro N. Alem,54070,5,5,12,2400
3131,soja 1ra,2012,2012/13,Misiones,54,Oberá,54091,5,5,12,2400
3132,soja 1ra,2012,2012/13,Misiones,54,San Javier,54105,5,5,12,2400
3133,soja 1ra,2012,2012/13,Misiones,54,San Pedro,54112,60,60,150,2500
3134,soja 1ra,2012,2012/13,Misiones,54,25 de Mayo,54119,400,400,1040,2600
3135,soja 1ra,2012,2012/13,Salta,66,Anta,66007,196072,83384,66707,800
3136,soja 1ra,2012,2012/13,Salta,66,Capital,66028,2734,2734,4921,1800
3137,soja 1ra,2012,2012/13,Salta,66,Cerrillos,66035,335,335,603,1800
3138,soja 1ra,2012,2012/13,Salta,66,Chicoana,66042,105,105,168,1600
3139,soja 1ra,2012,2012/13,Salta,66,General Güemes,66049,2533,2066,2892,1400
3140,soja 1ra,2012,2012/13,Salta,66,General José de San Martín,66056,103143,81322,65058,800
3141,soja 1ra,2012,2012/13,Salta,66,Guachipas,66063,25,25,40,1600
3142,soja 1ra,2012,2012/13,Salta,66,La Candelaria,66084,1468,978,783,801
3143,soja 1ra,2012,2012/13,Salta,66,La Viña,66098,60,60,96,1600
3144,soja 1ra,2012,2012/13,Salta,66,Metán,66112,44406,30196,27176,900
3145,soja 1ra,2012,2012/13,Salta,66,Orán,66126,11043,6984,5587,800
3146,soja 1ra,2012,2012/13,Salta,66,Rivadavia,66133,1325,1219,975,800
3147,soja 1ra,2012,2012/13,Salta,66,Rosario de la Frontera,66140,41493,33367,30030,900
3148,soja 1ra,2012,2012/13,Salta,66,Rosario de Lerma,66147,140,140,252,1800
3149,soja 1ra,2012,2012/13,San Luis,74,Ayacucho,74007,3600,3600,10800,3000
3150,soja 1ra,2012,2012/13,San Luis,74,Coronel Pringles,74021,43200,41900,92180,2200
3151,soja 1ra,2012,2012/13,San Luis,74,Chacabuco,74028,32400,32400,48600,1500
3152,soja 1ra,2012,2012/13,San Luis,74,General Pedernera,74035,251400,249000,423300,1700
3153,soja 1ra,2012,2012/13,San Luis,74,Gobernador Dupuy,74042,32600,32600,35860,1100
3154,soja 1ra,2012,2012/13,San Luis,74,Junín,74049,1560,1560,4212,2700
3155,soja 1ra,2012,2012/13,San Luis,74,Juan Martín de Pueyrredón,74056,26400,25400,50800,2000
3156,soja 1ra,2012,2012/13,San Luis,74,Libertador General San Martín,74063,1800,1800,3240,1800
3157,soja 1ra,2012,2012/13,Santa Fe,82,Belgrano,82007,144000,144000,518400,3600
3158,soja 1ra,2012,2012/13,Santa Fe,82,Caseros,82014,227500,227500,864500,3800
3159,soja 1ra,2012,2012/13,Santa Fe,82,Castellanos,82021,227000,227000,726400,3200
3160,soja 1ra,2012,2012/13,Santa Fe,82,Constitución,82028,172600,172600,655880,3800
3161,soja 1ra,2012,2012/13,Santa Fe,82,Garay,82035,5000,5000,13525,2705
3162,soja 1ra,2012,2012/13,Santa Fe,82,General López,82042,510100,506600,1975740,3900
3163,soja 1ra,2012,2012/13,Santa Fe,82,General Obligado,82049,49500,49500,118800,2400
3164,soja 1ra,2012,2012/13,Santa Fe,82,Iriondo,82056,170000,170000,629000,3700
3165,soja 1ra,2012,2012/13,Santa Fe,82,La Capital,82063,42500,42500,119000,2800
3166,soja 1ra,2012,2012/13,Santa Fe,82,Las Colonias,82070,185000,185000,592000,3200
3167,soja 1ra,2012,2012/13,Santa Fe,82,9 de Julio,82077,43000,43000,77400,1800
3168,soja 1ra,2012,2012/13,Santa Fe,82,Rosario,82084,33100,35100,254580,7253
3169,soja 1ra,2012,2012/13,Santa Fe,82,San Cristóbal,82091,75000,75000,195000,2600
3170,soja 1ra,2012,2012/13,Santa Fe,82,San Javier,82098,9000,9000,21600,2400
3171,soja 1ra,2012,2012/13,Santa Fe,82,San Jerónimo,82105,152500,152500,549000,3600
3172,soja 1ra,2012,2012/13,Santa Fe,82,San Justo,82112,117970,117970,359111,3044
3173,soja 1ra,2012,2012/13,Santa Fe,82,San Lorenzo,82119,118500,118500,450300,3800
3174,soja 1ra,2012,2012/13,Santa Fe,82,San Martín,82126,229800,229800,804300,3500
3175,soja 1ra,2012,2012/13,Santa Fe,82,Vera,82133,22000,22000,52800,2400
3176,soja 1ra,2012,2012/13,Santiago del Estero,86,Aguirre,86007,50460,50460,60552,1200
3177,soja 1ra,2012,2012/13,Santiago del Estero,86,Alberdi,86014,110860,110860,155204,1400
3178,soja 1ra,2012,2012/13,Santiago del Estero,86,Avellaneda,86028,1063,992,1686,1700
3179,soja 1ra,2012,2012/13,Santiago del Estero,86,Banda,86035,150,150,150,1000
3180,soja 1ra,2012,2012/13,Santiago del Estero,86,Belgrano,86042,83075,80266,152505,1900
3181,soja 1ra,2012,2012/13,Santiago del Estero,86,Capital,86049,1100,1100,1100,1000
3182,soja 1ra,2012,2012/13,Santiago del Estero,86,Copo,86056,8175,7877,10240,1300
3183,soja 1ra,2012,2012/13,Santiago del Estero,86,Choya,86063,3000,0,0,0
3184,soja 1ra,2012,2012/13,Santiago del Estero,86,Figueroa,86070,600,600,480,800
3185,soja 1ra,2012,2012/13,Santiago del Estero,86,General Taboada,86077,171265,168403,303126,1800
3186,soja 1ra,2012,2012/13,Santiago del Estero,86,Guasayán,86084,5000,3000,1500,500
3187,soja 1ra,2012,2012/13,Santiago del Estero,86,Jiménez,86091,76400,76400,76400,1000
3188,soja 1ra,2012,2012/13,Santiago del Estero,86,Juan F. Ibarra,86098,61375,61375,104338,1700
3189,soja 1ra,2012,2012/13,Santiago del Estero,86,Loreto,86105,100,100,80,800
3190,soja 1ra,2012,2012/13,Santiago del Estero,86,Mitre,86112,14775,14775,14775,1000
3191,soja 1ra,2012,2012/13,Santiago del Estero,86,Moreno,86119,293275,293275,498568,1700
3192,soja 1ra,2012,2012/13,Santiago del Estero,86,Ojo de Agua,86126,1000,0,0,0
3193,soja 1ra,2012,2012/13,Santiago del Estero,86,Pellegrini,86133,23925,23925,28710,1200
3194,soja 1ra,2012,2012/13,Santiago del Estero,86,Río Hondo,86147,5250,5250,5250,1000
3195,soja 1ra,2012,2012/13,Santiago del Estero,86,Rivadavia,86154,31475,29901,56812,1900
3196,soja 1ra,2012,2012/13,Santiago del Estero,86,Robles,86161,1680,1680,1680,1000
3197,soja 1ra,2012,2012/13,Santiago del Estero,86,San Martín,86175,788,788,630,799
3198,soja 1ra,2012,2012/13,Santiago del Estero,86,Silípica,86189,1575,1575,1575,1000
3199,soja 1ra,2012,2012/13,Tucumán,90,Burruyacú,90007,41925,40803,57125,1400
3200,soja 1ra,2012,2012/13,Tucumán,90,Cruz Alta,90014,15500,14854,22281,1500
3201,soja 1ra,2012,2012/13,Tucumán,90,Chicligasta,90021,1200,1200,2640,2200
3202,soja 1ra,2012,2012/13,Tucumán,90,Famaillá,90028,605,605,1271,2101
3203,soja 1ra,2012,2012/13,Tucumán,90,Graneros,90035,20950,20216,22238,1100
3204,soja 1ra,2012,2012/13,Tucumán,90,Juan Bautista Alberdi,90042,1705,1705,2899,1700
3205,soja 1ra,2012,2012/13,Tucumán,90,La Cocha,90049,9355,8842,11494,1300
3206,soja 1ra,2012,2012/13,Tucumán,90,Leales,90056,16150,15651,25042,1600
3207,soja 1ra,2012,2012/13,Tucumán,90,Lules,90063,605,605,1392,2301
3208,soja 1ra,2012,2012/13,Tucumán,90,Monteros,90070,550,550,1265,2300
3209,soja 1ra,2012,2012/13,Tucumán,90,Río Chico,90077,900,900,2070,2300
3210,soja 1ra,2012,2012/13,Tucumán,90,Simoca,90091,1570,1456,2476,1701
3211,soja 1ra,2012,2012/13,Tucumán,90,Tafí Viejo,90105,262,262,576,2198
3212,soja 1ra,2012,2012/13,Tucumán,90,Yerba Buena,90119,50,50,140,2800
3213,soja 1ra,2013,2013/14,Buenos Aires,6,Adolfo Alsina,6007,75000,75000,75000,1000
3214,soja 1ra,2013,2013/14,Buenos Aires,6,Adolfo Gonzales Chaves,6014,83800,75400,113100,1500
3215,soja 1ra,2013,2013/14,Buenos Aires,6,Alberti,6021,40800,39750,135800,3416
3216,soja 1ra,2013,2013/14,Buenos Aires,6,Ayacucho,6042,27280,24720,74160,3000
3217,soja 1ra,2013,2013/14,Buenos Aires,6,Azul,6049,68800,67800,135600,2000
3218,soja 1ra,2013,2013/14,Buenos Aires,6,Balcarce,6063,80000,78800,165480,2100
3219,soja 1ra,2013,2013/14,Buenos Aires,6,Baradero,6070,52400,52400,188640,3600
3220,soja 1ra,2013,2013/14,Buenos Aires,6,Arrecifes,6077,67650,67650,250305,3700
3221,soja 1ra,2013,2013/14,Buenos Aires,6,Benito Juárez,6084,95700,94700,155000,1637
3222,soja 1ra,2013,2013/14,Buenos Aires,6,Bolívar,6105,100000,100000,250000,2500
3223,soja 1ra,2013,2013/14,Buenos Aires,6,Bragado,6112,108000,105840,391608,3700
3224,soja 1ra,2013,2013/14,Buenos Aires,6,Brandsen,6119,3114,2613,6671,2553
3225,soja 1ra,2013,2013/14,Buenos Aires,6,Campana,6126,5150,5150,18025,3500
3226,soja 1ra,2013,2013/14,Buenos Aires,6,Cañuelas,6134,16000,16000,48000,3000
3227,soja 1ra,2013,2013/14,Buenos Aires,6,Capitán Sarmiento,6140,33700,33700,128060,3800
3228,soja 1ra,2013,2013/14,Buenos Aires,6,Carlos Casares,6147,81300,79100,205660,2600
3229,soja 1ra,2013,2013/14,Buenos Aires,6,Carlos Tejedor,6154,82583,79683,183271,2300
3230,soja 1ra,2013,2013/14,Buenos Aires,6,Carmen de Areco,6161,35500,34500,151800,4400
3231,soja 1ra,2013,2013/14,Buenos Aires,6,Castelli,6168,8600,8320,23296,2800
3232,soja 1ra,2013,2013/14,Buenos Aires,6,Colón,6175,56950,56950,227800,4000
3233,soja 1ra,2013,2013/14,Buenos Aires,6,Coronel Dorrego,6189,57600,51800,72520,1400
3234,soja 1ra,2013,2013/14,Buenos Aires,6,Coronel Pringles,6196,40900,35930,50302,1400
3235,soja 1ra,2013,2013/14,Buenos Aires,6,Coronel Suárez,6203,110000,110000,154000,1400
3236,soja 1ra,2013,2013/14,Buenos Aires,6,Chacabuco,6210,125000,123000,553500,4500
3237,soja 1ra,2013,2013/14,Buenos Aires,6,Chascomús,6218,28000,28000,86800,3100
3238,soja 1ra,2013,2013/14,Buenos Aires,6,Chivilcoy,6224,78000,77220,308880,4000
3239,soja 1ra,2013,2013/14,Buenos Aires,6,Daireaux,6231,80000,80000,200000,2500
3240,soja 1ra,2013,2013/14,Buenos Aires,6,Dolores,6238,3500,3380,8788,2600
3241,soja 1ra,2013,2013/14,Buenos Aires,6,Exaltación de la Cruz,6266,11250,11250,39375,3500
3242,soja 1ra,2013,2013/14,Buenos Aires,6,Florentino Ameghino,6277,52400,47600,138040,2900
3243,soja 1ra,2013,2013/14,Buenos Aires,6,General Alvarado,6280,32500,32000,67200,2100
3244,soja 1ra,2013,2013/14,Buenos Aires,6,General Alvear,6287,30000,30000,75000,2500
3245,soja 1ra,2013,2013/14,Buenos Aires,6,General Arenales,6294,95000,94000,423000,4500
3246,soja 1ra,2013,2013/14,Buenos Aires,6,General Belgrano,6301,19000,13300,34580,2600
3247,soja 1ra,2013,2013/14,Buenos Aires,6,General Guido,6308,2800,2800,7280,2600
3248,soja 1ra,2013,2013/14,Buenos Aires,6,General Juan Madariaga,6315,14000,13550,44715,3300
3249,soja 1ra,2013,2013/14,Buenos Aires,6,General La Madrid,6322,40000,40000,68000,1700
3250,soja 1ra,2013,2013/14,Buenos Aires,6,General Las Heras,6329,3700,3700,11840,3200
3251,soja 1ra,2013,2013/14,Buenos Aires,6,General Lavalle,6336,1600,1600,4480,2800
3252,soja 1ra,2013,2013/14,Buenos Aires,6,General Paz,6343,3200,2950,7785,2639
3253,soja 1ra,2013,2013/14,Buenos Aires,6,General Pinto,6351,79000,70500,236150,3350
3254,soja 1ra,2013,2013/14,Buenos Aires,6,General Pueyrredón,6357,16700,16450,34545,2100
3255,soja 1ra,2013,2013/14,Buenos Aires,6,General Rodríguez,6364,2200,2200,7480,3400
3256,soja 1ra,2013,2013/14,Buenos Aires,6,General Viamonte,6385,68500,62000,229400,3700
3257,soja 1ra,2013,2013/14,Buenos Aires,6,General Villegas,6392,241000,228000,615600,2700
3258,soja 1ra,2013,2013/14,Buenos Aires,6,Guaminí,6399,82000,82000,164000,2000
3259,soja 1ra,2013,2013/14,Buenos Aires,6,Hipólito Yrigoyen,6406,50000,50000,125000,2500
3260,soja 1ra,2013,2013/14,Buenos Aires,6,Junín,6413,123000,121000,508200,4200
3261,soja 1ra,2013,2013/14,Buenos Aires,6,Laprida,6448,9400,8500,11900,1400
3262,soja 1ra,2013,2013/14,Buenos Aires,6,Las Flores,6455,47200,42700,115290,2700
3263,soja 1ra,2013,2013/14,Buenos Aires,6,Leandro N. Alem,6462,73286,67486,250698,3715
3264,soja 1ra,2013,2013/14,Buenos Aires,6,Lincoln,6469,174000,164000,524800,3200
3265,soja 1ra,2013,2013/14,Buenos Aires,6,Lobería,6476,105000,103500,207000,2000
3266,soja 1ra,2013,2013/14,Buenos Aires,6,Lobos,6483,41000,37500,101250,2700
3267,soja 1ra,2013,2013/14,Buenos Aires,6,Luján,6497,12500,12000,38400,3200
3268,soja 1ra,2013,2013/14,Buenos Aires,6,Magdalena,6505,5300,4500,11080,2462
3269,soja 1ra,2013,2013/14,Buenos Aires,6,Maipú,6511,10200,9950,31840,3200
3270,soja 1ra,2013,2013/14,Buenos Aires,6,Mar Chiquita,6518,13500,13200,36960,2800
3271,soja 1ra,2013,2013/14,Buenos Aires,6,Marcos Paz,6525,6400,6100,19520,3200
3272,soja 1ra,2013,2013/14,Buenos Aires,6,Mercedes,6532,18000,17100,42750,2500
3273,soja 1ra,2013,2013/14,Buenos Aires,6,Monte,6547,35000,32100,89880,2800
3274,soja 1ra,2013,2013/14,Buenos Aires,6,Navarro,6574,42000,38300,103410,2700
3275,soja 1ra,2013,2013/14,Buenos Aires,6,Necochea,6581,129000,116000,266800,2300
3276,soja 1ra,2013,2013/14,Buenos Aires,6,9 de Julio,6588,170000,168300,673200,4000
3277,soja 1ra,2013,2013/14,Buenos Aires,6,Olavarría,6595,45000,45000,112500,2500
3278,soja 1ra,2013,2013/14,Buenos Aires,6,Patagones,6602,150,150,270,1800
3279,soja 1ra,2013,2013/14,Buenos Aires,6,Pehuajó,6609,148613,145413,348991,2400
3280,soja 1ra,2013,2013/14,Buenos Aires,6,Pellegrini,6616,33000,33000,69300,2100
3281,soja 1ra,2013,2013/14,Buenos Aires,6,Pergamino,6623,180950,180950,741895,4100
3282,soja 1ra,2013,2013/14,Buenos Aires,6,Pila,6630,9000,9000,24300,2700
3283,soja 1ra,2013,2013/14,Buenos Aires,6,Pilar,6638,1800,1550,5270,3400
3284,soja 1ra,2013,2013/14,Buenos Aires,6,Puán,6651,1000,1000,800,800
3285,soja 1ra,2013,2013/14,Buenos Aires,6,Punta Indio,6655,1700,1350,2735,2026
3286,soja 1ra,2013,2013/14,Buenos Aires,6,Ramallo,6665,61850,61850,228691,3698
3287,soja 1ra,2013,2013/14,Buenos Aires,6,Rauch,6672,15000,14720,42688,2900
3288,soja 1ra,2013,2013/14,Buenos Aires,6,Rivadavia,6679,175232,171732,515196,3000
3289,soja 1ra,2013,2013/14,Buenos Aires,6,Rojas,6686,111900,110900,487960,4400
3290,soja 1ra,2013,2013/14,Buenos Aires,6,Roque Pérez,6693,43000,36500,98550,2700
3291,soja 1ra,2013,2013/14,Buenos Aires,6,Saavedra,6700,25000,25000,30000,1200
3292,soja 1ra,2013,2013/14,Buenos Aires,6,Saladillo,6707,60000,55000,154000,2800
3293,soja 1ra,2013,2013/14,Buenos Aires,6,Salto,6714,97200,97200,408240,4200
3294,soja 1ra,2013,2013/14,Buenos Aires,6,Salliqueló,6721,21000,21000,37800,1800
3295,soja 1ra,2013,2013/14,Buenos Aires,6,San Andrés de Giles,6728,43000,42000,189000,4500
3296,soja 1ra,2013,2013/14,Buenos Aires,6,San Antonio de Areco,6735,46100,46100,165960,3600
3297,soja 1ra,2013,2013/14,Buenos Aires,6,San Cayetano,6742,71900,64700,109990,1700
3298,soja 1ra,2013,2013/14,Buenos Aires,6,San Nicolás,6763,37800,37800,143640,3800
3299,soja 1ra,2013,2013/14,Buenos Aires,6,San Pedro,6770,53600,53600,198320,3700
3300,soja 1ra,2013,2013/14,Buenos Aires,6,San Vicente,6778,1305,1140,3245,2846
3301,soja 1ra,2013,2013/14,Buenos Aires,6,Suipacha,6784,20000,19600,49000,2500
3302,soja 1ra,2013,2013/14,Buenos Aires,6,Tandil,6791,98500,97100,203910,2100
3303,soja 1ra,2013,2013/14,Buenos Aires,6,Tapalqué,6798,300,300,750,2500
3304,soja 1ra,2013,2013/14,Buenos Aires,6,Tordillo,6812,1500,1500,3600,2400
3305,soja 1ra,2013,2013/14,Buenos Aires,6,Tornquist,6819,9000,6000,6000,1000
3306,soja 1ra,2013,2013/14,Buenos Aires,6,Trenque Lauquen,6826,161050,156750,360525,2300
3307,soja 1ra,2013,2013/14,Buenos Aires,6,Tres Arroyos,6833,160300,146300,263340,1800
3308,soja 1ra,2013,2013/14,Buenos Aires,6,Tres Lomas,6847,32000,32000,67200,2100
3309,soja 1ra,2013,2013/14,Buenos Aires,6,25 de Mayo,6854,79900,72400,202720,2800
3310,soja 1ra,2013,2013/14,Buenos Aires,6,Villarino,6875,200,200,360,1800
3311,soja 1ra,2013,2013/14,Buenos Aires,6,Zárate,6882,25000,25000,90000,3600
3312,soja 1ra,2013,2013/14,Catamarca,10,Capayán,10042,200,130,195,1500
3313,soja 1ra,2013,2013/14,Catamarca,10,El Alto,10056,3200,2750,4950,1800
3314,soja 1ra,2013,2013/14,Catamarca,10,Santa Rosa,10098,10000,9740,18506,1900
3315,soja 1ra,2013,2013/14,Chaco,22,Almirante Brown,22007,126200,121055,278426,2300
3316,soja 1ra,2013,2013/14,Chaco,22,Bermejo,22014,1300,1250,2750,2200
3317,soja 1ra,2013,2013/14,Chaco,22,Comandante Fernández,22021,30575,29524,66429,2250
3318,soja 1ra,2013,2013/14,Chaco,22,Chacabuco,22028,56350,55724,150455,2700
3319,soja 1ra,2013,2013/14,Chaco,22,12 de Octubre,22036,64015,64015,153636,2400
3320,soja 1ra,2013,2013/14,Chaco,22,2 de Abril,22039,36970,36340,87216,2400
3321,soja 1ra,2013,2013/14,Chaco,22,Fray Justo Santa María de Oro,22043,8675,8205,17231,2100
3322,soja 1ra,2013,2013/14,Chaco,22,General Belgrano,22049,41390,41390,99336,2400
3323,soja 1ra,2013,2013/14,Chaco,22,General Güemes,22063,6075,5832,12247,2100
3324,soja 1ra,2013,2013/14,Chaco,22,Independencia,22070,46110,44780,102994,2300
3325,soja 1ra,2013,2013/14,Chaco,22,Libertador General San Martín,22084,3215,3105,6520,2100
3326,soja 1ra,2013,2013/14,Chaco,22,Maipú,22091,20720,20089,42188,2100
3327,soja 1ra,2013,2013/14,Chaco,22,Mayor Luis J. Fontana,22098,11015,10354,24850,2400
3328,soja 1ra,2013,2013/14,Chaco,22,9 de Julio,22105,44110,42787,119803,2800
3329,soja 1ra,2013,2013/14,Chaco,22,O'Higgins,22112,15850,15379,38449,2500
3330,soja 1ra,2013,2013/14,Chaco,22,Quitilipi,22133,4310,4195,5873,1400
3331,soja 1ra,2013,2013/14,Chaco,22,San Fernando,22140,850,793,1507,1900
3332,soja 1ra,2013,2013/14,Chaco,22,San Lorenzo,22147,645,624,1746,2798
3333,soja 1ra,2013,2013/14,Chaco,22,Sargento Cabral,22154,1086,1050,2939,2799
3334,soja 1ra,2013,2013/14,Córdoba,14,Calamuchita,14007,65000,65000,169000,2600
3335,soja 1ra,2013,2013/14,Córdoba,14,Capital,14014,4100,4100,14350,3500
3336,soja 1ra,2013,2013/14,Córdoba,14,Colón,14021,117000,117000,374400,3200
3337,soja 1ra,2013,2013/14,Córdoba,14,General Roca,14035,375000,371500,1040200,2800
3338,soja 1ra,2013,2013/14,Córdoba,14,General San Martín,14042,110000,109600,372640,3400
3339,soja 1ra,2013,2013/14,Córdoba,14,Ischilín,14049,30000,30000,90000,3000
3340,soja 1ra,2013,2013/14,Córdoba,14,Juárez Celman,14056,268800,268800,645120,2400
3341,soja 1ra,2013,2013/14,Córdoba,14,Marcos Juárez,14063,553100,536100,1876350,3500
3342,soja 1ra,2013,2013/14,Córdoba,14,Pocho,14077,800,800,2000,2500
3343,soja 1ra,2013,2013/14,Córdoba,14,Presidente Roque Sáenz Peña,14084,283000,281500,872650,3100
3344,soja 1ra,2013,2013/14,Córdoba,14,Río Cuarto,14098,777300,777300,2020980,2600
3345,soja 1ra,2013,2013/14,Córdoba,14,Río Primero,14105,225000,225000,652500,2900
3346,soja 1ra,2013,2013/14,Córdoba,14,Río Seco,14112,50000,50000,150000,3000
3347,soja 1ra,2013,2013/14,Córdoba,14,Río Segundo,14119,197600,197150,670310,3400
3348,soja 1ra,2013,2013/14,Córdoba,14,San Alberto,14126,900,900,2160,2400
3349,soja 1ra,2013,2013/14,Córdoba,14,San Javier,14133,5000,5000,15000,3000
3350,soja 1ra,2013,2013/14,Córdoba,14,San Justo,14140,313000,293000,937600,3200
3351,soja 1ra,2013,2013/14,Córdoba,14,Santa María,14147,117000,117000,280800,2400
3352,soja 1ra,2013,2013/14,Córdoba,14,Sobremonte,14154,6500,6500,16250,2500
3353,soja 1ra,2013,2013/14,Córdoba,14,Tercero Arriba,14161,265000,258500,801350,3100
3354,soja 1ra,2013,2013/14,Córdoba,14,Totoral,14168,77000,77000,231000,3000
3355,soja 1ra,2013,2013/14,Córdoba,14,Tulumba,14175,61000,61000,152500,2500
3356,soja 1ra,2013,2013/14,Córdoba,14,Unión,14182,529800,507700,1726180,3400
3357,soja 1ra,2013,2013/14,Corrientes,18,otros departamentos,,25000,25000,50000,2000
3358,soja 1ra,2013,2013/14,Entre Ríos,30,Colón,30008,38000,37950,89385,2355
3359,soja 1ra,2013,2013/14,Entre Ríos,30,Concordia,30015,31000,31000,74400,2400
3360,soja 1ra,2013,2013/14,Entre Ríos,30,Diamante,30021,30400,30400,103360,3400
3361,soja 1ra,2013,2013/14,Entre Ríos,30,Federación,30028,15000,15000,36000,2400
3362,soja 1ra,2013,2013/14,Entre Ríos,30,Federal,30035,37000,37000,96200,2600
3363,soja 1ra,2013,2013/14,Entre Ríos,30,Feliciano,30042,15000,15000,33000,2200
3364,soja 1ra,2013,2013/14,Entre Ríos,30,Gualeguay,30049,84000,83730,234444,2800
3365,soja 1ra,2013,2013/14,Entre Ríos,30,Gualeguaychú,30056,177000,176650,459290,2600
3366,soja 1ra,2013,2013/14,Entre Ríos,30,La Paz,30070,111000,111000,333000,3000
3367,soja 1ra,2013,2013/14,Entre Ríos,30,Nogoyá,30077,115000,114850,310095,2700
3368,soja 1ra,2013,2013/14,Entre Ríos,30,Paraná,30084,142000,142000,426000,3000
3369,soja 1ra,2013,2013/14,Entre Ríos,30,San Salvador,30088,25000,24970,57431,2300
3370,soja 1ra,2013,2013/14,Entre Ríos,30,Tala,30091,65000,64870,168662,2600
3371,soja 1ra,2013,2013/14,Entre Ríos,30,Uruguay,30098,131000,130800,340080,2600
3372,soja 1ra,2013,2013/14,Entre Ríos,30,Victoria,30105,76000,75900,220110,2900
3373,soja 1ra,2013,2013/14,Entre Ríos,30,Villaguay,30113,112000,111780,257094,2300
3374,soja 1ra,2013,2013/14,Formosa,34,otros departamentos,,15000,15000,30000,2000
3375,soja 1ra,2013,2013/14,Jujuy,38,El Carmen,38014,470,470,1081,2300
3376,soja 1ra,2013,2013/14,Jujuy,38,Dr. Manuel Belgrano,38021,80,80,184,2300
3377,soja 1ra,2013,2013/14,Jujuy,38,Ledesma,38035,220,220,528,2400
3378,soja 1ra,2013,2013/14,Jujuy,38,Palpalá,38042,320,320,768,2400
3379,soja 1ra,2013,2013/14,Jujuy,38,San Antonio,38056,700,700,1680,2400
3380,soja 1ra,2013,2013/14,Jujuy,38,San Pedro,38063,540,540,1350,2500
3381,soja 1ra,2013,2013/14,Jujuy,38,Santa Bárbara,38070,4150,4150,10790,2600
3382,soja 1ra,2013,2013/14,La Pampa,42,Atreucó,42007,20000,20000,28000,1400
3383,soja 1ra,2013,2013/14,La Pampa,42,Capital,42021,14000,14000,21000,1500
3384,soja 1ra,2013,2013/14,La Pampa,42,Catriló,42028,37000,37000,59200,1600
3385,soja 1ra,2013,2013/14,La Pampa,42,Conhelo,42035,34700,33000,42900,1300
3386,soja 1ra,2013,2013/14,La Pampa,42,Chapaleufú,42056,93200,91300,237380,2600
3387,soja 1ra,2013,2013/14,La Pampa,42,Guatraché,42070,2000,1500,1950,1300
3388,soja 1ra,2013,2013/14,La Pampa,42,Maracó,42105,74700,73200,204960,2800
3389,soja 1ra,2013,2013/14,La Pampa,42,Quemú Quemú,42119,52100,51100,132860,2600
3390,soja 1ra,2013,2013/14,La Pampa,42,Rancul,42126,63700,60500,90750,1500
3391,soja 1ra,2013,2013/14,La Pampa,42,Realicó,42133,48500,46100,73760,1600
3392,soja 1ra,2013,2013/14,La Pampa,42,Toay,42140,1000,1000,1200,1200
3393,soja 1ra,2013,2013/14,La Pampa,42,Trenel,42147,18100,17200,25800,1500
3394,soja 1ra,2013,2013/14,La Pampa,42,Utracán,42154,500,500,550,1100
3395,soja 1ra,2013,2013/14,Misiones,54,Cainguás,54014,40,40,100,2500
3396,soja 1ra,2013,2013/14,Misiones,54,General Manuel Belgrano,54049,100,100,270,2700
3397,soja 1ra,2013,2013/14,Misiones,54,Guaraní,54056,420,420,1092,2600
3398,soja 1ra,2013,2013/14,Misiones,54,Leandro N. Alem,54070,30,30,69,2300
3399,soja 1ra,2013,2013/14,Misiones,54,Oberá,54091,30,30,69,2300
3400,soja 1ra,2013,2013/14,Misiones,54,San Javier,54105,30,30,69,2300
3401,soja 1ra,2013,2013/14,Misiones,54,San Pedro,54112,50,50,125,2500
3402,soja 1ra,2013,2013/14,Misiones,54,25 de Mayo,54119,600,600,1500,2500
3403,soja 1ra,2013,2013/14,Salta,66,Anta,66007,247436,237539,427570,1800
3404,soja 1ra,2013,2013/14,Salta,66,Capital,66028,2800,2800,6720,2400
3405,soja 1ra,2013,2013/14,Salta,66,Cerrillos,66035,648,648,1490,2299
3406,soja 1ra,2013,2013/14,Salta,66,Chicoana,66042,167,167,401,2401
3407,soja 1ra,2013,2013/14,Salta,66,General Güemes,66049,2979,2979,6554,2200
3408,soja 1ra,2013,2013/14,Salta,66,General José de San Martín,66056,119763,112881,214475,1900
3409,soja 1ra,2013,2013/14,Salta,66,Guachipas,66063,25,25,63,2520
3410,soja 1ra,2013,2013/14,Salta,66,La Candelaria,66084,1603,1603,2885,1800
3411,soja 1ra,2013,2013/14,Salta,66,La Viña,66098,39,39,94,2410
3412,soja 1ra,2013,2013/14,Salta,66,Metán,66112,47313,45893,78019,1700
3413,soja 1ra,2013,2013/14,Salta,66,Orán,66126,16072,15480,29413,1900
3414,soja 1ra,2013,2013/14,Salta,66,Rivadavia,66133,1120,1085,1953,1800
3415,soja 1ra,2013,2013/14,Salta,66,Rosario de la Frontera,66140,39358,38177,76354,2000
3416,soja 1ra,2013,2013/14,Salta,66,Rosario de Lerma,66147,140,140,364,2600
3417,soja 1ra,2013,2013/14,San Luis,74,Ayacucho,74007,3500,3500,12950,3700
3418,soja 1ra,2013,2013/14,San Luis,74,Coronel Pringles,74021,44000,44000,114400,2600
3419,soja 1ra,2013,2013/14,San Luis,74,Chacabuco,74028,30000,30000,63000,2100
3420,soja 1ra,2013,2013/14,San Luis,74,General Pedernera,74035,230000,230000,552000,2400
3421,soja 1ra,2013,2013/14,San Luis,74,Gobernador Dupuy,74042,15000,15000,24000,1600
3422,soja 1ra,2013,2013/14,San Luis,74,Junín,74049,1200,1200,3360,2800
3423,soja 1ra,2013,2013/14,San Luis,74,Juan Martín de Pueyrredón,74056,27000,27000,70200,2600
3424,soja 1ra,2013,2013/14,San Luis,74,Libertador General San Martín,74063,2000,2000,5200,2600
3425,soja 1ra,2013,2013/14,Santa Fe,82,Belgrano,82007,140527,140527,477469,3398
3426,soja 1ra,2013,2013/14,Santa Fe,82,Caseros,82014,237000,232200,766260,3300
3427,soja 1ra,2013,2013/14,Santa Fe,82,Castellanos,82021,137000,126000,441000,3500
3428,soja 1ra,2013,2013/14,Santa Fe,82,Constitución,82028,180000,176400,564480,3200
3429,soja 1ra,2013,2013/14,Santa Fe,82,Garay,82035,4000,4000,11200,2800
3430,soja 1ra,2013,2013/14,Santa Fe,82,General López,82042,525000,525000,1522500,2900
3431,soja 1ra,2013,2013/14,Santa Fe,82,General Obligado,82049,56000,55700,122540,2200
3432,soja 1ra,2013,2013/14,Santa Fe,82,Iriondo,82056,171193,171193,564937,3300
3433,soja 1ra,2013,2013/14,Santa Fe,82,La Capital,82063,41000,39500,114550,2900
3434,soja 1ra,2013,2013/14,Santa Fe,82,Las Colonias,82070,185000,182000,582400,3200
3435,soja 1ra,2013,2013/14,Santa Fe,82,9 de Julio,82077,105000,105000,294000,2800
3436,soja 1ra,2013,2013/14,Santa Fe,82,Rosario,82084,75100,73100,238000,3256
3437,soja 1ra,2013,2013/14,Santa Fe,82,San Cristóbal,82091,89000,86000,245100,2850
3438,soja 1ra,2013,2013/14,Santa Fe,82,San Javier,82098,9000,9000,20700,2300
3439,soja 1ra,2013,2013/14,Santa Fe,82,San Jerónimo,82105,124573,124573,423548,3400
3440,soja 1ra,2013,2013/14,Santa Fe,82,San Justo,82112,131000,129500,375550,2900
3441,soja 1ra,2013,2013/14,Santa Fe,82,San Lorenzo,82119,123000,120500,385600,3200
3442,soja 1ra,2013,2013/14,Santa Fe,82,San Martín,82126,203361,203361,711763,3500
3443,soja 1ra,2013,2013/14,Santa Fe,82,Vera,82133,22000,22000,55000,2500
3444,soja 1ra,2013,2013/14,Santiago del Estero,86,Aguirre,86007,54000,54000,156600,2900
3445,soja 1ra,2013,2013/14,Santiago del Estero,86,Alberdi,86014,87625,87625,254113,2900
3446,soja 1ra,2013,2013/14,Santiago del Estero,86,Avellaneda,86028,3500,3500,9450,2700
3447,soja 1ra,2013,2013/14,Santiago del Estero,86,Banda,86035,2813,2813,5625,2000
3448,soja 1ra,2013,2013/14,Santiago del Estero,86,Belgrano,86042,105050,105050,304645,2900
3449,soja 1ra,2013,2013/14,Santiago del Estero,86,Capital,86049,3050,3050,7625,2500
3450,soja 1ra,2013,2013/14,Santiago del Estero,86,Copo,86056,7600,7600,21280,2800
3451,soja 1ra,2013,2013/14,Santiago del Estero,86,Choya,86063,8000,8000,17600,2200
3452,soja 1ra,2013,2013/14,Santiago del Estero,86,Figueroa,86070,1275,1275,3188,2500
3453,soja 1ra,2013,2013/14,Santiago del Estero,86,General Taboada,86077,151450,151450,408915,2700
3454,soja 1ra,2013,2013/14,Santiago del Estero,86,Guasayán,86084,8000,8000,17600,2200
3455,soja 1ra,2013,2013/14,Santiago del Estero,86,Jiménez,86091,68250,68250,184275,2700
3456,soja 1ra,2013,2013/14,Santiago del Estero,86,Juan F. Ibarra,86098,51300,51300,148770,2900
3457,soja 1ra,2013,2013/14,Santiago del Estero,86,Loreto,86105,2000,2000,5000,2500
3458,soja 1ra,2013,2013/14,Santiago del Estero,86,Mitre,86112,17625,17625,44063,2500
3459,soja 1ra,2013,2013/14,Santiago del Estero,86,Moreno,86119,223350,223350,647715,2900
3460,soja 1ra,2013,2013/14,Santiago del Estero,86,Pellegrini,86133,70025,70025,210075,3000
3461,soja 1ra,2013,2013/14,Santiago del Estero,86,Río Hondo,86147,7525,7525,16555,2200
3462,soja 1ra,2013,2013/14,Santiago del Estero,86,Rivadavia,86154,44650,44650,129485,2900
3463,soja 1ra,2013,2013/14,Santiago del Estero,86,Robles,86161,2050,2050,5125,2500
3464,soja 1ra,2013,2013/14,Santiago del Estero,86,San Martín,86175,1500,1500,3300,2200
3465,soja 1ra,2013,2013/14,Santiago del Estero,86,Silípica,86189,2715,2715,5973,2200
3466,soja 1ra,2013,2013/14,Tucumán,90,Burruyacú,90007,70155,70108,140216,2000
3467,soja 1ra,2013,2013/14,Tucumán,90,Cruz Alta,90014,47720,47663,100092,2100
3468,soja 1ra,2013,2013/14,Tucumán,90,Chicligasta,90021,2100,1950,5265,2700
3469,soja 1ra,2013,2013/14,Tucumán,90,Famaillá,90028,1060,1060,2438,2300
3470,soja 1ra,2013,2013/14,Tucumán,90,Graneros,90035,20765,19934,33888,1700
3471,soja 1ra,2013,2013/14,Tucumán,90,Juan Bautista Alberdi,90042,2191,2191,5697,2600
3472,soja 1ra,2013,2013/14,Tucumán,90,La Cocha,90049,16815,15709,29847,1900
3473,soja 1ra,2013,2013/14,Tucumán,90,Leales,90056,28480,28338,59509,2100
3474,soja 1ra,2013,2013/14,Tucumán,90,Lules,90063,1015,1015,2335,2300
3475,soja 1ra,2013,2013/14,Tucumán,90,Monteros,90070,580,580,1218,2100
3476,soja 1ra,2013,2013/14,Tucumán,90,Río Chico,90077,1450,1450,3045,2100
3477,soja 1ra,2013,2013/14,Tucumán,90,Simoca,90091,3215,3169,6021,1900
3478,soja 1ra,2013,2013/14,Tucumán,90,Tafí Viejo,90105,250,250,550,2200
3479,soja 1ra,2013,2013/14,Tucumán,90,Yerba Buena,90119,70,70,175,2500
3480,soja 1ra,2014,2014/15,Buenos Aires,6,Adolfo Alsina,6007,76000,75000,135000,1800
3481,soja 1ra,2014,2014/15,Buenos Aires,6,Adolfo Gonzales Chaves,6014,79500,79500,103350,1300
3482,soja 1ra,2014,2014/15,Buenos Aires,6,Alberti,6021,43000,41280,173376,4200
3483,soja 1ra,2014,2014/15,Buenos Aires,6,Ayacucho,6042,22000,22000,55000,2500
3484,soja 1ra,2014,2014/15,Buenos Aires,6,Azul,6049,72000,70000,161000,2300
3485,soja 1ra,2014,2014/15,Buenos Aires,6,Balcarce,6063,61500,59300,148250,2500
3486,soja 1ra,2014,2014/15,Buenos Aires,6,Baradero,6070,71982,71982,331117,4600
3487,soja 1ra,2014,2014/15,Buenos Aires,6,Arrecifes,6077,63570,63570,266837,4198
3488,soja 1ra,2014,2014/15,Buenos Aires,6,Benito Juárez,6084,75000,72500,166750,2300
3489,soja 1ra,2014,2014/15,Buenos Aires,6,Bolívar,6105,80000,80000,216000,2700
3490,soja 1ra,2014,2014/15,Buenos Aires,6,Bragado,6112,92600,91700,366480,3997
3491,soja 1ra,2014,2014/15,Buenos Aires,6,Brandsen,6119,3220,3070,11052,3600
3492,soja 1ra,2014,2014/15,Buenos Aires,6,Campana,6126,5050,5050,22725,4500
3493,soja 1ra,2014,2014/15,Buenos Aires,6,Cañuelas,6134,16610,15840,57024,3600
3494,soja 1ra,2014,2014/15,Buenos Aires,6,Capitán Sarmiento,6140,28900,28900,130050,4500
3495,soja 1ra,2014,2014/15,Buenos Aires,6,Carlos Casares,6147,61600,59400,148500,2500
3496,soja 1ra,2014,2014/15,Buenos Aires,6,Carlos Tejedor,6154,60100,57200,137280,2400
3497,soja 1ra,2014,2014/15,Buenos Aires,6,Carmen de Areco,6161,38000,37000,170200,4600
3498,soja 1ra,2014,2014/15,Buenos Aires,6,Castelli,6168,9000,9000,24300,2700
3499,soja 1ra,2014,2014/15,Buenos Aires,6,Colón,6175,55350,55350,271215,4900
3500,soja 1ra,2014,2014/15,Buenos Aires,6,Coronel Dorrego,6189,42000,42000,75600,1800
3501,soja 1ra,2014,2014/15,Buenos Aires,6,Coronel Pringles,6196,33100,33100,76130,2300
3502,soja 1ra,2014,2014/15,Buenos Aires,6,Coronel Suárez,6203,90000,90000,252000,2800
3503,soja 1ra,2014,2014/15,Buenos Aires,6,Chacabuco,6210,102000,100000,470000,4700
3504,soja 1ra,2014,2014/15,Buenos Aires,6,Chascomús,6218,20770,19810,69335,3500
3505,soja 1ra,2014,2014/15,Buenos Aires,6,Chivilcoy,6224,75000,74250,319275,4300
3506,soja 1ra,2014,2014/15,Buenos Aires,6,Daireaux,6231,111745,111745,301712,2700
3507,soja 1ra,2014,2014/15,Buenos Aires,6,Dolores,6238,3000,3000,6000,2000
3508,soja 1ra,2014,2014/15,Buenos Aires,6,Exaltación de la Cruz,6266,11450,11450,51525,4500
3509,soja 1ra,2014,2014/15,Buenos Aires,6,Florentino Ameghino,6277,53400,50360,166188,3300
3510,soja 1ra,2014,2014/15,Buenos Aires,6,General Alvarado,6280,27500,26600,69160,2600
3511,soja 1ra,2014,2014/15,Buenos Aires,6,General Alvear,6287,25000,25000,67500,2700
3512,soja 1ra,2014,2014/15,Buenos Aires,6,General Arenales,6294,90000,89000,418300,4700
3513,soja 1ra,2014,2014/15,Buenos Aires,6,General Belgrano,6301,10000,10000,33000,3300
3514,soja 1ra,2014,2014/15,Buenos Aires,6,General Guido,6308,2800,2800,6160,2200
3515,soja 1ra,2014,2014/15,Buenos Aires,6,General Juan Madariaga,6315,14800,14800,44400,3000
3516,soja 1ra,2014,2014/15,Buenos Aires,6,General La Madrid,6322,21000,21000,58800,2800
3517,soja 1ra,2014,2014/15,Buenos Aires,6,General Las Heras,6329,3840,3665,13561,3700
3518,soja 1ra,2014,2014/15,Buenos Aires,6,General Lavalle,6336,1600,1600,3520,2200
3519,soja 1ra,2014,2014/15,Buenos Aires,6,General Paz,6343,1765,1685,6235,3700
3520,soja 1ra,2014,2014/15,Buenos Aires,6,General Pinto,6351,72000,69040,248544,3600
3521,soja 1ra,2014,2014/15,Buenos Aires,6,General Pueyrredón,6357,11900,11400,28500,2500
3522,soja 1ra,2014,2014/15,Buenos Aires,6,General Rodríguez,6364,2285,2185,8085,3700
3523,soja 1ra,2014,2014/15,Buenos Aires,6,General Viamonte,6385,72100,69400,256780,3700
3524,soja 1ra,2014,2014/15,Buenos Aires,6,General Villegas,6392,231400,227600,728320,3200
3525,soja 1ra,2014,2014/15,Buenos Aires,6,Guaminí,6399,88000,87000,234900,2700
3526,soja 1ra,2014,2014/15,Buenos Aires,6,Hipólito Yrigoyen,6406,50000,50000,140000,2800
3527,soja 1ra,2014,2014/15,Buenos Aires,6,Junín,6413,109998,107998,496791,4600
3528,soja 1ra,2014,2014/15,Buenos Aires,6,La Plata,6441,300,280,980,3500
3529,soja 1ra,2014,2014/15,Buenos Aires,6,Laprida,6448,10200,10200,18360,1800
3530,soja 1ra,2014,2014/15,Buenos Aires,6,Las Flores,6455,35360,35360,88400,2500
3531,soja 1ra,2014,2014/15,Buenos Aires,6,Leandro N. Alem,6462,63150,60980,225626,3700
3532,soja 1ra,2014,2014/15,Buenos Aires,6,Lincoln,6469,156000,151400,514760,3400
3533,soja 1ra,2014,2014/15,Buenos Aires,6,Lobería,6476,104000,101200,242880,2400
3534,soja 1ra,2014,2014/15,Buenos Aires,6,Lobos,6483,45000,45000,139500,3100
3535,soja 1ra,2014,2014/15,Buenos Aires,6,Luján,6497,12980,12380,45806,3700
3536,soja 1ra,2014,2014/15,Buenos Aires,6,Magdalena,6505,3220,3070,11052,3600
3537,soja 1ra,2014,2014/15,Buenos Aires,6,Maipú,6511,11000,11000,30800,2800
3538,soja 1ra,2014,2014/15,Buenos Aires,6,Mar Chiquita,6518,14500,14500,36250,2500
3539,soja 1ra,2014,2014/15,Buenos Aires,6,Marcos Paz,6525,6640,6340,22824,3600
3540,soja 1ra,2014,2014/15,Buenos Aires,6,Mercedes,6532,18000,17100,51300,3000
3541,soja 1ra,2014,2014/15,Buenos Aires,6,Monte,6547,33000,33000,105600,3200
3542,soja 1ra,2014,2014/15,Buenos Aires,6,Navarro,6574,40000,40000,128000,3200
3543,soja 1ra,2014,2014/15,Buenos Aires,6,Necochea,6581,141500,141500,353750,2500
3544,soja 1ra,2014,2014/15,Buenos Aires,6,9 de Julio,6588,170000,169150,676600,4000
3545,soja 1ra,2014,2014/15,Buenos Aires,6,Olavarría,6595,65130,65130,162825,2500
3546,soja 1ra,2014,2014/15,Buenos Aires,6,Pehuajó,6609,130360,127160,330616,2600
3547,soja 1ra,2014,2014/15,Buenos Aires,6,Pellegrini,6616,35000,34000,81600,2400
3548,soja 1ra,2014,2014/15,Buenos Aires,6,Pergamino,6623,180600,180600,846523,4687
3549,soja 1ra,2014,2014/15,Buenos Aires,6,Pila,6630,9000,9000,22500,2500
3550,soja 1ra,2014,2014/15,Buenos Aires,6,Pilar,6638,1870,1785,6605,3700
3551,soja 1ra,2014,2014/15,Buenos Aires,6,Puán,6651,1000,1000,2400,2400
3552,soja 1ra,2014,2014/15,Buenos Aires,6,Punta Indio,6655,935,895,3132,3499
3553,soja 1ra,2014,2014/15,Buenos Aires,6,Ramallo,6665,61050,61050,274725,4500
3554,soja 1ra,2014,2014/15,Buenos Aires,6,Rauch,6672,14500,14500,36250,2500
3555,soja 1ra,2014,2014/15,Buenos Aires,6,Rivadavia,6679,162900,159400,526020,3300
3556,soja 1ra,2014,2014/15,Buenos Aires,6,Rojas,6686,96348,95348,467205,4900
3557,soja 1ra,2014,2014/15,Buenos Aires,6,Roque Pérez,6693,38000,38000,129200,3400
3558,soja 1ra,2014,2014/15,Buenos Aires,6,Saavedra,6700,16000,16000,44800,2800
3559,soja 1ra,2014,2014/15,Buenos Aires,6,Saladillo,6707,90800,90800,321432,3540
3560,soja 1ra,2014,2014/15,Buenos Aires,6,Salto,6714,99840,99840,460748,4615
3561,soja 1ra,2014,2014/15,Buenos Aires,6,Salliqueló,6721,23000,22000,55000,2500
3562,soja 1ra,2014,2014/15,Buenos Aires,6,San Andrés de Giles,6728,46000,45000,207000,4600
3563,soja 1ra,2014,2014/15,Buenos Aires,6,San Antonio de Areco,6735,35950,35950,154319,4293
3564,soja 1ra,2014,2014/15,Buenos Aires,6,San Cayetano,6742,84800,84800,127200,1500
3565,soja 1ra,2014,2014/15,Buenos Aires,6,San Nicolás,6763,38150,38150,171675,4500
3566,soja 1ra,2014,2014/15,Buenos Aires,6,San Pedro,6770,40900,40900,188140,4600
3567,soja 1ra,2014,2014/15,Buenos Aires,6,San Vicente,6778,1350,1290,4644,3600
3568,soja 1ra,2014,2014/15,Buenos Aires,6,Suipacha,6784,20000,19400,58200,3000
3569,soja 1ra,2014,2014/15,Buenos Aires,6,Tandil,6791,118000,114800,275520,2400
3570,soja 1ra,2014,2014/15,Buenos Aires,6,Tapalqué,6798,2100,2100,6800,3238
3571,soja 1ra,2014,2014/15,Buenos Aires,6,Tordillo,6812,1250,1250,2750,2200
3572,soja 1ra,2014,2014/15,Buenos Aires,6,Tornquist,6819,1000,1000,2200,2200
3573,soja 1ra,2014,2014/15,Buenos Aires,6,Trenque Lauquen,6826,135760,131460,355337,2703
3574,soja 1ra,2014,2014/15,Buenos Aires,6,Tres Arroyos,6833,142800,142800,328440,2300
3575,soja 1ra,2014,2014/15,Buenos Aires,6,Tres Lomas,6847,33000,32000,86400,2700
3576,soja 1ra,2014,2014/15,Buenos Aires,6,25 de Mayo,6854,167184,167184,618581,3700
3577,soja 1ra,2014,2014/15,Buenos Aires,6,Zárate,6882,25550,25550,114975,4500
3578,soja 1ra,2014,2014/15,Catamarca,10,El Alto,10056,2200,2300,4600,2000
3579,soja 1ra,2014,2014/15,Catamarca,10,Santa Rosa,10098,9000,16130,37099,2300
3580,soja 1ra,2014,2014/15,Chaco,22,Almirante Brown,22007,92400,91303,237388,2600
3581,soja 1ra,2014,2014/15,Chaco,22,Bermejo,22014,700,670,1742,2600
3582,soja 1ra,2014,2014/15,Chaco,22,Comandante Fernández,22021,26115,23537,38837,1650
3583,soja 1ra,2014,2014/15,Chaco,22,Chacabuco,22028,56567,54744,109488,2000
3584,soja 1ra,2014,2014/15,Chaco,22,12 de Octubre,22036,74725,72077,172984,2400
3585,soja 1ra,2014,2014/15,Chaco,22,2 de Abril,22039,40325,39284,86426,2200
3586,soja 1ra,2014,2014/15,Chaco,22,Fray Justo Santa María de Oro,22043,11625,11168,21220,1900
3587,soja 1ra,2014,2014/15,Chaco,22,General Belgrano,22049,44625,43248,99471,2300
3588,soja 1ra,2014,2014/15,Chaco,22,General Güemes,22063,3575,2644,3173,1200
3589,soja 1ra,2014,2014/15,Chaco,22,Independencia,22070,48300,45011,72018,1600
3590,soja 1ra,2014,2014/15,Chaco,22,Libertador General San Martín,22084,455,420,966,2300
3591,soja 1ra,2014,2014/15,Chaco,22,Maipú,22091,26390,23081,32313,1400
3592,soja 1ra,2014,2014/15,Chaco,22,Mayor Luis J. Fontana,22098,9850,9760,19521,2000
3593,soja 1ra,2014,2014/15,Chaco,22,9 de Julio,22105,50675,49971,94945,1900
3594,soja 1ra,2014,2014/15,Chaco,22,O'Higgins,22112,17800,17245,29316,1700
3595,soja 1ra,2014,2014/15,Chaco,22,Quitilipi,22133,5160,4886,5863,1200
3596,soja 1ra,2014,2014/15,Chaco,22,San Fernando,22140,1425,1301,1692,1301
3597,soja 1ra,2014,2014/15,Chaco,22,San Lorenzo,22147,1070,1026,2564,2499
3598,soja 1ra,2014,2014/15,Chaco,22,Sargento Cabral,22154,364,331,827,2498
3599,soja 1ra,2014,2014/15,Chaco,22,25 de Mayo,22168,95,85,111,1306
3600,soja 1ra,2014,2014/15,Córdoba,14,Calamuchita,14007,68900,68900,192920,2800
3601,soja 1ra,2014,2014/15,Córdoba,14,Capital,14014,4200,4200,15960,3800
3602,soja 1ra,2014,2014/15,Córdoba,14,Colón,14021,137700,132700,504219,3800
3603,soja 1ra,2014,2014/15,Córdoba,14,General Roca,14035,342400,341900,1196650,3500
3604,soja 1ra,2014,2014/15,Córdoba,14,General San Martín,14042,114000,113100,452400,4000
3605,soja 1ra,2014,2014/15,Córdoba,14,Ischilín,14049,37000,37000,118400,3200
3606,soja 1ra,2014,2014/15,Córdoba,14,Juárez Celman,14056,253900,253900,761700,3000
3607,soja 1ra,2014,2014/15,Córdoba,14,Marcos Juárez,14063,527450,510450,2243726,4396
3608,soja 1ra,2014,2014/15,Córdoba,14,Pocho,14077,900,900,2430,2700
3609,soja 1ra,2014,2014/15,Córdoba,14,Presidente Roque Sáenz Peña,14084,263800,263300,974210,3700
3610,soja 1ra,2014,2014/15,Córdoba,14,Río Cuarto,14098,779780,779780,2222373,2850
3611,soja 1ra,2014,2014/15,Córdoba,14,Río Primero,14105,221000,209000,773300,3700
3612,soja 1ra,2014,2014/15,Córdoba,14,Río Seco,14112,70000,70000,217000,3100
3613,soja 1ra,2014,2014/15,Córdoba,14,Río Segundo,14119,189000,187800,751200,4000
3614,soja 1ra,2014,2014/15,Córdoba,14,San Alberto,14126,1200,1200,2880,2400
3615,soja 1ra,2014,2014/15,Córdoba,14,San Javier,14133,5500,5500,18700,3400
3616,soja 1ra,2014,2014/15,Córdoba,14,San Justo,14140,325000,302000,1117400,3700
3617,soja 1ra,2014,2014/15,Córdoba,14,Santa María,14147,112800,109500,405150,3700
3618,soja 1ra,2014,2014/15,Córdoba,14,Sobremonte,14154,7000,7000,19600,2800
3619,soja 1ra,2014,2014/15,Córdoba,14,Tercero Arriba,14161,248990,248590,893409,3594
3620,soja 1ra,2014,2014/15,Córdoba,14,Totoral,14168,41700,36700,132866,3620
3621,soja 1ra,2014,2014/15,Córdoba,14,Tulumba,14175,60000,60000,166800,2780
3622,soja 1ra,2014,2014/15,Córdoba,14,Unión,14182,506000,487500,2043934,4193
3623,soja 1ra,2014,2014/15,Corrientes,18,otros departamentos,,20000,20000,40000,2000
3624,soja 1ra,2014,2014/15,Entre Ríos,30,Colón,30008,35000,35000,84000,2400
3625,soja 1ra,2014,2014/15,Entre Ríos,30,Concordia,30015,28000,27700,77560,2800
3626,soja 1ra,2014,2014/15,Entre Ríos,30,Diamante,30021,32600,32600,117360,3600
3627,soja 1ra,2014,2014/15,Entre Ríos,30,Federación,30028,12000,11600,32480,2800
3628,soja 1ra,2014,2014/15,Entre Ríos,30,Federal,30035,38000,37700,113100,3000
3629,soja 1ra,2014,2014/15,Entre Ríos,30,Feliciano,30042,13000,12900,36120,2800
3630,soja 1ra,2014,2014/15,Entre Ríos,30,Gualeguay,30049,75000,75000,225000,3000
3631,soja 1ra,2014,2014/15,Entre Ríos,30,Gualeguaychú,30056,190000,189900,531720,2800
3632,soja 1ra,2014,2014/15,Entre Ríos,30,La Paz,30070,112000,111500,367950,3300
3633,soja 1ra,2014,2014/15,Entre Ríos,30,Nogoyá,30077,122660,122660,365535,2980
3634,soja 1ra,2014,2014/15,Entre Ríos,30,Paraná,30084,145000,144600,506100,3500
3635,soja 1ra,2014,2014/15,Entre Ríos,30,San Salvador,30088,30000,30000,72000,2400
3636,soja 1ra,2014,2014/15,Entre Ríos,30,Tala,30091,64000,63900,166140,2600
3637,soja 1ra,2014,2014/15,Entre Ríos,30,Uruguay,30098,119000,118900,321030,2700
3638,soja 1ra,2014,2014/15,Entre Ríos,30,Victoria,30105,69220,69220,214699,3102
3639,soja 1ra,2014,2014/15,Entre Ríos,30,Villaguay,30113,130000,130000,351000,2700
3640,soja 1ra,2014,2014/15,Formosa,34,otros departamentos,,17900,17900,35800,2000
3641,soja 1ra,2014,2014/15,Jujuy,38,El Carmen,38014,0,120,324,2700
3642,soja 1ra,2014,2014/15,Jujuy,38,Dr. Manuel Belgrano,38021,80,80,224,2800
3643,soja 1ra,2014,2014/15,Jujuy,38,Ledesma,38035,70,85,221,2600
3644,soja 1ra,2014,2014/15,Jujuy,38,Palpalá,38042,10,40,108,2700
3645,soja 1ra,2014,2014/15,Jujuy,38,San Antonio,38056,855,875,2363,2701
3646,soja 1ra,2014,2014/15,Jujuy,38,Santa Bárbara,38070,3350,3950,10665,2700
3647,soja 1ra,2014,2014/15,La Pampa,42,Atreucó,42007,20000,17800,33820,1900
3648,soja 1ra,2014,2014/15,La Pampa,42,Capital,42021,14000,11800,21240,1800
3649,soja 1ra,2014,2014/15,La Pampa,42,Catriló,42028,37000,34800,66120,1900
3650,soja 1ra,2014,2014/15,La Pampa,42,Conhelo,42035,26700,25400,60960,2400
3651,soja 1ra,2014,2014/15,La Pampa,42,Chapaleufú,42056,77200,75700,264950,3500
3652,soja 1ra,2014,2014/15,La Pampa,42,Guatraché,42070,1000,1000,1100,1100
3653,soja 1ra,2014,2014/15,La Pampa,42,Maracó,42105,82700,81000,283500,3500
3654,soja 1ra,2014,2014/15,La Pampa,42,Quemú Quemú,42119,53500,52400,167680,3200
3655,soja 1ra,2014,2014/15,La Pampa,42,Rancul,42126,36900,35100,91260,2600
3656,soja 1ra,2014,2014/15,La Pampa,42,Realicó,42133,34300,32600,81500,2500
3657,soja 1ra,2014,2014/15,La Pampa,42,Toay,42140,2000,2000,2800,1400
3658,soja 1ra,2014,2014/15,La Pampa,42,Trenel,42147,16100,15300,35190,2300
3659,soja 1ra,2014,2014/15,La Pampa,42,Utracán,42154,5000,5000,5500,1100
3660,soja 1ra,2014,2014/15,Misiones,54,Cainguás,54014,40,40,108,2700
3661,soja 1ra,2014,2014/15,Misiones,54,General Manuel Belgrano,54049,100,100,300,3000
3662,soja 1ra,2014,2014/15,Misiones,54,Guaraní,54056,420,420,1218,2900
3663,soja 1ra,2014,2014/15,Misiones,54,Leandro N. Alem,54070,30,30,78,2600
3664,soja 1ra,2014,2014/15,Misiones,54,Oberá,54091,30,30,81,2700
3665,soja 1ra,2014,2014/15,Misiones,54,San Javier,54105,30,30,78,2600
3666,soja 1ra,2014,2014/15,Misiones,54,San Pedro,54112,50,50,140,2800
3667,soja 1ra,2014,2014/15,Misiones,54,25 de Mayo,54119,600,600,1680,2800
3668,soja 1ra,2014,2014/15,Salta,66,Anta,66007,292090,292090,759434,2600
3669,soja 1ra,2014,2014/15,Salta,66,Capital,66028,1467,1467,3961,2700
3670,soja 1ra,2014,2014/15,Salta,66,Cerrillos,66035,502,502,1305,2600
3671,soja 1ra,2014,2014/15,Salta,66,Chicoana,66042,44,44,114,2591
3672,soja 1ra,2014,2014/15,Salta,66,General Güemes,66049,3056,3056,8251,2700
3673,soja 1ra,2014,2014/15,Salta,66,General José de San Martín,66056,52330,52330,136058,2600
3674,soja 1ra,2014,2014/15,Salta,66,Guachipas,66063,25,25,70,2800
3675,soja 1ra,2014,2014/15,Salta,66,La Candelaria,66084,759,759,1896,2498
3676,soja 1ra,2014,2014/15,Salta,66,La Viña,66098,58,58,146,2517
3677,soja 1ra,2014,2014/15,Salta,66,Metán,66112,27402,27402,73984,2700
3678,soja 1ra,2014,2014/15,Salta,66,Orán,66126,10946,10946,27365,2500
3679,soja 1ra,2014,2014/15,Salta,66,Rivadavia,66133,1008,1008,2419,2400
3680,soja 1ra,2014,2014/15,Salta,66,Rosario de la Frontera,66140,21692,21692,56399,2600
3681,soja 1ra,2014,2014/15,Salta,66,Rosario de Lerma,66147,125,125,338,2704
3682,soja 1ra,2014,2014/15,San Luis,74,Ayacucho,74007,3500,3500,12600,3600
3683,soja 1ra,2014,2014/15,San Luis,74,Coronel Pringles,74021,42000,42000,134400,3200
3684,soja 1ra,2014,2014/15,San Luis,74,Chacabuco,74028,28000,28000,78400,2800
3685,soja 1ra,2014,2014/15,San Luis,74,General Pedernera,74035,220000,220000,594000,2700
3686,soja 1ra,2014,2014/15,San Luis,74,Gobernador Dupuy,74042,17000,17000,39100,2300
3687,soja 1ra,2014,2014/15,San Luis,74,Junín,74049,1500,1500,5250,3500
3688,soja 1ra,2014,2014/15,San Luis,74,Juan Martín de Pueyrredón,74056,29000,29000,92800,3200
3689,soja 1ra,2014,2014/15,San Luis,74,Libertador General San Martín,74063,2300,2300,5980,2600
3690,soja 1ra,2014,2014/15,Santa Fe,82,Belgrano,82007,135000,135000,567000,4200
3691,soja 1ra,2014,2014/15,Santa Fe,82,Caseros,82014,209500,207100,911240,4400
3692,soja 1ra,2014,2014/15,Santa Fe,82,Castellanos,82021,155000,144000,504000,3500
3693,soja 1ra,2014,2014/15,Santa Fe,82,Constitución,82028,177900,176100,755714,4291
3694,soja 1ra,2014,2014/15,Santa Fe,82,Garay,82035,4000,4000,12000,3000
3695,soja 1ra,2014,2014/15,Santa Fe,82,General López,82042,452060,452060,1898652,4200
3696,soja 1ra,2014,2014/15,Santa Fe,82,General Obligado,82049,51000,46900,112560,2400
3697,soja 1ra,2014,2014/15,Santa Fe,82,Iriondo,82056,176000,176000,756800,4300
3698,soja 1ra,2014,2014/15,Santa Fe,82,La Capital,82063,41000,39500,118500,3000
3699,soja 1ra,2014,2014/15,Santa Fe,82,Las Colonias,82070,157000,151500,545400,3600
3700,soja 1ra,2014,2014/15,Santa Fe,82,9 de Julio,82077,100000,55000,154000,2800
3701,soja 1ra,2014,2014/15,Santa Fe,82,Rosario,82084,63390,62690,269567,4300
3702,soja 1ra,2014,2014/15,Santa Fe,82,San Cristóbal,82091,104000,104000,312000,3000
3703,soja 1ra,2014,2014/15,Santa Fe,82,San Javier,82098,6000,4000,9600,2400
3704,soja 1ra,2014,2014/15,Santa Fe,82,San Jerónimo,82105,129000,129000,528900,4100
3705,soja 1ra,2014,2014/15,Santa Fe,82,San Justo,82112,124000,124000,347200,2800
3706,soja 1ra,2014,2014/15,Santa Fe,82,San Lorenzo,82119,104780,103580,445394,4300
3707,soja 1ra,2014,2014/15,Santa Fe,82,San Martín,82126,210000,210000,882000,4200
3708,soja 1ra,2014,2014/15,Santa Fe,82,Vera,82133,25000,20000,50000,2500
3709,soja 1ra,2014,2014/15,Santiago del Estero,86,Aguirre,86007,46500,37500,86250,2300
3710,soja 1ra,2014,2014/15,Santiago del Estero,86,Alberdi,86014,87400,86480,224848,2600
3711,soja 1ra,2014,2014/15,Santiago del Estero,86,Avellaneda,86028,3500,2500,5000,2000
3712,soja 1ra,2014,2014/15,Santiago del Estero,86,Banda,86035,1625,1625,4063,2500
3713,soja 1ra,2014,2014/15,Santiago del Estero,86,Belgrano,86042,90750,63957,115123,1800
3714,soja 1ra,2014,2014/15,Santiago del Estero,86,Capital,86049,1625,1625,4063,2500
3715,soja 1ra,2014,2014/15,Santiago del Estero,86,Copo,86056,8500,8000,19200,2400
3716,soja 1ra,2014,2014/15,Santiago del Estero,86,Choya,86063,5000,5000,10000,2000
3717,soja 1ra,2014,2014/15,Santiago del Estero,86,Figueroa,86070,25,25,45,1800
3718,soja 1ra,2014,2014/15,Santiago del Estero,86,General Taboada,86077,111950,80087,184201,2300
3719,soja 1ra,2014,2014/15,Santiago del Estero,86,Guasayán,86084,4525,4525,11313,2500
3720,soja 1ra,2014,2014/15,Santiago del Estero,86,Jiménez,86091,39250,38627,104293,2700
3721,soja 1ra,2014,2014/15,Santiago del Estero,86,Juan F. Ibarra,86098,45500,45086,130750,2900
3722,soja 1ra,2014,2014/15,Santiago del Estero,86,Loreto,86105,1500,1500,3300,2200
3723,soja 1ra,2014,2014/15,Santiago del Estero,86,Mitre,86112,17625,17184,41243,2400
3724,soja 1ra,2014,2014/15,Santiago del Estero,86,Moreno,86119,196250,194288,505148,2600
3725,soja 1ra,2014,2014/15,Santiago del Estero,86,Pellegrini,86133,5225,5115,12276,2400
3726,soja 1ra,2014,2014/15,Santiago del Estero,86,Río Hondo,86147,4575,4575,9150,2000
3727,soja 1ra,2014,2014/15,Santiago del Estero,86,Rivadavia,86154,45250,39820,95568,2400
3728,soja 1ra,2014,2014/15,Santiago del Estero,86,Robles,86161,150,150,375,2500
3729,soja 1ra,2014,2014/15,Santiago del Estero,86,San Martín,86175,1525,1525,3813,2500
3730,soja 1ra,2014,2014/15,Santiago del Estero,86,Silípica,86189,2075,2075,5188,2500
3731,soja 1ra,2014,2014/15,Tucumán,90,Burruyacú,90007,54275,53948,102501,1900
3732,soja 1ra,2014,2014/15,Tucumán,90,Cruz Alta,90014,28810,28667,65935,2300
3733,soja 1ra,2014,2014/15,Tucumán,90,Chicligasta,90021,1000,900,1980,2200
3734,soja 1ra,2014,2014/15,Tucumán,90,Famaillá,90028,710,615,1477,2402
3735,soja 1ra,2014,2014/15,Tucumán,90,Graneros,90035,10425,10245,21514,2100
3736,soja 1ra,2014,2014/15,Tucumán,90,Juan Bautista Alberdi,90042,1825,1825,4745,2600
3737,soja 1ra,2014,2014/15,Tucumán,90,La Cocha,90049,10140,9990,22977,2300
3738,soja 1ra,2014,2014/15,Tucumán,90,Leales,90056,21625,21406,47093,2200
3739,soja 1ra,2014,2014/15,Tucumán,90,Lules,90063,910,869,1998,2299
3740,soja 1ra,2014,2014/15,Tucumán,90,Monteros,90070,400,380,912,2400
3741,soja 1ra,2014,2014/15,Tucumán,90,Río Chico,90077,900,650,1560,2400
3742,soja 1ra,2014,2014/15,Tucumán,90,Simoca,90091,3045,2811,5622,2000
3743,soja 1ra,2014,2014/15,Tucumán,90,Tafí Viejo,90105,303,303,666,2198
3744,soja 1ra,2015,2015/16,Buenos Aires,6,Adolfo Alsina,6007,78000,77000,231000,3000
3745,soja 1ra,2015,2015/16,Buenos Aires,6,Adolfo Gonzales Chaves,6014,67500,67500,182250,2700
3746,soja 1ra,2015,2015/16,Buenos Aires,6,Alberti,6021,45400,43700,174800,4000
3747,soja 1ra,2015,2015/16,Buenos Aires,6,Ayacucho,6042,32546,32546,84619,2600
3748,soja 1ra,2015,2015/16,Buenos Aires,6,Azul,6049,75700,73700,221100,3000
3749,soja 1ra,2015,2015/16,Buenos Aires,6,Balcarce,6063,55280,53780,161340,3000
3750,soja 1ra,2015,2015/16,Buenos Aires,6,Baradero,6070,60431,60431,232628,3849
3751,soja 1ra,2015,2015/16,Buenos Aires,6,Arrecifes,6077,68350,68350,273400,4000
3752,soja 1ra,2015,2015/16,Buenos Aires,6,Benito Juárez,6084,66400,64700,194100,3000
3753,soja 1ra,2015,2015/16,Buenos Aires,6,Bolívar,6105,72000,72000,252000,3500
3754,soja 1ra,2015,2015/16,Buenos Aires,6,Bragado,6112,103590,102500,379250,3700
3755,soja 1ra,2015,2015/16,Buenos Aires,6,Brandsen,6119,3370,3220,11592,3600
3756,soja 1ra,2015,2015/16,Buenos Aires,6,Campana,6126,13900,13900,56990,4100
3757,soja 1ra,2015,2015/16,Buenos Aires,6,Cañuelas,6134,17380,16610,61457,3700
3758,soja 1ra,2015,2015/16,Buenos Aires,6,Capitán Sarmiento,6140,30750,30750,126075,4100
3759,soja 1ra,2015,2015/16,Buenos Aires,6,Carlos Casares,6147,72665,70865,269287,3800
3760,soja 1ra,2015,2015/16,Buenos Aires,6,Carlos Tejedor,6154,72940,71040,262848,3700
3761,soja 1ra,2015,2015/16,Buenos Aires,6,Carmen de Areco,6161,40000,40000,180000,4500
3762,soja 1ra,2015,2015/16,Buenos Aires,6,Castelli,6168,7820,7820,20332,2600
3763,soja 1ra,2015,2015/16,Buenos Aires,6,Colón,6175,51117,51117,224915,4400
3764,soja 1ra,2015,2015/16,Buenos Aires,6,Coronel Dorrego,6189,71500,71500,150150,2100
3765,soja 1ra,2015,2015/16,Buenos Aires,6,Coronel Pringles,6196,45500,45500,122850,2700
3766,soja 1ra,2015,2015/16,Buenos Aires,6,Coronel Suárez,6203,110805,110105,330315,3000
3767,soja 1ra,2015,2015/16,Buenos Aires,6,Chacabuco,6210,114024,114024,478901,4200
3768,soja 1ra,2015,2015/16,Buenos Aires,6,Chascomús,6218,35169,34209,125998,3683
3769,soja 1ra,2015,2015/16,Buenos Aires,6,Chivilcoy,6224,99860,97900,391600,4000
3770,soja 1ra,2015,2015/16,Buenos Aires,6,Daireaux,6231,119227,119227,417295,3500
3771,soja 1ra,2015,2015/16,Buenos Aires,6,Dolores,6238,3000,3000,6600,2200
3772,soja 1ra,2015,2015/16,Buenos Aires,6,Exaltación de la Cruz,6266,25950,25950,103800,4000
3773,soja 1ra,2015,2015/16,Buenos Aires,6,Florentino Ameghino,6277,48450,45950,160825,3500
3774,soja 1ra,2015,2015/16,Buenos Aires,6,General Alvarado,6280,28000,27300,81900,3000
3775,soja 1ra,2015,2015/16,Buenos Aires,6,General Alvear,6287,22000,22000,77000,3500
3776,soja 1ra,2015,2015/16,Buenos Aires,6,General Arenales,6294,76284,76284,320393,4200
3777,soja 1ra,2015,2015/16,Buenos Aires,6,General Belgrano,6301,6500,5500,20350,3700
3778,soja 1ra,2015,2015/16,Buenos Aires,6,General Guido,6308,7519,7519,18046,2400
3779,soja 1ra,2015,2015/16,Buenos Aires,6,General Juan Madariaga,6315,19145,19145,76580,4000
3780,soja 1ra,2015,2015/16,Buenos Aires,6,General La Madrid,6322,31870,31070,83889,2700
3781,soja 1ra,2015,2015/16,Buenos Aires,6,General Las Heras,6329,4015,3840,14592,3800
3782,soja 1ra,2015,2015/16,Buenos Aires,6,General Lavalle,6336,1500,1500,3900,2600
3783,soja 1ra,2015,2015/16,Buenos Aires,6,General Paz,6343,1855,1765,6354,3600
3784,soja 1ra,2015,2015/16,Buenos Aires,6,General Pinto,6351,84000,81800,290431,3551
3785,soja 1ra,2015,2015/16,Buenos Aires,6,General Pueyrredón,6357,19500,19000,57000,3000
3786,soja 1ra,2015,2015/16,Buenos Aires,6,General Rodríguez,6364,2385,2285,8911,3900
3787,soja 1ra,2015,2015/16,Buenos Aires,6,General Viamonte,6385,81000,79000,289597,3666
3788,soja 1ra,2015,2015/16,Buenos Aires,6,General Villegas,6392,283100,280000,952000,3400
3789,soja 1ra,2015,2015/16,Buenos Aires,6,Guaminí,6399,90000,89000,338200,3800
3790,soja 1ra,2015,2015/16,Buenos Aires,6,Hipólito Yrigoyen,6406,45000,45000,157500,3500
3791,soja 1ra,2015,2015/16,Buenos Aires,6,Junín,6413,100040,100040,410164,4100
3792,soja 1ra,2015,2015/16,Buenos Aires,6,La Plata,6441,320,300,1140,3800
3793,soja 1ra,2015,2015/16,Buenos Aires,6,Laprida,6448,9500,9500,26600,2800
3794,soja 1ra,2015,2015/16,Buenos Aires,6,Las Flores,6455,36000,35200,123200,3500
3795,soja 1ra,2015,2015/16,Buenos Aires,6,Leandro N. Alem,6462,76397,74497,283088,3800
3796,soja 1ra,2015,2015/16,Buenos Aires,6,Lincoln,6469,186618,182818,658145,3600
3797,soja 1ra,2015,2015/16,Buenos Aires,6,Lobería,6476,89700,87500,262500,3000
3798,soja 1ra,2015,2015/16,Buenos Aires,6,Lobos,6483,42000,42000,147000,3500
3799,soja 1ra,2015,2015/16,Buenos Aires,6,Luján,6497,13580,12980,51920,4000
3800,soja 1ra,2015,2015/16,Buenos Aires,6,Magdalena,6505,4254,4104,13954,3400
3801,soja 1ra,2015,2015/16,Buenos Aires,6,Maipú,6511,8909,8909,31181,3500
3802,soja 1ra,2015,2015/16,Buenos Aires,6,Mar Chiquita,6518,8406,8406,25218,3000
3803,soja 1ra,2015,2015/16,Buenos Aires,6,Marcos Paz,6525,6940,6640,26560,4000
3804,soja 1ra,2015,2015/16,Buenos Aires,6,Mercedes,6532,19950,19000,64600,3400
3805,soja 1ra,2015,2015/16,Buenos Aires,6,Monte,6547,32000,31100,111960,3600
3806,soja 1ra,2015,2015/16,Buenos Aires,6,Navarro,6574,41000,39000,140400,3600
3807,soja 1ra,2015,2015/16,Buenos Aires,6,Necochea,6581,132100,132100,343460,2600
3808,soja 1ra,2015,2015/16,Buenos Aires,6,9 de Julio,6588,204700,204200,880210,4311
3809,soja 1ra,2015,2015/16,Buenos Aires,6,Olavarría,6595,45709,45709,137127,3000
3810,soja 1ra,2015,2015/16,Buenos Aires,6,Pehuajó,6609,131621,127671,472383,3700
3811,soja 1ra,2015,2015/16,Buenos Aires,6,Pellegrini,6616,37000,36000,129600,3600
3812,soja 1ra,2015,2015/16,Buenos Aires,6,Pergamino,6623,178456,178456,782510,4385
3813,soja 1ra,2015,2015/16,Buenos Aires,6,Pila,6630,14382,14382,40270,2800
3814,soja 1ra,2015,2015/16,Buenos Aires,6,Pilar,6638,1955,1870,7480,4000
3815,soja 1ra,2015,2015/16,Buenos Aires,6,Puán,6651,5547,5247,13118,2500
3816,soja 1ra,2015,2015/16,Buenos Aires,6,Punta Indio,6655,1533,1493,4927,3300
3817,soja 1ra,2015,2015/16,Buenos Aires,6,Ramallo,6665,55425,55425,221700,4000
3818,soja 1ra,2015,2015/16,Buenos Aires,6,Rauch,6672,15324,15324,44440,2900
3819,soja 1ra,2015,2015/16,Buenos Aires,6,Rivadavia,6679,178260,163260,636714,3900
3820,soja 1ra,2015,2015/16,Buenos Aires,6,Rojas,6686,112302,112302,494129,4400
3821,soja 1ra,2015,2015/16,Buenos Aires,6,Roque Pérez,6693,32000,30100,105350,3500
3822,soja 1ra,2015,2015/16,Buenos Aires,6,Saavedra,6700,17561,17061,51183,3000
3823,soja 1ra,2015,2015/16,Buenos Aires,6,Saladillo,6707,80000,79200,277200,3500
3824,soja 1ra,2015,2015/16,Buenos Aires,6,Salto,6714,91108,91108,400875,4400
3825,soja 1ra,2015,2015/16,Buenos Aires,6,Salliqueló,6721,25000,24000,88800,3700
3826,soja 1ra,2015,2015/16,Buenos Aires,6,San Andrés de Giles,6728,45000,45000,184500,4100
3827,soja 1ra,2015,2015/16,Buenos Aires,6,San Antonio de Areco,6735,35773,35773,146670,4100
3828,soja 1ra,2015,2015/16,Buenos Aires,6,San Cayetano,6742,88500,88500,212400,2400
3829,soja 1ra,2015,2015/16,Buenos Aires,6,San Nicolás,6763,34488,34488,143378,4157
3830,soja 1ra,2015,2015/16,Buenos Aires,6,San Pedro,6770,39600,39600,162360,4100
3831,soja 1ra,2015,2015/16,Buenos Aires,6,San Vicente,6778,1410,1350,5130,3800
3832,soja 1ra,2015,2015/16,Buenos Aires,6,Suipacha,6784,22660,22000,74800,3400
3833,soja 1ra,2015,2015/16,Buenos Aires,6,Tandil,6791,93800,91400,274200,3000
3834,soja 1ra,2015,2015/16,Buenos Aires,6,Tapalqué,6798,1000,1000,3000,3000
3835,soja 1ra,2015,2015/16,Buenos Aires,6,Tordillo,6812,1250,1250,3125,2500
3836,soja 1ra,2015,2015/16,Buenos Aires,6,Tornquist,6819,2070,1870,4114,2200
3837,soja 1ra,2015,2015/16,Buenos Aires,6,Trenque Lauquen,6826,144798,140848,521138,3700
3838,soja 1ra,2015,2015/16,Buenos Aires,6,Tres Arroyos,6833,138900,138900,347250,2500
3839,soja 1ra,2015,2015/16,Buenos Aires,6,Tres Lomas,6847,35000,34000,129200,3800
3840,soja 1ra,2015,2015/16,Buenos Aires,6,25 de Mayo,6854,160475,160475,577710,3600
3841,soja 1ra,2015,2015/16,Buenos Aires,6,Zárate,6882,26750,26750,107000,4000
3842,soja 1ra,2015,2015/16,Catamarca,10,El Alto,10056,1800,1800,4320,2400
3843,soja 1ra,2015,2015/16,Catamarca,10,Santa Rosa,10098,17322,17422,50524,2900
3844,soja 1ra,2015,2015/16,Chaco,22,Almirante Brown,22007,87524,84299,168598,2000
3845,soja 1ra,2015,2015/16,Chaco,22,Bermejo,22014,740,590,1180,2000
3846,soja 1ra,2015,2015/16,Chaco,22,Comandante Fernández,22021,14395,13315,21305,1600
3847,soja 1ra,2015,2015/16,Chaco,22,Chacabuco,22028,59785,58716,111560,1900
3848,soja 1ra,2015,2015/16,Chaco,22,12 de Octubre,22036,80455,78966,157931,2000
3849,soja 1ra,2015,2015/16,Chaco,22,2 de Abril,22039,40940,40060,84127,2100
3850,soja 1ra,2015,2015/16,Chaco,22,Fray Justo Santa María de Oro,22043,11677,11302,22605,2000
3851,soja 1ra,2015,2015/16,Chaco,22,General Belgrano,22049,48087,46797,98273,2100
3852,soja 1ra,2015,2015/16,Chaco,22,General Güemes,22063,6379,5954,9228,1550
3853,soja 1ra,2015,2015/16,Chaco,22,Independencia,22070,25038,23160,32424,1400
3854,soja 1ra,2015,2015/16,Chaco,22,Libertador General San Martín,22084,250,228,376,1649
3855,soja 1ra,2015,2015/16,Chaco,22,Maipú,22091,19326,18038,28860,1600
3856,soja 1ra,2015,2015/16,Chaco,22,Mayor Luis J. Fontana,22098,7381,7182,14364,2000
3857,soja 1ra,2015,2015/16,Chaco,22,9 de Julio,22105,54766,53040,100777,1900
3858,soja 1ra,2015,2015/16,Chaco,22,O'Higgins,22112,1700,1700,3570,2100
3859,soja 1ra,2015,2015/16,Chaco,22,Quitilipi,22133,3189,2906,4358,1500
3860,soja 1ra,2015,2015/16,Chaco,22,San Fernando,22140,2100,1900,3610,1900
3861,soja 1ra,2015,2015/16,Chaco,22,San Lorenzo,22147,1064,1013,2331,2301
3862,soja 1ra,2015,2015/16,Chaco,22,Sargento Cabral,22154,1367,1367,3144,2300
3863,soja 1ra,2015,2015/16,Chaco,22,25 de Mayo,22168,200,192,250,1302
3864,soja 1ra,2015,2015/16,Córdoba,14,Calamuchita,14007,56680,56680,152582,2692
3865,soja 1ra,2015,2015/16,Córdoba,14,Capital,14014,3840,3840,11520,3000
3866,soja 1ra,2015,2015/16,Córdoba,14,Colón,14021,83793,83793,293276,3500
3867,soja 1ra,2015,2015/16,Córdoba,14,General Roca,14035,420000,407000,1505900,3700
3868,soja 1ra,2015,2015/16,Córdoba,14,General San Martín,14042,181458,180658,650369,3600
3869,soja 1ra,2015,2015/16,Córdoba,14,Ischilín,14049,45000,45000,126000,2800
3870,soja 1ra,2015,2015/16,Córdoba,14,Juárez Celman,14056,287764,275764,910022,3300
3871,soja 1ra,2015,2015/16,Córdoba,14,Marcos Juárez,14063,486691,401491,1565815,3900
3872,soja 1ra,2015,2015/16,Córdoba,14,Pocho,14077,1500,1500,4050,2700
3873,soja 1ra,2015,2015/16,Córdoba,14,Presidente Roque Sáenz Peña,14084,283000,270000,1026000,3800
3874,soja 1ra,2015,2015/16,Córdoba,14,Río Cuarto,14098,859273,850273,2550819,3000
3875,soja 1ra,2015,2015/16,Córdoba,14,Río Primero,14105,258584,258584,905044,3500
3876,soja 1ra,2015,2015/16,Córdoba,14,Río Seco,14112,64325,64325,213997,3327
3877,soja 1ra,2015,2015/16,Córdoba,14,Río Segundo,14119,236777,235977,825919,3500
3878,soja 1ra,2015,2015/16,Córdoba,14,San Alberto,14126,2200,2200,5940,2700
3879,soja 1ra,2015,2015/16,Córdoba,14,San Javier,14133,7500,7500,25500,3400
3880,soja 1ra,2015,2015/16,Córdoba,14,San Justo,14140,434000,354000,1239000,3500
3881,soja 1ra,2015,2015/16,Córdoba,14,Santa María,14147,137494,137494,426231,3100
3882,soja 1ra,2015,2015/16,Córdoba,14,Sobremonte,14154,8000,8000,20000,2500
3883,soja 1ra,2015,2015/16,Córdoba,14,Tercero Arriba,14161,284926,282926,933656,3300
3884,soja 1ra,2015,2015/16,Córdoba,14,Totoral,14168,80579,80579,282027,3500
3885,soja 1ra,2015,2015/16,Córdoba,14,Tulumba,14175,68816,68816,220211,3200
3886,soja 1ra,2015,2015/16,Córdoba,14,Unión,14182,428011,388511,1476342,3800
3887,soja 1ra,2015,2015/16,Corrientes,18,otros departamentos,,23000,23000,41400,1800
3888,soja 1ra,2015,2015/16,Entre Ríos,30,Colón,30008,31000,30500,57950,1900
3889,soja 1ra,2015,2015/16,Entre Ríos,30,Concordia,30015,29000,22000,44000,2000
3890,soja 1ra,2015,2015/16,Entre Ríos,30,Diamante,30021,40000,33000,85800,2600
3891,soja 1ra,2015,2015/16,Entre Ríos,30,Federación,30028,12000,9000,18000,2000
3892,soja 1ra,2015,2015/16,Entre Ríos,30,Federal,30035,39000,29000,58000,2000
3893,soja 1ra,2015,2015/16,Entre Ríos,30,Feliciano,30042,10000,7500,12000,1600
3894,soja 1ra,2015,2015/16,Entre Ríos,30,Gualeguay,30049,87500,84000,176400,2100
3895,soja 1ra,2015,2015/16,Entre Ríos,30,Gualeguaychú,30056,175000,171000,307800,1800
3896,soja 1ra,2015,2015/16,Entre Ríos,30,La Paz,30070,114000,84000,184800,2200
3897,soja 1ra,2015,2015/16,Entre Ríos,30,Nogoyá,30077,117000,113500,192950,1700
3898,soja 1ra,2015,2015/16,Entre Ríos,30,Paraná,30084,148000,105000,252000,2400
3899,soja 1ra,2015,2015/16,Entre Ríos,30,San Salvador,30088,24500,23500,42300,1800
3900,soja 1ra,2015,2015/16,Entre Ríos,30,Tala,30091,61000,59500,101150,1700
3901,soja 1ra,2015,2015/16,Entre Ríos,30,Uruguay,30098,130000,127000,228600,1800
3902,soja 1ra,2015,2015/16,Entre Ríos,30,Victoria,30105,84000,82000,164000,2000
3903,soja 1ra,2015,2015/16,Entre Ríos,30,Villaguay,30113,120000,117000,210600,1800
3904,soja 1ra,2015,2015/16,Formosa,34,otros departamentos,,17900,17900,35800,2000
3905,soja 1ra,2015,2015/16,Jujuy,38,Dr. Manuel Belgrano,38021,80,72,166,2306
3906,soja 1ra,2015,2015/16,Jujuy,38,Ledesma,38035,70,58,128,2207
3907,soja 1ra,2015,2015/16,Jujuy,38,Palpalá,38042,10,0,0,0
3908,soja 1ra,2015,2015/16,Jujuy,38,San Antonio,38056,855,760,1748,2300
3909,soja 1ra,2015,2015/16,Jujuy,38,Santa Bárbara,38070,2750,2278,5467,2400
3910,soja 1ra,2015,2015/16,La Pampa,42,Atreucó,42007,24000,24000,67200,2800
3911,soja 1ra,2015,2015/16,La Pampa,42,Capital,42021,16000,16000,43200,2700
3912,soja 1ra,2015,2015/16,La Pampa,42,Catriló,42028,40000,40000,120000,3000
3913,soja 1ra,2015,2015/16,La Pampa,42,Conhelo,42035,31300,30400,91200,3000
3914,soja 1ra,2015,2015/16,La Pampa,42,Chapaleufú,42056,104400,98100,392400,4000
3915,soja 1ra,2015,2015/16,La Pampa,42,Guatraché,42070,1000,1000,2000,2000
3916,soja 1ra,2015,2015/16,La Pampa,42,Maracó,42105,85800,83200,332800,4000
3917,soja 1ra,2015,2015/16,La Pampa,42,Quemú Quemú,42119,41300,39200,137200,3500
3918,soja 1ra,2015,2015/16,La Pampa,42,Rancul,42126,72300,69400,222080,3200
3919,soja 1ra,2015,2015/16,La Pampa,42,Realicó,42133,45000,43200,151200,3500
3920,soja 1ra,2015,2015/16,La Pampa,42,Toay,42140,24000,24000,72000,3000
3921,soja 1ra,2015,2015/16,La Pampa,42,Trenel,42147,16600,15800,55300,3500
3922,soja 1ra,2015,2015/16,La Pampa,42,Utracán,42154,5000,5000,10000,2000
3923,soja 1ra,2015,2015/16,Misiones,54,Cainguás,54014,40,40,120,3000
3924,soja 1ra,2015,2015/16,Misiones,54,General Manuel Belgrano,54049,60,60,186,3100
3925,soja 1ra,2015,2015/16,Misiones,54,Guaraní,54056,550,535,1605,3000
3926,soja 1ra,2015,2015/16,Misiones,54,Leandro N. Alem,54070,50,50,145,2900
3927,soja 1ra,2015,2015/16,Misiones,54,Oberá,54091,30,30,90,3000
3928,soja 1ra,2015,2015/16,Misiones,54,San Javier,54105,20,20,56,2800
3929,soja 1ra,2015,2015/16,Misiones,54,San Pedro,54112,50,50,150,3000
3930,soja 1ra,2015,2015/16,Misiones,54,25 de Mayo,54119,750,730,2190,3000
3931,soja 1ra,2015,2015/16,Salta,66,Anta,66007,206058,200926,442037,2200
3932,soja 1ra,2015,2015/16,Salta,66,Capital,66028,1463,1463,3658,2500
3933,soja 1ra,2015,2015/16,Salta,66,Cerrillos,66035,530,530,1325,2500
3934,soja 1ra,2015,2015/16,Salta,66,Chicoana,66042,77,77,185,2403
3935,soja 1ra,2015,2015/16,Salta,66,General Güemes,66049,2904,2904,6970,2400
3936,soja 1ra,2015,2015/16,Salta,66,General José de San Martín,66056,73091,67283,121109,1800
3937,soja 1ra,2015,2015/16,Salta,66,Guachipas,66063,25,25,60,2400
3938,soja 1ra,2015,2015/16,Salta,66,La Candelaria,66084,588,588,1234,2099
3939,soja 1ra,2015,2015/16,Salta,66,La Viña,66098,73,73,174,2384
3940,soja 1ra,2015,2015/16,Salta,66,Metán,66112,32852,32012,73627,2300
3941,soja 1ra,2015,2015/16,Salta,66,Orán,66126,2612,2403,4326,1800
3942,soja 1ra,2015,2015/16,Salta,66,Rivadavia,66133,1008,978,1814,1855
3943,soja 1ra,2015,2015/16,Salta,66,Rosario de la Frontera,66140,14866,13878,31920,2300
3944,soja 1ra,2015,2015/16,Salta,66,Rosario de Lerma,66147,125,125,313,2504
3945,soja 1ra,2015,2015/16,San Luis,74,Ayacucho,74007,4500,4500,18450,4100
3946,soja 1ra,2015,2015/16,San Luis,74,Coronel Pringles,74021,64315,62315,211871,3400
3947,soja 1ra,2015,2015/16,San Luis,74,Chacabuco,74028,35000,34500,93150,2700
3948,soja 1ra,2015,2015/16,San Luis,74,General Pedernera,74035,246678,242678,776569,3200
3949,soja 1ra,2015,2015/16,San Luis,74,Gobernador Dupuy,74042,7725,6925,16620,2400
3950,soja 1ra,2015,2015/16,San Luis,74,Junín,74049,1400,1400,5040,3600
3951,soja 1ra,2015,2015/16,San Luis,74,Juan Martín de Pueyrredón,74056,28500,27000,86400,3200
3952,soja 1ra,2015,2015/16,San Luis,74,Libertador General San Martín,74063,2200,2200,5940,2700
3953,soja 1ra,2015,2015/16,Santa Fe,82,Belgrano,82007,160100,130100,350783,2696
3954,soja 1ra,2015,2015/16,Santa Fe,82,Caseros,82014,235580,224080,761872,3400
3955,soja 1ra,2015,2015/16,Santa Fe,82,Castellanos,82021,202023,189023,415851,2200
3956,soja 1ra,2015,2015/16,Santa Fe,82,Constitución,82028,200312,191112,649781,3400
3957,soja 1ra,2015,2015/16,Santa Fe,82,Garay,82035,4000,2000,3800,1900
3958,soja 1ra,2015,2015/16,Santa Fe,82,General López,82042,522253,485168,1620461,3340
3959,soja 1ra,2015,2015/16,Santa Fe,82,General Obligado,82049,48687,34187,58118,1700
3960,soja 1ra,2015,2015/16,Santa Fe,82,Iriondo,82056,190192,150192,405519,2700
3961,soja 1ra,2015,2015/16,Santa Fe,82,La Capital,82063,48500,46000,101200,2200
3962,soja 1ra,2015,2015/16,Santa Fe,82,Las Colonias,82070,202000,191000,420200,2200
3963,soja 1ra,2015,2015/16,Santa Fe,82,9 de Julio,82077,104282,100282,240677,2400
3964,soja 1ra,2015,2015/16,Santa Fe,82,Rosario,82084,88156,80256,254160,3167
3965,soja 1ra,2015,2015/16,Santa Fe,82,San Cristóbal,82091,129000,120000,252000,2100
3966,soja 1ra,2015,2015/16,Santa Fe,82,San Javier,82098,4500,2600,3900,1500
3967,soja 1ra,2015,2015/16,Santa Fe,82,San Jerónimo,82105,145000,105000,231000,2200
3968,soja 1ra,2015,2015/16,Santa Fe,82,San Justo,82112,142500,130000,260000,2000
3969,soja 1ra,2015,2015/16,Santa Fe,82,San Lorenzo,82119,117124,111124,377822,3400
3970,soja 1ra,2015,2015/16,Santa Fe,82,San Martín,82126,263768,213768,534420,2500
3971,soja 1ra,2015,2015/16,Santa Fe,82,Vera,82133,26000,21500,34400,1600
3972,soja 1ra,2015,2015/16,Santiago del Estero,86,Aguirre,86007,52720,52720,126528,2400
3973,soja 1ra,2015,2015/16,Santiago del Estero,86,Alberdi,86014,103014,103014,298739,2900
3974,soja 1ra,2015,2015/16,Santiago del Estero,86,Avellaneda,86028,3500,3500,7350,2100
3975,soja 1ra,2015,2015/16,Santiago del Estero,86,Banda,86035,3050,3050,6710,2200
3976,soja 1ra,2015,2015/16,Santiago del Estero,86,Belgrano,86042,45804,41714,112629,2700
3977,soja 1ra,2015,2015/16,Santiago del Estero,86,Capital,86049,1765,1765,4766,2700
3978,soja 1ra,2015,2015/16,Santiago del Estero,86,Copo,86056,8500,8500,18700,2200
3979,soja 1ra,2015,2015/16,Santiago del Estero,86,Choya,86063,5000,5000,10500,2100
3980,soja 1ra,2015,2015/16,Santiago del Estero,86,Figueroa,86070,500,500,850,1700
3981,soja 1ra,2015,2015/16,Santiago del Estero,86,General Taboada,86077,56049,50444,136198,2700
3982,soja 1ra,2015,2015/16,Santiago del Estero,86,Guasayán,86084,4000,4000,9600,2400
3983,soja 1ra,2015,2015/16,Santiago del Estero,86,Jiménez,86091,21311,21311,61802,2900
3984,soja 1ra,2015,2015/16,Santiago del Estero,86,Juan F. Ibarra,86098,47704,42500,110500,2600
3985,soja 1ra,2015,2015/16,Santiago del Estero,86,Loreto,86105,1500,1500,3600,2400
3986,soja 1ra,2015,2015/16,Santiago del Estero,86,Mitre,86112,12150,12150,32805,2700
3987,soja 1ra,2015,2015/16,Santiago del Estero,86,Moreno,86119,282638,277764,722188,2600
3988,soja 1ra,2015,2015/16,Santiago del Estero,86,Pellegrini,86133,27936,27936,81014,2900
3989,soja 1ra,2015,2015/16,Santiago del Estero,86,Río Hondo,86147,14800,14800,35520,2400
3990,soja 1ra,2015,2015/16,Santiago del Estero,86,Rivadavia,86154,47625,43815,100775,2300
3991,soja 1ra,2015,2015/16,Santiago del Estero,86,Robles,86161,290,290,783,2700
3992,soja 1ra,2015,2015/16,Santiago del Estero,86,San Martín,86175,1500,1500,3600,2400
3993,soja 1ra,2015,2015/16,Santiago del Estero,86,Sarmiento,86182,3000,3000,8700,2900
3994,soja 1ra,2015,2015/16,Tucumán,90,Burruyacú,90007,20881,20803,66568,3200
3995,soja 1ra,2015,2015/16,Tucumán,90,Cruz Alta,90014,18603,18603,59530,3200
3996,soja 1ra,2015,2015/16,Tucumán,90,Chicligasta,90021,1200,1200,3960,3300
3997,soja 1ra,2015,2015/16,Tucumán,90,Famaillá,90028,715,697,2301,3301
3998,soja 1ra,2015,2015/16,Tucumán,90,Graneros,90035,8768,8747,23617,2700
3999,soja 1ra,2015,2015/16,Tucumán,90,Juan Bautista Alberdi,90042,1425,1425,4845,3400
4000,soja 1ra,2015,2015/16,Tucumán,90,La Cocha,90049,7914,7879,25999,3300
4001,soja 1ra,2015,2015/16,Tucumán,90,Leales,90056,13597,13542,40626,3000
4002,soja 1ra,2015,2015/16,Tucumán,90,Lules,90063,763,763,2516,3298
4003,soja 1ra,2015,2015/16,Tucumán,90,Monteros,90070,300,300,990,3300
4004,soja 1ra,2015,2015/16,Tucumán,90,Río Chico,90077,700,700,2310,3300
4005,soja 1ra,2015,2015/16,Tucumán,90,Simoca,90091,2825,2782,8625,3100
4006,soja 1ra,2015,2015/16,Tucumán,90,Tafí Viejo,90105,400,400,1240,3100
4007,soja 1ra,2016,2016/17,Buenos Aires,6,Adolfo Alsina,6007,75000,73000,197100,2700
4008,soja 1ra,2016,2016/17,Buenos Aires,6,Adolfo Gonzales Chaves,6014,71070,63730,114714,1800
4009,soja 1ra,2016,2016/17,Buenos Aires,6,Alberti,6021,24300,23800,99960,4200
4010,soja 1ra,2016,2016/17,Buenos Aires,6,Ayacucho,6042,19800,19800,55440,2800
4011,soja 1ra,2016,2016/17,Buenos Aires,6,Azul,6049,96300,93800,234500,2500
4012,soja 1ra,2016,2016/17,Buenos Aires,6,Balcarce,6063,54300,52900,137540,2600
4013,soja 1ra,2016,2016/17,Buenos Aires,6,Baradero,6070,34800,34550,141655,4100
4014,soja 1ra,2016,2016/17,Buenos Aires,6,Arrecifes,6077,54250,53850,226170,4200
4015,soja 1ra,2016,2016/17,Buenos Aires,6,Benito Juárez,6084,64200,62600,156500,2500
4016,soja 1ra,2016,2016/17,Buenos Aires,6,Bolívar,6105,68000,61200,214200,3500
4017,soja 1ra,2016,2016/17,Buenos Aires,6,Bragado,6112,78200,77390,294082,3800
4018,soja 1ra,2016,2016/17,Buenos Aires,6,Brandsen,6119,3220,3020,10570,3500
4019,soja 1ra,2016,2016/17,Buenos Aires,6,Campana,6126,13350,13250,56975,4300
4020,soja 1ra,2016,2016/17,Buenos Aires,6,Cañuelas,6134,16315,15335,61340,4000
4021,soja 1ra,2016,2016/17,Buenos Aires,6,Capitán Sarmiento,6140,21250,21150,88830,4200
4022,soja 1ra,2016,2016/17,Buenos Aires,6,Carlos Casares,6147,61756,61756,253200,4100
4023,soja 1ra,2016,2016/17,Buenos Aires,6,Carlos Tejedor,6154,65809,63559,241524,3800
4024,soja 1ra,2016,2016/17,Buenos Aires,6,Carmen de Areco,6161,28380,27280,122760,4500
4025,soja 1ra,2016,2016/17,Buenos Aires,6,Castelli,6168,8000,8000,25600,3200
4026,soja 1ra,2016,2016/17,Buenos Aires,6,Colón,6175,36550,36200,159280,4400
4027,soja 1ra,2016,2016/17,Buenos Aires,6,Coronel Dorrego,6189,63177,55417,99751,1800
4028,soja 1ra,2016,2016/17,Buenos Aires,6,Coronel Pringles,6196,28425,23485,42273,1800
4029,soja 1ra,2016,2016/17,Buenos Aires,6,Coronel Suárez,6203,120000,120000,300000,2500
4030,soja 1ra,2016,2016/17,Buenos Aires,6,Chacabuco,6210,80990,75490,347254,4600
4031,soja 1ra,2016,2016/17,Buenos Aires,6,Chascomús,6218,20400,19215,63410,3300
4032,soja 1ra,2016,2016/17,Buenos Aires,6,Chivilcoy,6224,64600,63270,265734,4200
4033,soja 1ra,2016,2016/17,Buenos Aires,6,Daireaux,6231,100000,90000,315000,3500
4034,soja 1ra,2016,2016/17,Buenos Aires,6,Dolores,6238,2000,2000,5400,2700
4035,soja 1ra,2016,2016/17,Buenos Aires,6,Exaltación de la Cruz,6266,25800,25700,102800,4000
4036,soja 1ra,2016,2016/17,Buenos Aires,6,Florentino Ameghino,6277,48100,44770,134310,3000
4037,soja 1ra,2016,2016/17,Buenos Aires,6,General Alvarado,6280,16100,15700,39250,2500
4038,soja 1ra,2016,2016/17,Buenos Aires,6,General Alvear,6287,21500,21500,64500,3000
4039,soja 1ra,2016,2016/17,Buenos Aires,6,General Arenales,6294,51890,45050,216240,4800
4040,soja 1ra,2016,2016/17,Buenos Aires,6,General Belgrano,6301,6000,5200,17160,3300
4041,soja 1ra,2016,2016/17,Buenos Aires,6,General Guido,6308,3800,3800,10640,2800
4042,soja 1ra,2016,2016/17,Buenos Aires,6,General Juan Madariaga,6315,15000,15000,52500,3500
4043,soja 1ra,2016,2016/17,Buenos Aires,6,General La Madrid,6322,46000,46000,115000,2500
4044,soja 1ra,2016,2016/17,Buenos Aires,6,General Las Heras,6329,3770,3535,11312,3200
4045,soja 1ra,2016,2016/17,Buenos Aires,6,General Lavalle,6336,1000,1000,3000,3000
4046,soja 1ra,2016,2016/17,Buenos Aires,6,General Paz,6343,1730,1610,5313,3300
4047,soja 1ra,2016,2016/17,Buenos Aires,6,General Pinto,6351,67500,65420,202802,3100
4048,soja 1ra,2016,2016/17,Buenos Aires,6,General Pueyrredón,6357,14000,13700,34250,2500
4049,soja 1ra,2016,2016/17,Buenos Aires,6,General Rodríguez,6364,3240,3100,12400,4000
4050,soja 1ra,2016,2016/17,Buenos Aires,6,General Viamonte,6385,76600,74770,269172,3600
4051,soja 1ra,2016,2016/17,Buenos Aires,6,General Villegas,6392,176500,120520,325404,2700
4052,soja 1ra,2016,2016/17,Buenos Aires,6,Guaminí,6399,85000,76500,252450,3300
4053,soja 1ra,2016,2016/17,Buenos Aires,6,Hipólito Yrigoyen,6406,42000,37800,132300,3500
4054,soja 1ra,2016,2016/17,Buenos Aires,6,Junín,6413,73060,67580,310868,4600
4055,soja 1ra,2016,2016/17,Buenos Aires,6,La Plata,6441,300,270,864,3200
4056,soja 1ra,2016,2016/17,Buenos Aires,6,Laprida,6448,9222,8202,18455,2250
4057,soja 1ra,2016,2016/17,Buenos Aires,6,Las Flores,6455,34000,31500,97650,3100
4058,soja 1ra,2016,2016/17,Buenos Aires,6,Leandro N. Alem,6462,63900,59100,218670,3700
4059,soja 1ra,2016,2016/17,Buenos Aires,6,Lincoln,6469,163800,155840,498688,3200
4060,soja 1ra,2016,2016/17,Buenos Aires,6,Lobería,6476,74220,72120,187512,2600
4061,soja 1ra,2016,2016/17,Buenos Aires,6,Lobos,6483,40000,37100,111300,3000
4062,soja 1ra,2016,2016/17,Buenos Aires,6,Luján,6497,12750,11970,47880,4000
4063,soja 1ra,2016,2016/17,Buenos Aires,6,Magdalena,6505,3160,2965,9191,3100
4064,soja 1ra,2016,2016/17,Buenos Aires,6,Maipú,6511,9000,9000,30600,3400
4065,soja 1ra,2016,2016/17,Buenos Aires,6,Mar Chiquita,6518,9500,9500,30400,3200
4066,soja 1ra,2016,2016/17,Buenos Aires,6,Marcos Paz,6525,6520,6130,24520,4000
4067,soja 1ra,2016,2016/17,Buenos Aires,6,Mercedes,6532,17200,16850,53920,3200
4068,soja 1ra,2016,2016/17,Buenos Aires,6,Monte,6547,31000,29200,87600,3000
4069,soja 1ra,2016,2016/17,Buenos Aires,6,Navarro,6574,40600,38600,118867,3079
4070,soja 1ra,2016,2016/17,Buenos Aires,6,Necochea,6581,96635,82295,172820,2100
4071,soja 1ra,2016,2016/17,Buenos Aires,6,9 de Julio,6588,118000,117390,469560,4000
4072,soja 1ra,2016,2016/17,Buenos Aires,6,Olavarría,6595,41600,41600,124800,3000
4073,soja 1ra,2016,2016/17,Buenos Aires,6,Pehuajó,6609,118218,118218,461050,3900
4074,soja 1ra,2016,2016/17,Buenos Aires,6,Pellegrini,6616,34000,32300,106590,3300
4075,soja 1ra,2016,2016/17,Buenos Aires,6,Pergamino,6623,125950,125400,564300,4500
4076,soja 1ra,2016,2016/17,Buenos Aires,6,Pila,6630,10000,10000,30000,3000
4077,soja 1ra,2016,2016/17,Buenos Aires,6,Pilar,6638,1840,1725,7245,4200
4078,soja 1ra,2016,2016/17,Buenos Aires,6,Puán,6651,6000,6000,15000,2500
4079,soja 1ra,2016,2016/17,Buenos Aires,6,Punta Indio,6655,920,865,2595,3000
4080,soja 1ra,2016,2016/17,Buenos Aires,6,Ramallo,6665,38900,38700,162540,4200
4081,soja 1ra,2016,2016/17,Buenos Aires,6,Rauch,6672,12000,12000,33600,2800
4082,soja 1ra,2016,2016/17,Buenos Aires,6,Rivadavia,6679,138838,124538,510606,4100
4083,soja 1ra,2016,2016/17,Buenos Aires,6,Rojas,6686,75960,71860,344928,4800
4084,soja 1ra,2016,2016/17,Buenos Aires,6,Roque Pérez,6693,30000,28000,84000,3000
4085,soja 1ra,2016,2016/17,Buenos Aires,6,Saavedra,6700,18000,18000,45000,2500
4086,soja 1ra,2016,2016/17,Buenos Aires,6,Saladillo,6707,75000,72000,230400,3200
4087,soja 1ra,2016,2016/17,Buenos Aires,6,Salto,6714,76350,75750,340875,4500
4088,soja 1ra,2016,2016/17,Buenos Aires,6,Salliqueló,6721,22000,20900,68970,3300
4089,soja 1ra,2016,2016/17,Buenos Aires,6,San Andrés de Giles,6728,39340,37970,167068,4400
4090,soja 1ra,2016,2016/17,Buenos Aires,6,San Antonio de Areco,6735,23400,23250,95325,4100
4091,soja 1ra,2016,2016/17,Buenos Aires,6,San Cayetano,6742,61346,51746,77619,1500
4092,soja 1ra,2016,2016/17,Buenos Aires,6,San Nicolás,6763,29900,29750,124950,4200
4093,soja 1ra,2016,2016/17,Buenos Aires,6,San Pedro,6770,31500,31300,128330,4100
4094,soja 1ra,2016,2016/17,Buenos Aires,6,San Vicente,6778,1330,1240,4340,3500
4095,soja 1ra,2016,2016/17,Buenos Aires,6,Suipacha,6784,23000,22525,72080,3200
4096,soja 1ra,2016,2016/17,Buenos Aires,6,Tandil,6791,89000,86700,234090,2700
4097,soja 1ra,2016,2016/17,Buenos Aires,6,Tapalqué,6798,1000,1000,3000,3000
4098,soja 1ra,2016,2016/17,Buenos Aires,6,Tordillo,6812,1000,1000,2600,2600
4099,soja 1ra,2016,2016/17,Buenos Aires,6,Tornquist,6819,1900,1900,4750,2500
4100,soja 1ra,2016,2016/17,Buenos Aires,6,Trenque Lauquen,6826,131210,131210,511719,3900
4101,soja 1ra,2016,2016/17,Buenos Aires,6,Tres Arroyos,6833,124500,109500,208050,1900
4102,soja 1ra,2016,2016/17,Buenos Aires,6,Tres Lomas,6847,34000,33000,115500,3500
4103,soja 1ra,2016,2016/17,Buenos Aires,6,25 de Mayo,6854,164000,160500,529650,3300
4104,soja 1ra,2016,2016/17,Buenos Aires,6,Zárate,6882,26200,26100,109620,4200
4105,soja 1ra,2016,2016/17,Catamarca,10,El Alto,10056,2000,1890,3780,2000
4106,soja 1ra,2016,2016/17,Chaco,22,Almirante Brown,22007,98033,92745,296786,3200
4107,soja 1ra,2016,2016/17,Chaco,22,Comandante Fernández,22021,25128,23530,70590,3000
4108,soja 1ra,2016,2016/17,Chaco,22,Chacabuco,22028,46590,39429,126173,3200
4109,soja 1ra,2016,2016/17,Chaco,22,12 de Octubre,22036,62030,59202,189448,3200
4110,soja 1ra,2016,2016/17,Chaco,22,2 de Abril,22039,29525,24675,74026,3000
4111,soja 1ra,2016,2016/17,Chaco,22,Fray Justo Santa María de Oro,22043,7850,6542,18971,2900
4112,soja 1ra,2016,2016/17,Chaco,22,General Belgrano,22049,37020,35363,116697,3300
4113,soja 1ra,2016,2016/17,Chaco,22,General Güemes,22063,4886,4505,12614,2800
4114,soja 1ra,2016,2016/17,Chaco,22,Independencia,22070,33691,31697,95091,3000
4115,soja 1ra,2016,2016/17,Chaco,22,Libertador General San Martín,22084,1086,1044,1880,1801
4116,soja 1ra,2016,2016/17,Chaco,22,Maipú,22091,16805,15541,43514,2800
4117,soja 1ra,2016,2016/17,Chaco,22,Mayor Luis J. Fontana,22098,2197,1841,5156,2801
4118,soja 1ra,2016,2016/17,Chaco,22,9 de Julio,22105,42540,37690,113070,3000
4119,soja 1ra,2016,2016/17,Chaco,22,O'Higgins,22112,1322,1118,3130,2800
4120,soja 1ra,2016,2016/17,Chaco,22,Quitilipi,22133,3377,3119,8735,2801
4121,soja 1ra,2016,2016/17,Chaco,22,San Fernando,22140,1656,1306,2873,2200
4122,soja 1ra,2016,2016/17,Chaco,22,San Lorenzo,22147,608,519,1453,2800
4123,soja 1ra,2016,2016/17,Chaco,22,Sargento Cabral,22154,750,670,2412,3600
4124,soja 1ra,2016,2016/17,Chaco,22,25 de Mayo,22168,42,42,97,2310
4125,soja 1ra,2016,2016/17,Córdoba,14,Calamuchita,14007,36165,36165,112112,3100
4126,soja 1ra,2016,2016/17,Córdoba,14,Capital,14014,3450,3450,8280,2400
4127,soja 1ra,2016,2016/17,Córdoba,14,Colón,14021,70000,70000,231000,3300
4128,soja 1ra,2016,2016/17,Córdoba,14,General Roca,14035,335000,322680,1193916,3700
4129,soja 1ra,2016,2016/17,Córdoba,14,General San Martín,14042,108000,108000,378000,3500
4130,soja 1ra,2016,2016/17,Córdoba,14,Ischilín,14049,48261,48261,159257,3300
4131,soja 1ra,2016,2016/17,Córdoba,14,Juárez Celman,14056,253938,248938,771707,3100
4132,soja 1ra,2016,2016/17,Córdoba,14,Marcos Juárez,14063,359175,340583,1430449,4200
4133,soja 1ra,2016,2016/17,Córdoba,14,Pocho,14077,1350,1350,3780,2800
4134,soja 1ra,2016,2016/17,Córdoba,14,Presidente Roque Sáenz Peña,14084,215000,207720,768564,3700
4135,soja 1ra,2016,2016/17,Córdoba,14,Río Cuarto,14098,659129,654629,1832962,2800
4136,soja 1ra,2016,2016/17,Córdoba,14,Río Primero,14105,245000,245000,857500,3500
4137,soja 1ra,2016,2016/17,Córdoba,14,Río Seco,14112,58000,58000,191400,3300
4138,soja 1ra,2016,2016/17,Córdoba,14,Río Segundo,14119,168000,168000,588000,3500
4139,soja 1ra,2016,2016/17,Córdoba,14,San Alberto,14126,2000,2000,5400,2700
4140,soja 1ra,2016,2016/17,Córdoba,14,San Javier,14133,6700,6700,22780,3400
4141,soja 1ra,2016,2016/17,Córdoba,14,San Justo,14140,415000,413000,1528100,3700
4142,soja 1ra,2016,2016/17,Córdoba,14,Santa María,14147,91800,91800,220320,2400
4143,soja 1ra,2016,2016/17,Córdoba,14,Sobremonte,14154,6000,6000,15000,2500
4144,soja 1ra,2016,2016/17,Córdoba,14,Tercero Arriba,14161,251000,251000,853400,3400
4145,soja 1ra,2016,2016/17,Córdoba,14,Totoral,14168,80000,80000,288000,3600
4146,soja 1ra,2016,2016/17,Córdoba,14,Tulumba,14175,55000,55000,181500,3300
4147,soja 1ra,2016,2016/17,Córdoba,14,Unión,14182,288663,271751,1087004,4000
4148,soja 1ra,2016,2016/17,Corrientes,18,otros departamentos,,20000,20000,40000,2000
4149,soja 1ra,2016,2016/17,Entre Ríos,30,Colón,30008,30000,29900,77740,2600
4150,soja 1ra,2016,2016/17,Entre Ríos,30,Concordia,30015,26300,26300,68380,2600
4151,soja 1ra,2016,2016/17,Entre Ríos,30,Diamante,30021,31100,29100,101850,3500
4152,soja 1ra,2016,2016/17,Entre Ríos,30,Federación,30028,11000,11000,24200,2200
4153,soja 1ra,2016,2016/17,Entre Ríos,30,Federal,30035,34500,34500,96600,2800
4154,soja 1ra,2016,2016/17,Entre Ríos,30,Feliciano,30042,9000,9000,19800,2200
4155,soja 1ra,2016,2016/17,Entre Ríos,30,Gualeguay,30049,72500,72350,231520,3200
4156,soja 1ra,2016,2016/17,Entre Ríos,30,Gualeguaychú,30056,123500,123300,382230,3100
4157,soja 1ra,2016,2016/17,Entre Ríos,30,La Paz,30070,101500,98500,256100,2600
4158,soja 1ra,2016,2016/17,Entre Ríos,30,Nogoyá,30077,89000,88800,266400,3000
4159,soja 1ra,2016,2016/17,Entre Ríos,30,Paraná,30084,129300,129300,452550,3500
4160,soja 1ra,2016,2016/17,Entre Ríos,30,San Salvador,30088,21500,21400,57780,2700
4161,soja 1ra,2016,2016/17,Entre Ríos,30,Tala,30091,46000,45900,128520,2800
4162,soja 1ra,2016,2016/17,Entre Ríos,30,Uruguay,30098,110000,109700,307160,2800
4163,soja 1ra,2016,2016/17,Entre Ríos,30,Victoria,30105,43500,43350,138720,3200
4164,soja 1ra,2016,2016/17,Entre Ríos,30,Villaguay,30113,104000,103800,280260,2700
4165,soja 1ra,2016,2016/17,Formosa,34,otros departamentos,,18500,18050,45125,2500
4166,soja 1ra,2016,2016/17,Jujuy,38,El Carmen,38014,50,42,84,2000
4167,soja 1ra,2016,2016/17,Jujuy,38,Dr. Manuel Belgrano,38021,110,91,182,2000
4168,soja 1ra,2016,2016/17,Jujuy,38,Ledesma,38035,70,70,140,2000
4169,soja 1ra,2016,2016/17,Jujuy,38,Palpalá,38042,10,8,16,2000
4170,soja 1ra,2016,2016/17,Jujuy,38,San Antonio,38056,855,725,1450,2000
4171,soja 1ra,2016,2016/17,Jujuy,38,Santa Bárbara,38070,3040,2440,4880,2000
4172,soja 1ra,2016,2016/17,La Pampa,42,Atreucó,42007,24000,20400,53040,2600
4173,soja 1ra,2016,2016/17,La Pampa,42,Capital,42021,18000,15300,45900,3000
4174,soja 1ra,2016,2016/17,La Pampa,42,Catriló,42028,40000,34000,112200,3300
4175,soja 1ra,2016,2016/17,La Pampa,42,Conhelo,42035,32300,30508,88473,2900
4176,soja 1ra,2016,2016/17,La Pampa,42,Chapaleufú,42056,88000,73216,241613,3300
4177,soja 1ra,2016,2016/17,La Pampa,42,Guatraché,42070,2000,1000,2000,2000
4178,soja 1ra,2016,2016/17,La Pampa,42,Maracó,42105,63700,56588,186740,3300
4179,soja 1ra,2016,2016/17,La Pampa,42,Quemú Quemú,42119,37700,35572,103159,2900
4180,soja 1ra,2016,2016/17,La Pampa,42,Rancul,42126,47200,44568,120334,2700
4181,soja 1ra,2016,2016/17,La Pampa,42,Realicó,42133,39200,32592,94517,2900
4182,soja 1ra,2016,2016/17,La Pampa,42,Toay,42140,17000,13600,35360,2600
4183,soja 1ra,2016,2016/17,La Pampa,42,Trenel,42147,18800,16672,45014,2700
4184,soja 1ra,2016,2016/17,La Pampa,42,Utracán,42154,9000,7200,18000,2500
4185,soja 1ra,2016,2016/17,Misiones,54,Cainguás,54014,60,55,116,2109
4186,soja 1ra,2016,2016/17,Misiones,54,General Manuel Belgrano,54049,150,140,322,2300
4187,soja 1ra,2016,2016/17,Misiones,54,Guaraní,54056,800,750,1725,2300
4188,soja 1ra,2016,2016/17,Misiones,54,Leandro N. Alem,54070,30,27,57,2111
4189,soja 1ra,2016,2016/17,Misiones,54,Oberá,54091,40,36,94,2611
4190,soja 1ra,2016,2016/17,Misiones,54,San Javier,54105,30,26,57,2192
4191,soja 1ra,2016,2016/17,Misiones,54,San Pedro,54112,140,130,299,2300
4192,soja 1ra,2016,2016/17,Misiones,54,25 de Mayo,54119,1300,1250,2875,2300
4193,soja 1ra,2016,2016/17,Salta,66,Anta,66007,221255,215772,517853,2400
4194,soja 1ra,2016,2016/17,Salta,66,Capital,66028,1463,1463,3804,2600
4195,soja 1ra,2016,2016/17,Salta,66,Cerrillos,66035,435,435,1131,2600
4196,soja 1ra,2016,2016/17,Salta,66,Chicoana,66042,77,77,193,2506
4197,soja 1ra,2016,2016/17,Salta,66,General Güemes,66049,2780,2780,6950,2500
4198,soja 1ra,2016,2016/17,Salta,66,General José de San Martín,66056,97250,97250,233400,2400
4199,soja 1ra,2016,2016/17,Salta,66,Guachipas,66063,25,25,65,2600
4200,soja 1ra,2016,2016/17,Salta,66,La Candelaria,66084,635,635,1524,2400
4201,soja 1ra,2016,2016/17,Salta,66,La Viña,66098,25,25,63,2520
4202,soja 1ra,2016,2016/17,Salta,66,Metán,66112,42355,42355,110123,2600
4203,soja 1ra,2016,2016/17,Salta,66,Orán,66126,10035,10035,24084,2400
4204,soja 1ra,2016,2016/17,Salta,66,Rivadavia,66133,1010,1010,2424,2400
4205,soja 1ra,2016,2016/17,Salta,66,Rosario de la Frontera,66140,15460,15460,40196,2600
4206,soja 1ra,2016,2016/17,Salta,66,Rosario de Lerma,66147,125,125,325,2600
4207,soja 1ra,2016,2016/17,San Luis,74,Ayacucho,74007,4600,4600,20240,4400
4208,soja 1ra,2016,2016/17,San Luis,74,Coronel Pringles,74021,56900,56900,165010,2900
4209,soja 1ra,2016,2016/17,San Luis,74,Chacabuco,74028,26000,26000,65000,2500
4210,soja 1ra,2016,2016/17,San Luis,74,General Pedernera,74035,177340,177340,478818,2700
4211,soja 1ra,2016,2016/17,San Luis,74,Gobernador Dupuy,74042,12700,12700,33020,2600
4212,soja 1ra,2016,2016/17,San Luis,74,Junín,74049,1150,1150,3210,2791
4213,soja 1ra,2016,2016/17,San Luis,74,Juan Martín de Pueyrredón,74056,22000,22000,59400,2700
4214,soja 1ra,2016,2016/17,San Luis,74,Libertador General San Martín,74063,1500,1500,3750,2500
4215,soja 1ra,2016,2016/17,Santa Fe,82,Belgrano,82007,131200,128500,501150,3900
4216,soja 1ra,2016,2016/17,Santa Fe,82,Caseros,82014,220300,211700,804460,3800
4217,soja 1ra,2016,2016/17,Santa Fe,82,Castellanos,82021,146200,134440,416764,3100
4218,soja 1ra,2016,2016/17,Santa Fe,82,Constitución,82028,176300,172800,639360,3700
4219,soja 1ra,2016,2016/17,Santa Fe,82,Garay,82035,4000,3720,10416,2800
4220,soja 1ra,2016,2016/17,Santa Fe,82,General López,82042,310920,303920,1154896,3800
4221,soja 1ra,2016,2016/17,Santa Fe,82,General Obligado,82049,49200,47200,127440,2700
4222,soja 1ra,2016,2016/17,Santa Fe,82,Iriondo,82056,162600,159600,686280,4300
4223,soja 1ra,2016,2016/17,Santa Fe,82,La Capital,82063,40000,39440,122264,3100
4224,soja 1ra,2016,2016/17,Santa Fe,82,Las Colonias,82070,98450,93970,300704,3200
4225,soja 1ra,2016,2016/17,Santa Fe,82,9 de Julio,82077,59800,52300,209200,4000
4226,soja 1ra,2016,2016/17,Santa Fe,82,Rosario,82084,76400,74800,284240,3800
4227,soja 1ra,2016,2016/17,Santa Fe,82,San Cristóbal,82091,129000,128272,384816,3000
4228,soja 1ra,2016,2016/17,Santa Fe,82,San Javier,82098,6000,6000,17400,2900
4229,soja 1ra,2016,2016/17,Santa Fe,82,San Jerónimo,82105,133600,127100,482980,3800
4230,soja 1ra,2016,2016/17,Santa Fe,82,San Justo,82112,117000,115768,358881,3100
4231,soja 1ra,2016,2016/17,Santa Fe,82,San Lorenzo,82119,109300,107100,417690,3900
4232,soja 1ra,2016,2016/17,Santa Fe,82,San Martín,82126,207700,199900,699650,3500
4233,soja 1ra,2016,2016/17,Santa Fe,82,Vera,82133,22000,22000,74800,3400
4234,soja 1ra,2016,2016/17,Santiago del Estero,86,Aguirre,86007,4240,4240,15264,3600
4235,soja 1ra,2016,2016/17,Santiago del Estero,86,Alberdi,86014,59720,59720,232908,3900
4236,soja 1ra,2016,2016/17,Santiago del Estero,86,Avellaneda,86028,3500,3380,11492,3400
4237,soja 1ra,2016,2016/17,Santiago del Estero,86,Banda,86035,3050,3050,9150,3000
4238,soja 1ra,2016,2016/17,Santiago del Estero,86,Belgrano,86042,29470,28946,107102,3700
4239,soja 1ra,2016,2016/17,Santiago del Estero,86,Capital,86049,2550,2550,8925,3500
4240,soja 1ra,2016,2016/17,Santiago del Estero,86,Copo,86056,8500,8370,25947,3100
4241,soja 1ra,2016,2016/17,Santiago del Estero,86,Choya,86063,6000,6000,16800,2800
4242,soja 1ra,2016,2016/17,Santiago del Estero,86,Figueroa,86070,1000,1000,2800,2800
4243,soja 1ra,2016,2016/17,Santiago del Estero,86,General Taboada,86077,112550,110652,431542,3900
4244,soja 1ra,2016,2016/17,Santiago del Estero,86,Guasayán,86084,2625,2625,7875,3000
4245,soja 1ra,2016,2016/17,Santiago del Estero,86,Jiménez,86091,17377,17377,60821,3500
4246,soja 1ra,2016,2016/17,Santiago del Estero,86,Juan F. Ibarra,86098,63390,63145,221008,3500
4247,soja 1ra,2016,2016/17,Santiago del Estero,86,Loreto,86105,2000,2000,6000,3000
4248,soja 1ra,2016,2016/17,Santiago del Estero,86,Mitre,86112,10250,10250,35875,3500
4249,soja 1ra,2016,2016/17,Santiago del Estero,86,Moreno,86119,213785,213434,768363,3600
4250,soja 1ra,2016,2016/17,Santiago del Estero,86,Pellegrini,86133,12770,12770,44695,3500
